"Rank","Player","Team","Positions","ESPN","CBS","Yahoo","RTS","NFBC","FT","AVG"
"1","Aaron Judge","NYY","CF,RF,DH","3","1","3","1","5","1","1.8"
"2","Trea Turner","PHI","SS","10","5","2","2","1","3","2.6"
"3","Ronald Acuna Jr.","ATL","RF,DH","28","3","1","4","2","4","2.8"
"4","Jose Ramirez","CLE","3B,DH","4","2","4","3","3","2","3.2"
"5","Julio Rodriguez","SEA","CF","21","4","5","5","4","7","5.0"
"6","Juan Soto","SD","RF","2","6","9","8","9","5","7.4"
"7","Kyle Tucker","HOU","RF","11","9","6","6","6","10","7.4"
"8","Shohei Ohtani","LAA","SP,DH","1","7","52","19","8","15","10.0"
"9","Mookie Betts","LAD","2B,RF","9","10","7","10","11","11","10.2"
"10","Yordan Alvarez","HOU","LF,DH","14","8","12","7","10","12","11.2"
"11","Freddie Freeman","LAD","1B","8","12","11","11","13","9","11.2"
"12","Vladimir Guerrero Jr.","TOR","1B,DH","6","11","8","12","12","14","11.4"
"13","Corbin Burnes","MIL","SP","7","24","13","17","16","6","11.8"
"14","Manny Machado","SD","3B","12","13","15","13","14","13","13.0"
"15","Bobby Witt Jr.","KC","3B,SS","43","18","16","9","7","29","15.8"
"16","Gerrit Cole","NYY","SP","5","22","14","23","18","8","17.0"
"17","Bo Bichette","TOR","SS","37","19","18","16","15","25","18.6"
"18","Pete Alonso","NYM","1B,DH","18","20","21","15","19","18","19.2"
"19","Fernando Tatis Jr.","SD","SS","31","15","22","14","17","32","19.8"
"20","Mike Trout","LAA","CF","23","16","17","22","21","19","20.4"
"21","Paul Goldschmidt","STL","1B,DH","27","21","19","20","23","22","21.0"
"22","Rafael Devers","BOS","3B","24","14","20","21","20","24","21.8"
"23","Austin Riley","ATL","3B","42","17","33","18","22","23","22.6"
"24","Sandy Alcantara","MIA","SP","15","26","23","24","27","16","23.2"
"25","Jacob deGrom","TEX","SP","20","34","24","32","29","27","29.2"
"26","Marcus Semien","TEX","2B,SS","26","29","29","25","32","30","29.2"
"27","Michael Harris II","ATL","CF","68","23","26","26","26","46","29.4"
"28","Jose Altuve","HOU","2B","19","25","25","33","35","38","31.2"
"29","Nolan Arenado","STL","3B","33","28","35","28","33","40","31.4"
"30","Francisco Lindor","NYM","SS","34","31","37","31","30","35","32.2"
"31","Spencer Strider","ATL","SP,RP","38","45","27","34","31","36","33.2"
"32","Aaron Nola","PHI","SP","16","42","32","43","38","17","34.4"
"33","Edwin Diaz","NYM","RP","48","48","28","29","24","71","35.4"
"34","J.T. Realmuto","PHI","C","64","33","45","27","25","48","35.6"
"35","Shane McClanahan","TB","SP","29","36","36","39","40","21","36.0"
"36","Justin Verlander","NYM","SP","17","37","34","37","44","33","37.0"
"37","Emmanuel Clase","CLE","RP","51","43","30","35","28","68","37.4"
"38","Randy Arozarena","TB","LF,RF,DH","87","30","42","30","36","52","38.0"
"39","Brandon Woodruff","MIL","SP","39","41","40","40","34","28","38.8"
"40","Max Scherzer","NYM","SP","13","38","31","38","51","39","39.4"
"41","Matt Olson","ATL","1B","30","46","39","36","42","37","40.0"
"42","Kyle Schwarber","PHI","LF","50","35","44","41","52","34","40.8"
"43","Dylan Cease","CWS","SP","35","53","38","46","39","20","42.2"
"44","Carlos Rodon","NYY","SP","25","44","48","47","46","31","43.2"
"45","Luis Robert","CWS","CF","81","32","46","44","45","66","46.6"
"46","Cedric Mullins II","BAL","CF","70","40","53","42","47","57","47.8"
"47","Jazz Chisholm Jr.","MIA","2B","119","39","56","48","43","56","48.4"
"48","Ozzie Albies","ATL","2B","45","27","49","49","49","55","49.4"
"49","Shane Bieber","CLE","SP","22","50","47","53","57","41","49.6"
"50","Alek Manoah","TOR","SP","44","51","57","57","65","42","50.2"
"51","Julio Urias","LAD","SP","49","55","41","52","54","44","50.8"
"52","Josh Hader","SD","RP","71","54","43","50","41","105","51.8"
"53","Zack Wheeler","PHI","SP","41","52","55","56","53","45","52.2"
"54","Daulton Varsho","TOR","C,CF,RF","66","47","73","45","37","88","53.6"
"55","Corey Seager","TEX","SS","32","49","50","54","61","58","54.4"
"56","Will Smith","LAD","C,DH","47","57","79","55","50","782","57.6"
"57","Devin Williams","MIL","RP","65","59","54","59","55","142","58.4"
"58","Max Fried","ATL","SP","55","60","58","67","68","54","58.8"
"59","Adolis Garcia","TEX","CF,RF,DH","148","64","66","51","56","62","59.8"
"60","Luis Castillo","SEA","SP","46","66","63","72","62","53","63.2"
"61","George Springer","TOR","CF,RF,DH","56","58","68","68","79","67","63.4"
"62","Adley Rutschman","BAL","C,DH","63","68","82","60","58","73","64.4"
"63","Kevin Gausman","TOR","SP","36","74","65","73","63","49","64.8"
"64","Yu Darvish","SD","SP","52","88","64","78","81","50","65.0"
"65","Teoscar Hernandez","SEA","RF","124","71","62","63","66","70","66.4"
"66","Cristian Javier","HOU","SP,RP","67","82","71","64","67","65","66.8"
"67","Alex Bregman","HOU","3B","40","70","78","62","75","51","67.2"
"68","Jordan Romano","TOR","RP","94","85","51","58","48","121","67.2"
"69","Starling Marte","NYM","RF","137","62","59","66","78","87","70.4"
"70","Zac Gallen","ARI","SP","60","78","74","74","71","47","71.4"
"71","Eloy Jimenez","CWS","LF,DH","102","56","81","71","73","76","71.4"
"72","Ryan Pressly","HOU","RP","97","91","60","61","59","148","73.6"
"73","Oneil Cruz","PIT","SS","130","63","75","82","70","83","74.6"
"74","Salvador Perez","KC","C,DH","122","73","67","70","60","107","75.4"
"75","Framber Valdez","HOU","SP","58","86","76","75","84","43","75.8"
"76","Dansby Swanson","CHC","SS","79","75","83","69","76","60","76.4"
"77","Xander Bogaerts","SD","SS","74","67","61","87","85","74","77.4"
"78","Joe Musgrove","SD","SP","57","84","87","84","80","59","78.8"
"79","Jose Abreu","HOU","1B,DH","62","83","70","85","96","137","79.2"
"80","Raisel Iglesias","ATL","RP","85","93","80","76","64","196","79.6"
"81","Tommy Edman","STL","2B,SS","86","76","84","65","72","80","79.6"
"82","Bryan Reynolds","PIT","CF","61","69","89","81","88","84","82.2"
"83","Corbin Carroll","ARI","LF","90","65","86","79","69","90","82.8"
"84","Felix Bautista","BAL","RP","99","90","77","88","74","180","85.6"
"85","Andres Gimenez","CLE","2B,SS","153","79","96","77","82","94","85.6"
"86","Tyler Glasnow","TB","SP","59","87","93","96","87","72","87.0"
"87","Wander Franco","TB","SS","53","72","97","91","86","91","87.4"
"88","Byron Buxton","MIN","CF,DH","169","77","91","93","100","79","88.0"
"89","Ryan Helsley","STL","RP","121","96","69","80","77","157","88.6"
"90","Robbie Ray","SEA","SP","54","98","92","94","99","63","89.2"
"91","Triston McKenzie","CLE","SP","73","97","98","89","92","64","89.8"
"92","Tim Anderson","CWS","SS","173","81","72","99","90","114","91.2"
"93","Vinnie Pasquantino","KC","1B,DH","72","80","100","98","93","97","93.6"
"94","Gunnar Henderson","BAL","3B,SS","111","61","90","86","91","92","94.0"
"95","Kenley Jansen","BOS","RP","123","103","85","83","83","160","95.4"
"96","Nestor Cortes Jr.","NYY","SP","82","124","101","103","111","89","97.2"
"97","Willy Adames","MIL","SS","109","95","99","90","97","81","98.0"
"98","Nathaniel Lowe","TEX","1B","118","89","113","95","101","98","99.2"
"99","Logan Webb","SF","SP","69","109","111","100","109","78","101.4"
"100","Carlos Correa","MIN","SS","77","94","103","106","112","103","103.6"
"101","Alejandro Kirk","TOR","C,DH","108","100","130","107","95","111","104.2"
"102","Logan Gilbert","SEA","SP","78","102","121","115","106","77","104.4"
"103","Camilo Doval","SF","RP","138","108","95","92","89","171","104.4"
"104","Rhys Hoskins","PHI","1B","92","99","114","111","117","86","106.6"
"105","Tyler O'Neill","STL","LF,CF","195","106","104","108","102","113","106.6"
"106","Kyle Wright","ATL","SP","88","110","108","112","116","69","106.8"
"107","MJ Melendez","KC","C,LF,RF,DH","101","152","115","109","98","125","109.6"
"108","Willson Contreras","STL","C,DH","141","115","110","105","94","129","110.6"
"109","Luis Severino","NYY","SP","114","113","102","121","108","95","111.6"
"110","Clayton Kershaw","LAD","SP","105","112","88","116","128","100","112.2"
"111","Jeremy Pena","HOU","SS","176","101","105","127","105","133","114.2"
"112","Steven Kwan","CLE","LF,RF","75","118","119","120","114","109","116.0"
"113","George Kirby","SEA","SP","113","107","136","124","103","82","116.6"
"114","Blake Snell","SD","SP","80","111","123","131","121","99","117.0"
"115","Christian Walker","ARI","1B","116","133","160","104","134","104","118.2"
"116","Seiya Suzuki","CHC","RF","154","116","116","138","104","118","118.4"
"117","Jake McCarthy","ARI","LF,CF,RF","197","117","109","110","118","153","121.4"
"118","Hunter Greene","CIN","SP","117","119","138","130","107","93","122.2"
"119","Giancarlo Stanton","NYY","RF,DH","177","122","107","132","141","110","122.4"
"120","Anthony Santander","BAL","LF,RF,DH","76","141","135","102","130","108","123.2"
"121","Christian Yelich","MIL","LF,DH","128","126","122","117","124","85","123.4"
"122","Bryce Harper","PHI","RF,DH","163","92","94","119","152","26","124.0"
"123","Gleyber Torres","NYY","2B","135","129","118","123","110","120","125.0"
"124","Chris Bassitt","TOR","SP","98","181","137","142","153","96","125.2"
"125","Kris Bryant","COL","LF","100","114","124","129","127","139","126.6"
"126","Nick Lodolo","CIN","SP","96","125","142","139","132","101","127.8"
"127","Anthony Rizzo","NYY","1B","115","120","125","136","148","150","128.8"
"128","C.J. Cron","COL","1B,DH","139","135","126","113","123","124","129.4"
"129","Sean Murphy","ATL","C,DH","131","134","171","114","119","154","130.4"
"130","William Contreras","MIL","C,DH","191","131","148","97","113","168","131.4"
"131","Tony Gonsolin","LAD","SP","134","128","129","140","172","127","131.6"
"132","Nick Castellanos","PHI","RF","136","144","106","133","125","134","134.4"
"133","Taylor Ward","LAA","CF,RF","129","139","146","134","126","115","134.8"
"134","Lance Lynn","CWS","SP","107","145","143","145","136","106","135.2"
"135","Amed Rosario","CLE","SS,LF","126","177","150","137","122","143","135.6"
"136","Max Muncy","LAD","2B,3B,DH","127","104","139","149","138","126","135.8"
"137","Clay Holmes","NYY","RP","192","138","117","118","115","253","136.0"
"138","David Bednar","PIT","RP","190","137","112","125","120","248","136.8"
"139","Jesus Luzardo","MIA","SP","179","130","140","157","145","117","137.8"
"140","Freddy Peralta","MIL","SP","152","132","133","150","140","112","141.4"
"141","Andrew Vaughn","CWS","1B,LF,RF,DH","157","127","147","147","139","144","146.8"
"142","Scott Barlow","KC","RP","162","183","120","143","131","243","147.8"
"143","Eugenio Suarez","SEA","3B","202","188","141","144","146","122","148.2"
"144","Hunter Renfroe","LAA","RF","178","146","164","146","143","146","149.0"
"145","Daniel Bard","COL","RP","184","176","131","122","133","227","149.2"
"146","Lucas Giolito","CWS","SP","93","160","144","177","150","116","149.4"
"147","Dustin May","LAD","SP","207","136","157","169","157","131","150.0"
"148","Joe Ryan","MIN","SP","140","165","149","154","144","119","150.4"
"149","Jose Miranda","MIN","1B,3B,DH","145","142","162","159","147","206","151.0"
"150","Brandon Lowe","TB","2B","158","143","145","180","161","151","151.6"
"151","Chris Sale","BOS","SP","143","150","163","176","160","155","154.2"
"152","Pablo Lopez","MIN","SP","91","163","151","174","162","123","154.6"
"153","Jhoan Duran","MIN","RP","205","149","132","155","135","273","155.2"
"154","Jorge Polanco","MIN","2B","146","123","158","172","154","147","155.4"
"155","Mitch Haniger","SF","RF","212","156","134","166","169","158","156.6"
"156","Alexis Diaz","CIN","RP","201","162","127","152","142","298","156.8"
"157","Matt Chapman","TOR","3B","147","155","169","162","156","128","157.8"
"158","Jordan Montgomery","STL","SP","125","213","192","168","165","140","158.0"
"159","Ian Happ","CHC","LF","186","208","165","160","149","135","159.0"
"160","Rowdy Tellez","MIL","1B","150","157","210","173","168","156","160.8"
"161","Ty France","SEA","1B,3B","110","148","156","165","167","172","161.6"
"162","Charlie Morton","ATL","SP","103","167","161","175","171","141","163.0"
"163","Brandon Nimmo","NYM","CF","95","195","172","153","170","130","164.0"
"164","Jake Cronenworth","SD","1B,2B,SS","83","164","159","191","186","132","166.4"
"165","Vaughn Grissom","ATL","2B","160","140","182","182","176","213","168.0"
"166","Jeffrey Springs","TB","SP,RP","159","151","173","178","173","159","168.4"
"167","Andres Munoz","SEA","RP","172","179","152","179","163","312","169.0"
"168","Ryan Mountcastle","BAL","1B,DH","180","175","167","161","155","169","170.4"
"169","Tyler Stephenson","CIN","C","199","170","175","141","129","181","173.2"
"170","Cal Raleigh","SEA","C","232","180","201","156","151","185","174.6"
"171","Josh Bell","CLE","1B,DH","89","168","187","163","181","178","175.4"
"172","Paul Sewald","SEA","RP","198","154","174","171","190","334","177.4"
"173","Liam Hendriks","CWS","RP","257","306","153","126","261","102","179.8"
"174","Javier Baez","DET","SS","220","166","179","208","159","191","180.6"
"175","Cody Bellinger","CHC","CF","215","194","178","164","183","184","180.6"
"176","Drew Rasmussen","TB","SP","155","196","183","190","175","161","181.0"
"177","Alex Verdugo","BOS","LF,RF","144","242","195","206","197","165","181.4"
"178","Grayson Rodriguez","BAL","SP","233","173","176","197","193","177","183.2"
"179","Oscar Gonzalez","CLE","RF","213","182","189","183","177","187","183.6"
"180","Alec Bohm","PHI","1B,3B","181","246","206","185","180","173","185.0"
"181","Jeff McNeil","NYM","2B,LF,RF","112","218","168","170","184","186","185.2"
"182","Brady Singer","KC","SP","120","228","184","196","185","145","187.6"
"183","Lance McCullers Jr.","HOU","SP","165","189","185","202","200","149","188.2"
"184","Riley Greene","DET","CF","241","159","213","203","195","175","189.0"
"185","Whit Merrifield","TOR","2B,CF,RF","200","205","128","128","187","230","190.0"
"186","Nico Hoerner","CHC","SS","188","185","215","181","137","183","190.4"
"187","Brandon Drury","LAA","1B,2B,3B,DH","189","220","170","151","189","195","192.6"
"188","J.D. Martinez","LAD","DH","151","207","188","187","210","179","194.2"
"189","Lars Nootbaar","STL","LF,CF,RF","248","186","214","192","188","199","195.8"
"190","Merrill Kelly","ARI","SP","149","244","368","215","236","138","196.4"
"191","DJ LeMahieu","NYY","1B,2B,3B","156","200","166","258","244","217","196.6"
"192","Jonathan India","CIN","2B","210","187","196","214","178","170","197.0"
"193","Pete Fairbanks","TB","RP","225","172","191","193","204","373","197.0"
"194","Masataka Yoshida","BOS","LF","104","198","236","194","257","348","197.8"
"195","Ketel Marte","ARI","2B,DH","132","121","228","244","203","194","200.2"
"196","Ke'Bryan Hayes","PIT","3B","214","221","181","205","164","188","201.8"
"197","Harrison Bader","NYY","CF","224","202","198","184","166","202","202.0"
"198","Thairo Estrada","SF","2B,SS,LF","208","232","202","148","174","197","202.6"
"199","Patrick Sandoval","LAA","SP","203","233","327","212","206","167","204.2"
"200","Luis Arraez","MIA","1B,2B,DH","84","204","203","207","202","207","204.6"
"201","Triston Casas","BOS","1B","183","158","344","223","227","236","205.4"
"202","Jon Gray","TEX","SP","164","216","222","232","194","152","205.6"
"203","Danny Jansen","TOR","C","196","212","423","201","179","244","206.4"
"204","Jose Leclerc","TEX","RP","249","199","190","210","198","389","209.2"
"205","Joey Meneses","WSH","1B,RF","243","210","186","158","192","228","211.8"
"206","Keibert Ruiz","WSH","C","170","300","258","200","182","256","213.2"
"207","Tyler Anderson","LAA","SP","182","292","242","216","265","163","213.6"
"208","Jack Flaherty","STL","SP","227","201","338","224","218","205","215.0"
"209","Jose Berrios","TOR","SP","142","211","219","264","224","164","216.4"
"210","Trevor Story","BOS","2B","301","249","180","101","260","75","218.2"
"211","Anthony Rendon","LAA","3B","187","217","200","217","234","224","218.4"
"212","Josh Rojas","ARI","2B,3B","235","253","323","230","199","192","221.8"
"213","Miles Mikolas","STL","SP","204","261","218","218","223","162","224.8"
"214","Craig Kimbrel","PHI","RP","218","169","197","226","318","497","225.6"
"215","Andrew Heaney","TEX","SP","211","239","239","229","214","190","226.4"
"216","Alex Cobb","SF","SP","168","263","425","272","230","200","226.6"
"217","Josh Naylor","CLE","1B,RF,DH","175","273","332","259","213","215","227.0"
"218","Edward Cabrera","MIA","SP","264","245","205","269","212","212","227.6"
"219","Reid Detmers","LAA","SP","296","226","418","249","207","176","230.8"
"220","Adalberto Mondesi","BOS","SS","310","224","208","189","243","297","232.2"
"221","Ryan McMahon","COL","2B,3B","286","274","346","209","205","189","232.6"
"222","Seth Brown","OAK","1B,LF,CF,RF","268","262","416","213","201","221","233.0"
"223","Ranger Suarez","PHI","SP","193","254","321","234","280","211","234.4"
"224","Josh Jung","TEX","3B","240","190","252","262","209","210","234.6"
"225","Brendan Rodgers","COL","2B","171","209","427","321","254","219","234.8"
"226","Andrew Benintendi","CWS","LF","230","270","293","254","216","209","235.8"
"227","Travis d'Arnaud","ATL","C","262","229","270","188","196","235","238.4"
"228","Justin Turner","BOS","3B,DH","166","215","220","233","267","269","240.8"
"229","Jose Urquidy","HOU","SP","242","252","226","299","266","220","241.2"
"230","Nathan Eovaldi","TEX","SP","174","266","391","315","239","214","241.6"
"231","Sonny Gray","MIN","SP","251","264","254","228","215","182","242.4"
"232","Evan Phillips","LAD","RP","239","250","253","195","278","396","243.0"
"233","Joc Pederson","SF","LF,RF","282","230","396","255","229","225","244.2"
"234","Jesse Winker","MIL","LF","226","225","370","247","268","259","245.0"
"235","Jorge Lopez","MIN","RP","263","308","204","198","253","343","245.2"
"236","Jordan Walker","STL","3B","275","161","421","221","246","326","245.8"
"237","Kendall Graveman","CWS","RP","206","192","229","239","363","826","245.8"
"238","Jorge Mateo","BAL","SS","309","282","420","199","211","229","246.0"
"239","Gavin Lux","LAD","2B,LF","229","243","276","301","220","267","247.0"
"240","Kolten Wong","SEA","2B","294","234","428","220","242","249","247.8"
"241","Jameson Taillon","CHC","SP","209","289","375","309","247","198","250.4"
"242","Michael Conforto","SF","LF,RF","333","235","382","225","221","238","250.4"
"243","Lourdes Gurriel Jr.","ARI","LF","313","257","388","241","219","226","251.2"
"244","Ezequiel Tovar","COL","SS","279","153","415","289","248","301","254.0"
"245","Tyler Mahle","MIN","SP","161","318","436","311","282","203","255.0"
"246","Aaron Ashby","MIL","SP,RP","364","268","240","319","232","216","255.0"
"247","Jean Segura","MIA","2B","256","267","424","256","228","270","255.4"
"248","Sean Manaea","SF","SP","185","278","371","265","306","246","256.0"
"249","Frankie Montas","NYY","SP","245","265","251","271","250","166","256.4"
"250","Hunter Brown","HOU","SP,RP","280","203","266","240","249","247","256.4"
"251","Ramon Laureano","OAK","CF,RF","366","241","431","251","208","222","257.6"
"252","Francisco Alvarez","NYM","C,DH","400","206","233","219","348","303","261.8"
"253","CJ Abrams","WSH","2B,SS","247","255","419","314","222","278","263.2"
"254","Adam Wainwright","STL","SP","216","370","209","334","327","237","264.6"
"255","Carlos Carrasco","NYM","SP","270","259","387","278","299","218","264.8"
"256","Bryan De La Cruz","MIA","LF,CF,RF","360","251","433","227","225","263","265.2"
"257","Trey Mancini","CHC","1B,LF,RF,DH","260","284","296","273","255","255","265.4"
"258","Michael Kopech","CWS","SP","217","283","389","317","283","233","266.6"
"259","Christian Vazquez","MIN","C,1B","283","301","280","235","240","344","267.8"
"260","Jon Berti","MIA","2B,3B,SS,LF","303","296","224","186","259","264","269.2"
"261","Luis Urias","MIL","2B,3B,SS","219","276","377","337","233","281","269.2"
"262","Alex Lange","DET","RP","342","223","221","222","351","760","271.8"
"263","Cal Quantrill","CLE","SP","221","293","275","270","305","201","272.8"
"264","Seranthony Dominguez","PHI","RP","299","303","227","292","245","349","273.2"
"265","Gabriel Moreno","ARI","C","255","297","345","238","235","382","274.0"
"266","Austin Hays","BAL","LF,RF","237","330","400","308","258","242","275.0"
"267","Christopher Morel","CHC","2B,3B,SS,CF","367","331","331","243","238","234","275.4"
"268","Gregory Soto","PHI","RP","304","","245","211","288","330","275.6"
"269","Marcus Stroman","CHC","SP","246","312","422","341","264","223","277.2"
"270","Bryson Stott","PHI","2B,SS","258","337","426","318","217","260","278.0"
"271","Dylan Floro","MIA","RP","266","222","383","252","279","476","280.4"
"272","Giovanny Gallegos","STL","RP","238","342","223","305","295","388","280.6"
"273","Ross Stripling","SF","SP,RP","272","310","289","268","304","275","281.6"
"274","Austin Meadows","DET","LF,RF","281","291","329","280","270","295","283.4"
"275","Garrett Whitlock","BOS","SP,RP","273","","271","307","281","287","283.8"
"276","Esteury Ruiz","OAK","LF","261","290","340","245","286","446","284.4"
"277","Trevor Rogers","MIA","SP","396","271","414","326","237","204","286.8"
"278","Jonah Heim","TEX","C","307","363","386","257","226","285","287.6"
"279","Charlie Blackmon","COL","RF,DH","295","247","312","290","275","266","287.6"
"280","Martin Perez","TEX","SP","228","272","342","300","298","174","288.0"
"281","Yasmani Grandal","CWS","C,DH","297","238","313","263","252","321","289.2"
"282","Wil Myers","CIN","1B,LF,RF","278","197","402","237","334","474","289.6"
"283","Brendan Donovan","STL","1B,2B,3B,SS,LF,RF","271","304","287","282","314","331","291.6"
"284","Kodai Senga","NYM","SP","167","147","193","","191","","174.5"
"285","Spencer Torkelson","DET","1B","274","219","294","332","294","276","294.0"
"286","Aroldis Chapman","KC","RP","234","362","238","303","341","411","295.6"
"287","Andrew McCutchen","PIT","LF,RF,DH","253","","297","248","384","300","296.4"
"288","Mike Yastrzemski","SF","CF,RF","284","325","320","276","355","283","297.6"
"289","Miguel Vargas","LAD","1B","254","178","348","294","263","337","299.2"
"290","Taijuan Walker","PHI","SP","292","367","337","312","303","261","301.0"
"291","Brandon Marsh","PHI","LF,CF","334","298","326","246","274","279","302.2"
"292","Yandy Diaz","TB","1B,3B","133","286","412","313","269","232","302.4"
"293","Walker Buehler","LAD","SP","338","184","155","286","860","550","302.6"
"294","Rafael Montero","HOU","RP","289","256","295","354","319","447","302.6"
"295","Ha-Seong Kim","SD","3B,SS","288","333","404","442","251","254","306.0"
"296","Oscar Colas","CWS","CF","267","237","390","296","347","463","307.4"
"297","Jarred Kelenic","SEA","CF,RF","","279","353","338","285","288","308.6"
"298","Logan O'Hoppe","LAA","C","","269","430","275","231","341","309.2"
"299","Nolan Gorman","STL","2B","391","305","284","267","390","311","311.4"
"300","Justin Steele","CHC","SP","325","366","429","344","276","252","312.6"
"301","Oswald Peraza","NYY","SS","311","275","417","260","340","379","313.0"
"302","Taylor Rogers","SF","RP","353","","230","306","313","366","313.6"
"303","Yoan Moncada","CWS","3B","323","321","376","351","293","286","314.8"
"304","Roansy Contreras","PIT","SP","370","317","408","352","284","257","316.0"
"305","Jared Walsh","LAA","1B","413","355","282","266","346","332","316.2"
"306","Joey Gallo","MIN","LF,RF","346","","328","236","369","305","316.8"
"307","Randal Grichuk","COL","CF,RF","351","319","364","288","241","262","316.8"
"308","Mark Canha","NYM","LF,CF","290","","354","364","337","245","318.0"
"309","Brayan Bello","BOS","SP","359","295","349","","320","280","320.6"
"310","Joey Bart","SF","C","378","287","322","310","307","377","320.6"
"311","Noah Syndergaard","LAD","SP","244","309","333","302","322","347","322.6"
"312","Mike Clevinger","CWS","SP","345","","274","325","352","319","323.0"
"313","Marcell Ozuna","ATL","LF,DH","326","378","281","","323","308","323.2"
"314","Oswaldo Cabrera","NYY","LF,RF","327","334","367","336","316","307","324.0"
"315","Eric Haase","DET","C,LF","430","389","311","291","272","360","324.6"
"316","Alex Kirilloff","MIN","1B,LF","","231","397","324","343","336","326.2"
"317","Jason Adam","TB","RP","231","","298","295","317","495","327.2"
"318","Eduardo Escobar","NYM","3B","314","","361","293","349","320","327.4"
"319","Dylan Carlson","STL","CF,RF","312","344","351","320","311","282","327.6"
"320","Garrett Mitchell","MIL","CF","","345","308","347","297","342","327.8"
"321","Aaron Civale","CLE","SP","321","365","306","387","339","314","329.0"
"322","Corey Kluber","BOS","SP","269","","292","362","400","333","331.2"
"323","Chris Taylor","LAD","2B,LF,CF,RF","320","361","343","370","310","325","331.8"
"324","Trent Grisham","SD","CF","369","316","307","368","301","274","332.2"
"325","Carlos Estevez","LAA","RP","420","299","352","277","326","","334.8"
"326","Gio Urshela","LAA","3B","365","","411","231","359","316","336.4"
"327","Jose Quintana","NYM","SP","259","332","378","339","332","302","336.6"
"328","Jose Trevino","NYY","C","285","400","264","","328","408","337.0"
"329","Kike Hernandez","BOS","2B,SS,CF","277","","300","398","377","351","340.6"
"330","Myles Straw","CLE","CF","388","","315","285","409","323","344.0"
"331","Michael Brantley","HOU","LF,DH","250","323","260","385","371","383","344.4"
"332","Andrew Painter","PHI","SP","318","191","385","279","356","385","344.6"
"333","Kenta Maeda","MIN","SP","361","348","339","349","333","306","346.0"
"334","Eric Lauer","MIL","SP","352","359","434","331","262","193","347.6"
"335","Josh Donaldson","NYY","3B,DH","287","","310","375","425","350","349.4"
"336","Jorge Soler","MIA","LF","394","260","405","376","289","290","350.8"
"337","Adam Duvall","BOS","LF,CF,RF","252","","302","287","427","493","352.2"
"338","Joey Votto","CIN","1B","322","","290","367","396","393","353.6"
"339","Luis Rengifo","LAA","2B,3B,SS","479","","399","343","287","265","354.6"
"340","Eduardo Rodriguez","DET","SP","319","377","356","392","331","268","355.0"
"341","J.P. Crawford","SEA","SS","276","397","237","356","416","338","356.6"
"342","Brandon Hughes","CHC","RP","499","281","325","333","350","551","357.6"
"343","Zach Eflin","TB","SP,RP","373","336","357","","308","418","358.4"
"344","German Marquez","COL","SP","300","","406","402","421","271","360.0"
"345","Mike Soroka","ATL","SP","324","","410","345","373","361","362.6"
"346","Jimmy Herget","LAA","RP","","343","407","323","366","380","363.8"
"347","Patrick Wisdom","CHC","1B,3B,RF","408","369","341","298","404","284","364.0"
"348","Kyle Finnegan","WSH","RP","443","240","381","322","256","421","364.6"
"349","Matt Carpenter","SD","RF,DH","402","288","","261","449","423","364.6"
"350","A.J. Minter","ATL","RP","222","","304","360","447","496","365.8"
"351","Michael Wacha","SD","SP","349","","413","330","411","340","368.6"
"352","Trevor Bauer","","SP","316","","250","204","386","701","371.4"
"353","Austin Nola","SD","C","293","","319","436","375","445","373.6"
"354","Anthony Volpe","NYY","SS","418","","360","329","389","395","378.2"
"355","James Karinchak","CLE","RP","398","","334","403","361","397","378.6"
"356","Daniel Hudson","LAD","RP","","236","362","281","342","673","378.8"
"357","Joey Wendle","MIA","2B,3B,SS","356","","314","430","385","425","382.0"
"358","Tarik Skubal","DET","SP","467","","303","353","434","362","383.8"
"359","Brandon Crawford","SF","SS","315","341","277","420","424","427","385.4"
"360","Luke Voit","","1B,DH","482","","366","393","393","294","385.6"
"361","Ian Anderson","ATL","SP","425","","278","327","484","422","387.2"
"362","Yuli Gurriel","","1B","341","","199","373","576","453","388.4"
"363","Nelson Cruz","SD","DH","343","380","335","452","541","442","390.4"
"364","Eric Hosmer","CHC","1B","390","","269","410","491","399","391.8"
"365","Isiah Kiner-Falefa","NYY","SS","371","","384","428","446","357","397.2"
"366","Gary Sanchez","","C,DH","302","","261","","335","328","306.5"
"367","Adam Frazier","BAL","2B,LF,RF","317","","336","427","475","441","399.2"
"368","Bo Naylor","CLE","C","","324","","274","296","339","308.3"
"369","Hunter Dozier","KC","1B,3B,LF,RF,DH","340","","330","421","451","465","401.4"
"370","Drey Jameson","ARI","SP","","322","","316","338","277","313.3"
"371","Shea Langeliers","OAK","C,DH","","","350","242","330","335","314.3"
"372","Tommy Pham","NYM","LF","","","372","284","364","241","315.3"
"373","Bailey Ober","MIN","SP","","","432","304","277","251","316.0"
"374","Luis Garcia","HOU","SP","","193","154","","158","768","318.3"
"375","Marco Gonzales","SEA","SP","472","399","369","444","485","358","408.4"
"376","Jonathan Schoop","DET","2B","401","384","232","355","454","469","412.6"
"377","Mark Melancon","ARI","RP","419","","194","328","514","618","414.6"
"378","Brandon Belt","TOR","1B","489","258","273","406","418","488","414.8"
"379","Nick Pivetta","BOS","SP","265","","401","","402","239","326.8"
"380","Nicky Lopez","KC","2B,3B,SS","357","","291","358","495","577","415.6"
"381","Jake Fraley","CIN","LF,CF,RF","456","311","","","290","272","332.3"
"382","Eddie Rosario","ATL","LF,RF","339","314","","429","502","514","419.6"
"383","MacKenzie Gore","WSH","SP","","313","","342","374","304","333.3"
"384","James Outman","LAD","LF","424","354","","335","465","539","423.4"
"385","Isaac Paredes","TB","1B,2B,3B","329","339","","","336","354","339.5"
"386","Manuel Margot","TB","LF,CF,RF","382","383","","","291","317","343.3"
"387","Elias Diaz","COL","C","","374","","253","324","431","345.5"
"388","Yusei Kikuchi","TOR","SP,RP","362","373","","359","544","515","430.6"
"389","Tylor Megill","NYM","SP,RP","","","305","434","391","258","347.0"
"390","Avisail Garcia","MIA","RF","","326","","371","329","365","347.8"
"391","Juan Yepez","STL","1B,LF,RF","","356","394","","300","345","348.8"
"392","David Robertson","NYM","RP","328","","241","","423","424","354.0"
"393","Alex Wood","SF","SP","","349","","382","358","327","354.0"
"394","Mitch Garver","TEX","C,DH","","357","","297","394","384","358.0"
"395","Christian Bethancourt","TB","C,1B","384","285","","","302","482","363.3"
"396","Nick Gordon","MIN","2B,SS,LF,CF","404","","435","","273","346","364.5"
"397","Max Kepler","MIN","RF","337","","","435","368","318","364.5"
"398","Robert Suarez","SD","RP","377","","246","","436","401","365.0"
"399","Domingo German","NYY","SP","372","","299","","433","359","365.8"
"400","Tanner Houck","BOS","SP,RP","463","","285","","362","356","366.5"
"401","Trevor May","OAK","RP","434","294","","340","399","","366.8"
"402","Cavan Biggio","TOR","1B,2B,RF","389","","267","433","582","567","447.6"
"403","Brusdar Graterol","LAD","RP","422","338","409","","450","639","451.6"
"404","Kyle Farmer","MIN","3B,SS","460","","317","","395","322","373.5"
"405","Franmil Reyes","","RF,DH","","","347","369","472","315","375.8"
"406","Johnny Cueto","MIA","SP","355","","286","","464","434","384.8"
"407","Carson Kelly","ARI","C","","328","","397","354","461","385.0"
"408","Carlos Santana","PIT","1B,DH","223","","","411","452","457","385.8"
"409","John Schreiber","BOS","RP","291","","177","","500","587","388.8"
"410","Jurickson Profar","","LF","194","","","","365","231","263.3"
"411","Josiah Gray","WSH","SP","478","","","412","380","289","389.8"
"412","AJ Pollock","SEA","LF,CF,RF","","347","363","","439","414","390.8"
"413","Jonathan Loaisiga","NYY","RP","447","","244","440","530","671","466.4"
"414","Matt Mervis","CHC","1B","","227","","","292","291","270.0"
"415","Michael Massey","KC","2B","468","327","","","420","375","397.5"
"416","Trayce Thompson","LAD","LF,CF,RF","393","353","","","432","432","402.5"
"417","Kyle Gibson","BAL","SP","376","","","363","456","415","402.5"
"418","Endy Rodriguez","PIT","C","451","280","","","376","509","404.0"
"419","Jeimer Candelario","WSH","3B","403","","","413","401","420","409.3"
"420","Harold Ramirez","TB","1B,RF,DH","446","","374","","381","443","411.0"
"421","Lane Thomas","WSH","LF,CF,RF","","372","","","271","240","294.3"
"422","Elly De La Cruz","CIN","3B,SS","437","","393","","422","403","413.8"
"423","Hayden Wesneski","CHC","SP","","","318","","321","250","296.3"
"424","Christian Arroyo","BOS","1B,2B,3B,SS,RF","","","309","350","503","502","416.0"
"425","Adam Ottavino","NYM","RP","387","","288","361","642","763","488.2"
"426","Santiago Espinal","TOR","2B,3B,SS","436","","301","","499","448","421.0"
"427","Spencer Steer","CIN","1B,3B","458","350","","","415","481","426.0"
"428","Shane Baz","TB","SP","","368","247","379","1070","740","560.8"
"429","Dylan Moore","SEA","2B,SS,LF,CF,RF","454","","379","","460","444","434.3"
"430","Wilmer Flores","SF","1B,2B,3B,DH","236","","392","346","952","905","566.2"
"431","Zach Plesac","CLE","SP","399","","","408","509","429","436.3"
"432","Royce Lewis","MIN","SS","","174","","","444","363","327.0"
"433","Braxton Garrett","MIA","SP","","307","","","367","313","329.0"
"434","Bobby Dalbec","BOS","1B,3B","","","272","377","523","596","442.0"
"435","Mike Zunino","CLE","C","412","","","250","414","695","442.8"
"436","Joe Barlow","TEX","RP","","","279","389","534","579","445.3"
"437","Luis Garcia","WSH","2B,SS","306","","395","","312","","337.7"
"438","Chris Flexen","SEA","SP,RP","421","","265","","614","483","445.8"
"439","Brandon Pfaadt","ARI","SP","","248","","","378","398","341.3"
"440","Jose Alvarado","PHI","RP","381","","","357","462","604","451.0"
"441","Hyun Jin Ryu","TOR","SP","405","","268","374","759","806","522.4"
"442","Luis Garcia","SD","RP","106","","","167","796","","356.3"
"443","Mitch Keller","PIT","SP","347","","","","397","299","347.7"
"444","Matthew Boyd","DET","RP","358","","","450","467","553","457.0"
"445","Yan Gomes","CHC","C","461","","","366","419","582","457.0"
"446","David Peterson","NYM","SP,RP","383","","","","398","292","357.7"
"447","Cole Irvin","BAL","SP","348","","","","429","296","357.7"
"448","Kyle Hendricks","CHC","SP","459","","","407","535","451","463.0"
"449","Brian Anderson","MIL","3B,LF,RF","441","376","","","492","546","463.8"
"450","Shintaro Fujinami","OAK","SP,RP","455","","243","","548","610","464.0"
"451","Jesus Sanchez","MIA","LF,CF","","","283","","445","372","366.7"
"452","Ken Waldichuk","OAK","SP","","351","","","387","364","367.3"
"453","Alek Thomas","ARI","CF","","340","","","410","353","367.7"
"454","Lou Trivino","NYY","RP","439","","380","414","651","756","528.0"
"455","Zack Greinke","KC","SP","298","","","390","618","568","468.5"
"456","Nick Fortes","MIA","C","","382","","","315","413","370.0"
"457","Brock Burke","TEX","RP","","329","355","","570","630","471.0"
"458","Jack Suwinski","PIT","LF,CF,RF","","302","","","453","367","374.0"
"459","Bubba Thompson","TEX","LF,CF,RF","407","","","","344","376","375.7"
"460","Brett Baty","NYM","3B","335","","","","428","370","377.7"
"461","Matt Barnes","MIA","RP","","","358","383","555","605","475.3"
"462","Elvis Andrus","","SS","","","","445","360","329","378.0"
"463","Steven Matz","STL","SP,RP","438","","","","345","352","378.3"
"464","Jose Suarez","LAA","SP","440","","","","382","324","382.0"
"465","Michael King","NYY","RP","368","","365","","584","598","478.8"
"466","Cesar Hernandez","DET","2B,3B,LF","","","249","431","711","529","480.0"
"467","David Fletcher","LAA","2B,SS","416","","","422","549","534","480.3"
"468","Tony Kemp","OAK","2B,LF","305","","","","458","402","388.3"
"469","Nick Martinez","SD","SP,RP","331","","","","406","433","390.0"
"470","Kerry Carpenter","DET","LF,RF","","320","","","392","471","394.3"
"471","Spencer Turnbull","DET","SP","","335","","","443","407","395.0"
"472","Blake Treinen","LAD","RP","","","216","439","706","601","490.5"
"473","Jackson Chourio","MIL","CF","","105","","365","750","745","491.3"
"474","Diego Castillo","SEA","RP","431","","234","","574","726","491.3"
"475","Chas McCormick","HOU","LF,CF,RF","406","","","","417","386","403.0"
"476","Rodolfo Castro","PIT","2B,3B,SS","452","","","","370","391","404.3"
"477","Hector Neris","HOU","RP","374","","316","","597","697","496.0"
"478","J.D. Davis","SF","1B,3B,DH","","","","438","405","387","410.0"
"479","Madison Bumgarner","ARI","SP","336","","","451","670","555","503.0"
"480","Anthony DeSclafani","SF","SP","","","","378","480","392","416.7"
"481","Robbie Grossman","TEX","LF,RF","380","","","381","693","569","505.8"
"482","A.J. Puk","MIA","RP","428","","","","388","449","421.7"
"483","Ramon Urias","BAL","2B,3B","480","","","","383","405","422.7"
"484","Andrew Kittredge","TB","RP","","","231","348","872","692","535.8"
"485","Jo Adell","LAA","LF,RF","","391","","","470","438","433.0"
"486","Bailey Falter","PHI","SP","417","","","","435","452","434.7"
"487","Daniel Vogelbach","NYM","DH","332","","","","581","394","435.7"
"488","Collin McHugh","ATL","RP","397","","262","","685","734","519.5"
"489","Tyrone Taylor","MIL","LF,CF,RF","494","","","","407","409","436.7"
"490","Rich Hill","PIT","SP","477","","","453","575","578","520.8"
"491","Ji-Man Choi","PIT","1B","363","","","","524","430","439.0"
"492","Akil Baddoo","DET","LF,CF","","","","388","468","462","439.3"
"493","Drew Smyly","CHC","SP","486","","","","430","406","440.7"
"494","JT Brubaker","PIT","SP","453","","","","498","374","441.7"
"495","Nolan Jones","COL","RF","","379","","","459","492","443.3"
"496","Domingo Acevedo","OAK","RP","","","255","","496","581","444.0"
"497","Miguel Cabrera","DET","DH","330","395","","","925","625","568.8"
"498","Patrick Corbin","WSH","SP","500","","","405","690","528","530.8"
"499","John Means","BAL","SP","","","","372","560","426","452.7"
"500","Miguel Sano","","1B","","","398","399","666","668","532.8"
"501","Keegan Thompson","CHC","SP,RP","409","","","","522","435","455.3"
"502","Matt Brash","SEA","SP,RP","496","","","","455","416","455.7"
"503","Kevin Kiermaier","TOR","CF","473","401","","","561","703","534.5"
"504","Keston Hiura","MIL","1B,2B,DH","","","","409","490","472","457.0"
"505","Kevin Newman","CIN","2B,SS","","396","","","474","503","457.7"
"506","Tyler Rogers","SF","RP","350","","256","","936","","514.0"
"507","Gavin Stone","LAD","SP","","346","","","504","525","458.3"
"508","Luis Campusano","SD","C","","387","","","413","583","461.0"
"509","Omar Narvaez","NYM","C","392","","","","412","580","461.3"
"510","Graham Ashcraft","CIN","SP","415","","","","511","468","464.7"
"511","Bryce Elder","ATL","SP","491","","","","506","400","465.7"
"512","Bryan Abreu","HOU","RP","414","","","","481","511","468.7"
"513","Sixto Sanchez","MIA","SP","423","","","","507","478","469.3"
"514","Ji Hwan Bae","PIT","CF","","388","","","494","532","471.3"
"515","Jarren Duran","BOS","CF,RF","","","","426","533","455","471.3"
"516","Victor Robles","WSH","CF","","","","391","501","524","472.0"
"517","Miguel Rojas","LAD","1B,SS","","392","","","510","519","473.7"
"518","Kyle Bradish","BAL","SP","","","","","357","310","333.5"
"519","Paul Blackburn","OAK","SP","","393","","","564","486","481.0"
"520","Jose Siri","TB","CF","","","","","309","371","340.0"
"521","LaMonte Wade Jr.","SF","1B,LF,RF","466","","","","493","490","483.0"
"522","Ryan Pepiot","LAD","SP","498","","","","519","437","484.7"
"523","Casey Mize","DET","SP","","","259","441","1051","761","628.0"
"524","Bobby Miller","LAD","SP","474","","","","487","500","487.0"
"525","James Kaprielian","OAK","SP","","","","449","590","436","491.7"
"526","Kyle Stowers","BAL","LF,RF","","364","","","486","628","492.7"
"527","Edward Olivares","KC","LF,RF","","","","","353","368","360.5"
"528","Wade Miley","MIL","SP","","","","417","565","507","496.3"
"529","Ricky Tiedemann","TOR","SP","","214","","","583","705","500.7"
"530","Jonathan Villar","","2B,3B","","","324","432","749","795","575.0"
"531","Jesus Aguilar","OAK","1B,DH","","","","400","551","563","504.7"
"532","James Paxton","BOS","SP","442","","","","478","597","505.7"
"533","Nick Pratto","KC","1B,LF","483","","","","540","494","505.7"
"534","Leody Taveras","TEX","CF","","","","","372","381","376.5"
"535","Darick Hall","PHI","DH","","315","","","609","602","508.7"
"536","Cody Morris","CLE","SP","","","","","403","355","379.0"
"537","Aledmys Diaz","OAK","1B,2B,3B,SS,LF","","","373","","431","732","512.0"
"538","Erik Swanson","TOR","RP","427","","","","513","613","517.7"
"539","Martin Maldonado","HOU","C","354","","","","605","599","519.3"
"540","Luis Patino","TB","SP","","","","443","608","510","520.3"
"541","Nick Solak","CIN","LF","","","","416","649","506","523.7"
"542","Aaron Hicks","NYY","LF,CF","426","","","","631","521","526.0"
"543","Seth Lugo","SD","RP","435","","","","508","641","528.0"
"544","Matt Manning","DET","SP","","","","","438","390","414.0"
"545","Evan Longoria","ARI","3B","","","","455","515","637","535.7"
"546","TJ Friedl","CIN","LF,CF,RF","","","","","379","466","422.5"
"547","Zac Veen","COL","LF,RF","","","","283","645","687","538.3"
"548","Drew Waters","KC","CF,RF","","","","","448","404","426.0"
"549","Andrew Chafin","ARI","RP","","","263","","688","672","541.0"
"550","Taylor Walls","TB","2B,3B,SS","449","","","","569","606","541.3"
"551","Dean Kremer","BAL","SP","","","","","489","369","429.0"
"552","Ryne Nelson","ARI","SP","","","","","441","417","429.0"
"553","Max Stassi","LAA","C","476","","","","538","612","542.0"
"554","Didi Gregorius","","SS","444","","","424","","","434.0"
"555","Stephen Strasburg","WSH","SP","","","248","","622","846","572.0"
"556","Tom Murphy","SEA","C","","","207","","665","787","553.0"
"557","DL Hall","BAL","RP","","","","","463","410","436.5"
"558","David Peralta","LAD","LF","475","","","","619","548","547.3"
"559","JP Sears","OAK","SP,RP","","","359","","517","","438.0"
"560","Dany Jimenez","OAK","RP","","","403","","543","707","551.0"
"561","Michael Lorenzen","DET","RP,SP","","","","","469","419","444.0"
"562","Jonathan Aranda","TB","1B,2B,3B","","","","","488","412","450.0"
"563","Adbert Alzolay","CHC","RP","","","","","426","475","450.5"
"564","Edouard Julien","MIN","2B","","358","","","596","717","557.0"
"565","Kyle Harrison","SF","SP","","","","","479","428","453.5"
"566","Will Smith","","RP","","","211","","698","","454.5"
"567","Dominic Smith","WSH","1B","","","","394","532","751","559.0"
"568","Mike Moustakas","","1B,3B,DH","","","","415","715","552","560.7"
"569","Cade Cavalli","WSH","SP","","","","","461","458","459.5"
"570","Tyler Naquin","","LF,RF","457","","","","701","540","566.0"
"571","Kyle Higashioka","NYY","C","385","","","","580","735","566.7"
"572","Will Brennan","CLE","LF","","","","","482","450","466.0"
"573","Garrett Cooper","MIA","1B,DH","","","","","442","491","466.5"
"574","David Villar","SF","1B,3B","","","","","497","440","468.5"
"575","Gavin Sheets","CWS","1B,RF","","","","","477","460","468.5"
"576","Jackson Holliday","BAL","SS","","171","","","1092","","631.5"
"577","Dylan Bundy","","SP","","","","404","775","549","576.0"
"578","Josh Lowe","TB","LF,CF,RF","","","","","483","484","483.5"
"579","Matt Bush","MIL","SP,RP","469","","","","589","680","579.3"
"580","Elieser Hernandez","NYM","SP,RP","","","","419","714","609","580.7"
"581","Tyler Wells","BAL","SP","","","","","516","459","487.5"
"582","Jordan Hicks","STL","SP,RP","462","","","","648","633","581.0"
"583","Sal Frelick","MIL","CF","","","","","457","520","488.5"
"584","Kyle Muller","OAK","SP","","","","","473","505","489.0"
"585","Chad Green","TOR","RP","","","212","","1130","","671.0"
"586","Brennen Davis","CHC","CF","","385","","","641","724","583.3"
"587","Ryan Jeffers","MIN","C","","","","","466","518","492.0"
"588","Corey Knebel","","RP","","","217","","783","868","622.7"
"589","Jordan Lyles","KC","SP","","","","","546","439","492.5"
"590","J.P. Feyereisen","LAD","RP","","","225","","843","825","631.0"
"591","Nick Senzel","CIN","CF","","","","","518","479","498.5"
"592","Anthony Bass","TOR","RP","","","235","","855","793","627.7"
"593","Vidal Brujan","TB","2B,RF","","","","","525","485","505.0"
"594","Brooks Raley","NYM","RP","375","","","","712","696","594.3"
"595","Kyle Manzardo","TB","1B","","","","","529","489","509.0"
"596","Brad Boxberger","CHC","RP","484","","","","536","","510.0"
"597","Adam Cimber","TOR","RP","","","257","","809","765","610.3"
"598","Jake Odorizzi","TEX","SP","","","","","566","456","511.0"
"599","Edmundo Sosa","PHI","3B,SS","432","","","","681","682","598.3"
"600","Abraham Toro","MIL","2B,3B,DH","471","","","","611","714","598.7"
"601","Nick Ahmed","ARI","SS","","","","446","652","700","599.3"
"602","Pavin Smith","ARI","1B,RF,DH","","352","","","755","693","600.0"
"603","Francisco Mejia","TB","C","","","","","440","594","517.0"
"604","Trevor Larnach","MIN","LF,RF","","","","","579","467","523.0"
"605","Kyle Lewis","ARI","RF,DH","","","","","545","501","523.0"
"606","Brice Turang","MIL","SS","","","","","437","616","526.5"
"607","Taj Bradley","TB","SP","","","","","537","517","527.0"
"608","Tucker Barnhart","CHC","C","429","","","","627","774","610.0"
"609","Austin Barnes","LAD","C","445","","","","680","699","608.0"
"610","Joey Wentz","DET","SP","","","","","559","504","531.5"
"611","Elehuris Montero","COL","1B,3B","","","","","531","533","532.0"
"612","James McCann","BAL","C","464","","","","601","833","632.7"
"613","Nate Pearson","TOR","RP","","","","","552","516","534.0"
"614","Dakota Hudson","STL","SP","485","","","","798","585","622.7"
"615","Garrett Hampson","MIA","2B,3B,SS,CF","","","","395","709","739","614.3"
"616","Hanser Alberto","CWS","2B,3B,RP","308","","","","1107","","707.5"
"617","Rougned Odor","","2B","490","","","","844","586","640.0"
"618","Daniel Lynch","KC","SP","","","","","577","499","538.0"
"619","Jace Peterson","OAK","3B,RF","","","","","505","575","540.0"
"620","Kyle Freeland","COL","SP","","","","","604","477","540.5"
"621","Masyn Winn","STL","SS","","375","","","846","708","643.0"
"622","Daniel Espino","CLE","SP","","","","","613","470","541.5"
"623","Nick Madrigal","CHC","2B","","","","","602","487","544.5"
"624","Connor Joe","PIT","1B,LF,RF,DH","","","","","563","526","544.5"
"625","Glenn Otto","TEX","SP","","","","","637","454","545.5"
"626","Eury Perez","","CF,LF","","","","","539","554","546.5"
"627","Jorge Alfaro","BOS","C","","","","","512","590","551.0"
"628","Reynaldo Lopez","CWS","RP","","","","","471","632","551.5"
"629","JJ Bleday","OAK","LF,CF","","","","","606","498","552.0"
"630","Yonathan Daza","COL","LF,CF","","","","","578","527","552.5"
"631","Miguel Andujar","PIT","LF","","","","","593","513","553.0"
"632","Tanner Scott","MIA","RP","","","","","521","591","556.0"
"633","Matt Wallner","MIN","RF","","390","","","760","733","627.7"
"634","Jake Burger","CWS","3B","","","","","603","512","557.5"
"635","Dane Dunning","TEX","SP","","","","","655","464","559.5"
"636","Johan Oviedo","PIT","SP,RP","","","","","592","530","561.0"
"637","Jakob Junis","SF","SP,RP","","","","","585","537","561.0"
"638","Josh Harrison","PHI","2B,3B","433","","","","696","","564.5"
"639","Michael Toglia","COL","1B,RF","","","","","571","560","565.5"
"640","Adrian Morejon","SD","RP","","","","","562","573","567.5"
"641","Curtis Mead","TB","2B,3B","","","","","556","584","570.0"
"642","Matthew Liberatore","STL","SP","","","","","600","543","571.5"
"643","Willi Castro","MIN","2B,SS,LF,CF,RF","","","","425","769","720","638.0"
"644","Jose Iglesias","","SS","","","","","624","522","573.0"
"645","Frank Schwindel","","1B,DH","","","","380","876","879","711.7"
"646","Jake Cave","PHI","LF,RF","","381","","","889","","635.0"
"647","Alex Colome","WSH","RP","","","","384","847","","615.5"
"648","Huascar Ynoa","ATL","SP","","","","386","946","","666.0"
"649","Yimi Garcia","TOR","RP","386","","","","794","865","681.7"
"650","Jordan Diaz","OAK","2B","","","","","647","508","577.5"
"651","Jose Barrero","CIN","SS","","","","","595","564","579.5"
"652","Stone Garrett","WSH","LF","","","","","557","603","580.0"
"653","Max Meyer","MIA","SP","","394","","","884","890","722.7"
"654","Tomas Nido","NYM","C","395","","","","828","839","687.3"
"655","Jake McGee","","RP","","","","396","996","","696.0"
"656","Brad Keller","KC","SP,RP","410","","","","818","755","661.0"
"657","Jacob Stallings","MIA","C","","","","","558","608","583.0"
"658","Amir Garrett","KC","RP","","","","401","1049","","725.0"
"659","Alex Reyes","LAD","SP,RP","488","","","","683","","585.5"
"660","Kevin Ginkel","ARI","RP","","","","","550","621","585.5"
"661","Reese McGuire","BOS","C","","","","","476","698","587.0"
"662","Matt Vierling","DET","3B,LF,CF,RF","","","","","527","647","587.0"
"663","Ezequiel Duran","TEX","2B,3B","","","","","633","541","587.0"
"664","Geraldo Perdomo","ARI","3B,SS","","","","","695","480","587.5"
"665","Yonny Chirinos","TB","P,SP","","","","","630","547","588.5"
"666","Raimel Tapia","BOS","LF,CF,RF","","","","","643","535","589.0"
"667","Luis Guillorme","NYM","2B,3B,SS","411","","","","822","809","680.7"
"668","Clarke Schmidt","NYY","SP,RP","","","","","520","662","591.0"
"669","Chris Martin","BOS","RP","","","","","528","654","591.0"
"670","Jonathan Hernandez","TEX","RP","","","","","554","629","591.5"
"671","Joe Mantiply","ARI","RP","","","","","547","638","592.5"
"672","Colton Cowser","BAL","CF","","","","","615","570","592.5"
"673","Austin Slater","SF","LF,CF,RF","","","","","650","538","594.0"
"674","Luis Gil","NYY","SP","","","","423","1058","824","768.3"
"675","Nick Allen","OAK","2B,SS","","","","","620","574","597.0"
"676","Alan Trejo","COL","2B,SS","","","","","634","561","597.5"
"677","Edwin Rios","CHC","DH","","","","","663","536","599.5"
"678","Connor Norby","BAL","2B","","","","","625","576","600.5"
"679","Chris Paddack","MIN","SP","","","","437","886","859","727.3"
"680","Austin Voth","BAL","SP,RP","","","","","662","544","603.0"
"681","Joe Jimenez","ATL","RP","","","","","572","634","603.0"
"682","Chase Silseth","LAA","SP","","","","","638","571","604.5"
"683","Zach McKinstry","CHC","2B,3B,SS","","","","","644","566","605.0"
"684","Adrian Sampson","CHC","SP","","","","","692","523","607.5"
"685","Xzavion Curry","CLE","SP","448","","","","1033","856","779.0"
"686","Willie Calhoun","NYY","DH","","","","448","831","889","722.7"
"687","Alec Burleson","STL","RF","","","","","629","589","609.0"
"688","Kutter Crawford","BOS","SP,RP","","","","","677","542","609.5"
"689","Alex Vesia","LAD","RP","","","","","542","677","609.5"
"690","Brad Hand","","RP","","","","454","853","877","728.0"
"691","Josh Winder","MIN","SP","","","","","678","545","611.5"
"692","Dylan Coleman","KC","RP","","","","","573","659","616.0"
"693","Brett Phillips","LAA","CF,RF","465","","","","935","","700.0"
"694","Michael Busch","LAD","2B","","","","","553","683","618.0"
"695","Owen Miller","MIL","1B,2B,DH","","","","","664","572","618.0"
"696","Sean Bouchard","COL","LF","","","","","616","623","619.5"
"697","Emmanuel Rivera","ARI","3B","","","","","684","558","621.0"
"698","Pedro Severino","SD","C","481","","","","918","","699.5"
"699","Freddy Fermin","KC","C","487","","","","1069","","778.0"
"700","Jordan Lawlar","ARI","SS","","","","","660","595","627.5"
"701","Yainer Diaz","HOU","C","","","","","567","689","628.0"
"702","Cal Mitchell","PIT","RF","","","","","640","622","631.0"
"703","Tommy Henry","ARI","SP","495","","","","","887","691.0"
"704","Drew Smith","NYM","RP","497","","","","1046","","771.5"
"705","Dillon Tate","BAL","RP","","","","","626","653","639.5"
"706","Javier Assad","CHC","SP","","","","","721","562","641.5"
"707","Dinelson Lamet","COL","RP","","","","","691","592","641.5"
"708","Hunter Harvey","WSH","RP","","","","","526","777","651.5"
"709","Kris Bubic","KC","SP","","","","","737","559","648.0"
"710","Jeremiah Estrada","CHC","RP","","","","","588","719","653.5"
"711","Zach Jackson","OAK","RP","","","","","623","685","654.0"
"712","Tanner Bibee","CLE","SP","","","","","705","607","656.0"
"713","Kyle Isbel","KC","LF,CF,RF","","","","","587","731","659.0"
"714","Harold Castro","COL","1B,2B,3B,SS","","","","","661","658","659.5"
"715","Jordan Westburg","BAL","SS","","","","","676","644","660.0"
"716","Louie Varland","MIN","SP","","","","","702","626","664.0"
"717","Conner Capel","OAK","RF","","","","","656","676","666.0"
"718","Drew Hutchison","TOR","SP,RP","","","","","945","565","755.0"
"719","Joey Ortiz","BAL","SS","","","","","654","679","666.5"
"720","Jordan Groshans","MIA","3B","","","","","673","660","666.5"
"721","Griffin Jax","MIN","RP","","","","","672","664","668.0"
"722","Tejay Antone","CIN","SP,RP","","","","","591","746","668.5"
"723","Jack Leiter","TEX","SP","","","","","718","619","668.5"
"724","Gavin Williams","CLE","SP","","","","","653","686","669.5"
"725","Adrian Houser","MIL","SP","","","","","752","600","676.0"
"726","Josh Smith","TEX","3B,SS,LF,RP","","","","","586","794","690.0"
"727","Mark Mathias","TEX","2B,DH","","","","","966","588","777.0"
"728","Victor Caratini","MIL","C","","","","","628","730","679.0"
"729","Ryan Tepera","LAA","RP","","","","","607","752","679.5"
"730","Moises Gomez","STL","RF","","","","","816","593","704.5"
"731","Trevor Stephan","CLE","RP","","","","","594","770","682.0"
"732","Nate Eaton","KC","3B,RF","","","","","598","791","694.5"
"733","Sam Huff","TEX","C","","","","","599","769","684.0"
"734","Gabriel Arias","CLE","3B","","","","","736","635","685.5"
"735","Addison Barger","TOR","3B,SS","","","","","668","706","687.0"
"736","Carter Kieboom","WSH","3B","","","","","727","650","688.5"
"737","Trevor Williams","WSH","SP,RP","","","","","612","815","713.5"
"738","Mickey Moniak","LAA","LF,CF","","","","","849","614","731.5"
"739","Bryse Wilson","MIL","SP,RP","","","","","862","615","738.5"
"740","Cristian Pache","OAK","CF","","","","","821","617","719.0"
"741","Emerson Hancock","SEA","SP","","","","","758","627","692.5"
"742","Rafael Ortega","NYY","LF,CF,RF,DH","","","","","720","666","693.0"
"743","Matt Wisler","DET","SP,RP","","","","","1109","620","864.5"
"744","Livan Soto","LAA","SS","","","","","746","649","697.5"
"745","Marco Luciano","SF","SS","","","","","837","631","734.0"
"746","Tommy Kahnle","NYY","RP","","","","","632","771","701.5"
"747","Noelvi Marte","CIN","SS","","","","","754","648","701.0"
"748","Lucas Sims","CIN","RP","","","","","635","880","757.5"
"749","Eguy Rosario","SD","3B","","","","","761","642","701.5"
"750","Connor Wong","BOS","C","","","","","636","803","719.5"
"751","Ryan Yarbrough","KC","SP,RP","","","","","639","781","710.0"
"752","Jeurys Familia","ARI","RP","","","","","995","640","817.5"
"753","Sam Haggerty","SEA","LF,RF","","","","","697","712","704.5"
"754","Ryan Feltner","COL","SP","","","","","1035","643","839.0"
"755","Colin Moran","SEA","1B,3B","","","","","1021","645","833.0"
"756","Tucker Davidson","LAA","SP","","","","","955","646","800.5"
"757","Rowan Wick","CHC","RP","","","","","671","747","709.0"
"758","Alexander Canario","CHC","CF","","","","","823","651","737.0"
"759","Manuel Rodriguez","CHC","RP","","","","","667","754","710.5"
"760","Michael Pineda","","SP","","","","","942","655","798.5"
"761","Beau Brieske","DET","SP","","","","","795","656","725.5"
"762","Danny Mendick","NYM","SS","","","","","1041","657","849.0"
"763","Orlando Arcia","ATL","2B,LF","","","","","659","772","715.5"
"764","Zach Davies","ARI","SP","","","","","707","721","714.0"
"765","Paolo Espino","WSH","SP,RP","","","","","1081","661","871.0"
"766","Joey Wiemer","MIL","RF","","","","","694","736","715.0"
"767","Eli Morgan","CLE","RP","","","","","708","722","715.0"
"768","Nelson Velazquez","CHC","CF,RF","","","","","719","711","715.0"
"769","Ben Gamel","","1B,LF,RF,DH","","","","","971","663","817.0"
"770","Jeter Downs","WSH","2B","","","","","943","669","806.0"
"771","Michael Fulmer","CHC","RP","","","","","669","917","793.0"
"772","Kyle Nelson","ARI","RP","","","","","1006","674","840.0"
"773","Seby Zavala","CWS","C","","","","","674","818","746.0"
"774","Luis Ortiz","PHI","RP","","","","","871","675","773.0"
"775","Andrew Knizner","STL","C","","","","","734","709","721.5"
"776","Jonathan Heasley","KC","SP","","","","","1161","678","919.5"
"777","Robert Hassell III","WSH","CF","","","","","931","681","806.0"
"778","Matt Moore","LAA","RP","","","","","682","798","740.0"
"779","Andy Ibanez","DET","1B,3B","","","","","1031","684","857.5"
"780","Jake Alu","WSH","3B","","","","","686","866","776.0"
"781","Garrett Crochet","CWS","RP","","","","","687","853","770.0"
"782","Joey Lucchesi","NYM","SP","","","","","858","688","773.0"
"783","Maikel Garcia","KC","SS","","","","","689","896","792.5"
"784","Mark Vientos","NYM","3B,DH","","","","","820","690","755.0"
"785","Jake Diekman","CWS","RP","","","","","1037","691","864.0"
"786","Jake Meyers","HOU","CF","","","","","751","710","730.5"
"787","Austin Wells","NYY","C","","","","","747","718","732.5"
"788","George Valera","CLE","CF,RF","","","","","699","807","753.0"
"789","Spencer Horwitz","TOR","1B","","","","","1005","702","853.5"
"790","Austin Martin","MIN","SS,CF","","","","","745","725","735.0"
"791","Jorge Alcala","MIN","RP","","","","","703","784","743.5"
"792","Kyle Garlick","MIN","LF,RF","","","","","915","704","809.5"
"793","Paul DeJong","STL","SS","","","","","757","715","736.0"
"794","Alex Call","WSH","LF","","","","","710","842","776.0"
"795","Taylor Trammell","SEA","RF","","","","","806","713","759.5"
"796","Mick Abel","PHI","SP","","","","","1010","716","863.0"
"797","Enmanuel Valdez","BOS","2B","","","","","716","895","805.5"
"798","Carl Edwards Jr.","WSH","RP","","","","","717","875","796.0"
"799","Tyler Soderstrom","OAK","C,1B","","","","","735","750","742.5"
"800","Shelby Miller","LAD","RP","","","","","723","915","819.0"
"801","Diego Cartaya","LAD","C","","","","","815","723","769.0"
"802","Austin Hedges","PIT","C","","","","","724","908","816.0"
"803","P.J. Higgins","ARI","C,1B","","","","","726","788","757.0"
"804","Luis Gonzalez","SF","LF,CF,RF","","","","","801","727","764.0"
"805","Will Benson","CIN","CF","","","","","728","837","782.5"
"806","Michael Grove","LAD","SP","","","","","811","729","770.0"
"807","Brad Miller","TEX","3B,LF,DH","","","","","731","888","809.5"
"808","Quinn Priester","PIT","SP","","","","","733","883","808.0"
"809","Yency Almonte","LAD","RP","","","","","764","738","751.0"
"810","Kevin Smith","OAK","3B,SS","","","","","881","737","809.0"
"811","Davis Martin","CWS","SP,RP","","","","","738","816","777.0"
"812","Cooper Hummel","SEA","C,LF","","","","","739","844","791.5"
"813","Dustin Harris","TEX","LF","","","","","740","850","795.0"
"814","Michael Chavis","WSH","1B,2B,3B","","","","","835","741","788.0"
"815","Ivan Herrera","STL","C","","","","","741","775","758.0"
"816","Sam Hilliard","ATL","LF,CF","","","","","742","786","764.0"
"817","Keegan Akin","BAL","RP","","","","","774","742","758.0"
"818","Terrin Vavra","BAL","2B,LF","","","","","991","743","867.0"
"819","Sam Hentges","CLE","RP","","","","","743","900","821.5"
"820","Zack Gelof","OAK","2B","","","","","878","744","811.0"
"821","Miles Mastrobuoni","CHC","2B","","","","","839","748","793.5"
"822","Ethan Small","MIL","SP","","","","","840","749","794.5"
"823","Jake Eder","MIA","SP","","","","","842","753","797.5"
"824","Korey Lee","HOU","C","","","","","753","797","775.0"
"825","Dermis Garcia","OAK","1B","","","","","797","757","777.0"
"826","Ildemaro Vargas","WSH","3B,SS","","","","","926","758","842.0"
"827","David Bote","CHC","1B,2B,3B","","","","","956","759","857.5"
"828","Garrett Stubbs","PHI","C","","","","","854","762","808.0"
"829","David Hensley","HOU","2B,DH","","","","","762","810","786.0"
"830","Victor Reyes","CWS","LF,CF,RF","","","","","868","764","816.0"
"831","Robert Gasser","MIL","SP","","","","","1042","766","904.0"
"832","Reyes Moronta","TEX","RP","","","","","766","773","769.5"
"833","Adrian Martinez","OAK","SP","","","","","959","767","863.0"
"834","Ron Marinaccio","NYY","RP","","","","","768","897","832.5"
"835","Emilio Pagan","MIN","RP","","","","","770","858","814.0"
"836","Colin Poche","TB","RP","","","","","771","909","840.0"
"837","Cole Winn","TEX","SP","","","","","772","796","784.0"
"838","Caleb Kilian","CHC","SP","","","","","773","808","790.5"
"839","Christian Encarnacion-Strand","CIN","1B,3B","","","","","790","776","783.0"
"840","Pedro Leon","HOU","CF","","","","","777","884","830.5"
"841","Aristides Aquino","","LF,CF,RF","","","","","964","778","871.0"
"842","Andre Pallante","STL","SP,RP","","","","","779","779","779.0"
"843","Jon Singleton","MIL","1B","","","","","850","780","815.0"
"844","Jalen Beeks","TB","SP,RP","","","","","780","799","789.5"
"845","Brian Serven","COL","C","","","","","781","804","792.5"
"846","Gilberto Celestino","MIN","LF,CF,RF","","","","","1043","783","913.0"
"847","Tyler Gentry","KC","RF","","","","","784","822","803.0"
"848","Darin Ruf","NYM","1B,LF,RF,DH","","","","","785","863","824.0"
"849","Yadiel Hernandez","WSH","LF","","","","","832","785","808.5"
"850","Mitch White","TOR","SP,RP","","","","","786","857","821.5"
"851","Matt Festa","SEA","RP","","","","","1119","789","954.0"
"852","Travis Swaggerty","PIT","LF","","","","","901","790","845.5"
"853","Jared Shuster","ATL","SP","","","","","791","913","852.0"
"854","Gordon Graceffo","STL","SP","","","","","812","792","802.0"
"855","Caleb Thielbar","MIN","RP","","","","","890","800","845.0"
"856","Ronny Mauricio","NYM","SS","","","","","1198","801","999.5"
"857","Wil Crowe","PIT","RP","","","","","921","802","861.5"
"858","Jovani Moran","MIN","RP","","","","","804","861","832.5"
"859","Matt Reynolds","","RP","","","","","1149","805","977.0"
"860","Cole Ragans","TEX","SP","","","","","957","811","884.0"
"861","Andy Pages","LAD","RF","","","","","986","812","899.0"
"862","Buck Farmer","CIN","RP","","","","","1153","813","983.0"
"863","Matt Strahm","PHI","RP","","","","","813","823","818.0"
"864","Bryan Baker","BAL","RP","","","","","814","910","862.0"
"865","Andrew Velazquez","LAA","SS","","","","","893","814","853.5"
"866","Henry Davis","PIT","C","","","","","916","817","866.5"
"867","Thad Ward","WSH","SP","","","","","819","834","826.5"
"868","Erick Fedde","","SP","","","","","1131","820","975.5"
"869","Yoelqui Cespedes","CWS","CF","","","","","1105","821","963.0"
"870","Rob Refsnyder","BOS","CF,RF","","","","","825","835","830.0"
"871","Tyler Freeman","CLE","3B,SS","","","","","826","886","856.0"
"872","Konnor Pilkington","CLE","SP","","","","","984","827","905.5"
"873","Luke Williams","LAD","2B,3B,LF","","","","","1059","828","943.5"
"874","Leury Garcia","CWS","2B,3B,SS,LF,RF","","","","","928","829","878.5"
"875","Zach Neto","LAA","SS","","","","","899","830","864.5"
"876","Cionel Perez","BAL","RP","","","","","830","864","847.0"
"877","Tommy La Stella","SEA","DH","","","","","883","831","857.0"
"878","Greg Allen","BOS","LF,CF,RF","","","","","1200","832","1,016.0"
"879","Freddy Tarnok","OAK","RP","","","","","845","836","840.5"
"880","Jay Groome","SD","SP","","","","","911","838","874.5"
"881","Brayan Rocchio","CLE","2B,SS","","","","","924","840","882.0"
"882","Seth Beer","ARI","1B,DH","","","","","1113","841","977.0"
"883","Brent Suter","COL","RP","","","","","953","843","898.0"
"884","Justin Dunn","CIN","SP","","","","","965","845","905.0"
"885","Penn Murfee","SEA","RP","","","","","888","847","867.5"
"886","Evan Carter","TEX","CF","","","","","1004","848","926.0"
"887","Reese Olson","DET","SP","","","","","909","849","879.0"
"888","Scott Effross","NYY","RP","","","","","997","851","924.0"
"889","Connor Thomas","STL","SP","","","","","851","860","855.5"
"890","Carlos Hernandez","KC","SP,RP","","","","","944","852","898.0"
"891","Owen White","TEX","SP","","","","","861","855","858.0"
"892","Franchy Cordero","BAL","1B,LF,RF","","","","","857","907","882.0"
"893","Spencer Howard","TEX","SP","","","","","863","893","878.0"
"894","Max Castillo","KC","SP,RP","","","","","1030","867","948.5"
"895","Mike Brosseau","MIL","3B","","","","","879","869","874.0"
"896","Bryan Mata","BOS","SP","","","","","880","870","875.0"
"897","Mike Baumann","BAL","SP,RP","","","","","954","871","912.5"
"898","Lewis Brinson","","CF","","","","","1074","872","973.0"
"899","Sergio Alcantara","CHC","2B,3B,SS","","","","","1098","873","985.5"
"900","Kole Calhoun","","LF,RF,DH","","","","","875","874","874.5"
"901","Rony Garcia","DET","SP,RP","","","","","1156","876","1,016.0"
"902","Brandon Walter","BOS","SP","","","","","877","903","890.0"
"903","Sam Long","SF","SP,RP","","","","","1039","878","958.5"
"904","Chad Kuhl","WSH","SP","","","","","1176","882","1,029.0"
"905","Tucupita Marcano","PIT","2B,LF","","","","","1142","885","1,013.5"
"906","Duane Underwood Jr.","PIT","RP","","","","","1192","891","1,041.5"
"907","J.J. Matijevic","HOU","1B,DH","","","","","1165","894","1,029.5"
"908","Nomar Mazara","BAL","RF","","","","","1114","898","1,006.0"
"909","Luis Medina","OAK","SP","","","","","1180","901","1,040.5"
"910","Caleb Ferguson","LAD","RP","","","","","1096","902","999.0"
"911","Chris Archer","","SP","","","","","1152","904","1,028.0"
"912","Danny Duffy","TEX","SP,RP","","","","","904","912","908.0"
"913","Zach Thompson","TOR","SP,RP","","","","","1077","906","991.5"
"914","Connor Seabold","COL","SP","","","","","933","911","922.0"
"915","Zack Collins","CLE","C,1B","","","","","1175","916","1,045.5"
""
""