"Name","Team","xERA","K-BB%","Barrel%","CSW%","Starting","Relieving","TBF","GS","SV","xFIP-","K/BB+","HR/9+","WHIP+","BABIP+","playerid"
"J.P. Feyereisen","TBR","2.43","23.3%","7.1%","29.9%","2.5","6.3","86","2","1","90","144","0","39","44","16610"
"Tyler Kinley","COL","2.57","21.0%","1.5%","29.4%","","8.8","100","0","0","79","165","0","88","109","18297"
"Ryan Weber","NYY","4.65","5.4%","6.1%","29.1%","","0.0","37","0","1","96","108","78","52","55","10160"
"Hunter Brown","HOU","2.96","18.8%","5.9%","31.4%","3.8","1.5","80","2","0","70","114","0","86","103","25880"
"Yency Almonte","LAD","3.01","17.0%","4.5%","33.3%","","4.7","135","0","1","92","121","46","62","64","15068"
"Scott Alexander","SFG","2.35","14.3%","5.8%","30.4%","1.3","1.6","63","4","2","67","293","47","59","74","10591"
"Jose Cisnero","DET","3.91","3.8%","0.0%","27.4%","","1.0","105","0","0","130","44","0","109","84","6399"
"Pete Fairbanks","TBR","1.03","40.2%","2.2%","34.4%","","11.3","87","0","8","27","458","35","53","93","17998"
"Evan Phillips","LAD","2.18","26.6%","4.3%","32.7%","","20.4","233","0","2","69","188","26","60","78","17734"
"Ryne Stanek","HOU","3.19","13.8%","3.8%","28.8%","","8.8","224","0","1","100","72","31","98","92","15947"
"Fernando Cruz","CIN","3.34","18.8%","3.0%","30.0%","1.3","1.3","64","2","0","90","73","56","96","86","7048"
"Ryan Helsley","STL","2.04","31.0%","8.8%","32.7%","","18.6","239","0","19","66","172","76","58","63","18138"
"Edwin Diaz","NYM","1.69","42.6%","4.1%","42.1%","","27.8","235","0","32","27","240","39","66","113","14710"
"Matthew Boyd","SEA","2.70","9.4%","3.2%","31.8%","","1.0","53","0","0","112","59","0","78","56","15440"
"Emmanuel Clase","CLE","1.97","24.7%","2.2%","30.4%","","22.2","271","0","42","55","278","35","58","78","21032"
"Matt Gage","TOR","3.05","12.0%","6.5%","27.3%","","0.4","50","0","0","105","72","64","74","58","17381"
"Cionel Perez","BAL","3.62","14.5%","6.4%","27.9%","","9.1","234","0","1","90","95","29","93","99","19614"
"Danny Coulombe","MIN","3.08","0.0%","0.0%","25.2%","","0.2","53","0","0","141","36","0","104","70","13293"
"Ryne Nelson","ARI","2.24","14.5%","6.4%","27.7%","2.9","","69","3","0","117","98","89","64","53","26253"
"Drey Jameson","ARI","4.49","17.3%","7.6%","27.6%","5.0","","98","4","0","75","126","67","87","96","26260"
"Anthony Bass","- - -","3.03","19.3%","6.0%","32.2%","","12.2","275","0","0","84","133","71","80","88","7982"
"Jason Adam","TBR","2.09","24.5%","5.0%","35.2%","","11.9","237","0","8","80","159","66","61","68","11861"
"Angel Zerpa","KCR","7.59","0.0%","10.5%","23.9%","-1.1","0.2","44","2","0","127","36","152","87","68","22717"
"Erik Swanson","SEA","2.30","29.1%","6.4%","30.2%","0.6","15.6","206","1","3","68","249","47","73","103","16587"
"Mark Appel","PHI","3.12","5.0%","6.3%","24.8%","","0.8","40","0","0","108","61","0","91","96","14823"
"Justin Verlander","HOU","2.66","23.4%","6.3%","26.5%","52.4","","666","28","0","82","230","57","66","84","8700"
"Daniel Bard","COL","2.49","18.0%","4.7%","30.6%","","17.3","245","0","34","83","101","41","78","76","7115"
"Luke Bard","- - -","5.60","1.7%","4.8%","25.7%","","0.2","59","0","0","128","41","0","75","58","14288"
"Caleb Ferguson","LAD","3.05","14.1%","3.5%","29.3%","0.9","3.4","142","1","0","97","73","24","90","89","19349"
"Alexis Diaz","CIN","2.76","19.6%","7.5%","30.6%","","9.8","255","0","10","99","92","64","75","61","21132"
"Jhoan Duran","MIN","2.22","27.4%","4.5%","32.6%","","14.0","266","0","8","53","201","74","78","102","21029"
"Devin Williams","MIL","2.04","27.5%","0.9%","33.9%","","20.8","240","0","15","60","117","27","79","91","15816"
"Bryan Abreu","HOU","2.96","25.0%","3.8%","30.5%","","12.9","248","0","2","68","122","28","94","117","16609"
"Matt Moore","TEX","2.83","14.8%","4.4%","29.3%","","12.5","304","0","5","98","79","34","94","90","1890"
"Brock Burke","TEX","3.31","20.1%","7.1%","28.2%","","8.9","328","0","0","88","135","91","84","93","17968"
"Ron Marinaccio","NYY","2.70","17.7%","5.3%","31.4%","","4.0","181","0","0","103","84","38","83","75","23488"
"Adam Ottavino","NYM","2.35","24.4%","3.2%","32.8%","","10.3","258","0","3","70","181","75","76","95","1247"
"A.J. Minter","ATL","2.39","29.2%","8.8%","31.0%","","19.4","271","0","5","68","230","58","71","98","18655"
"James Karinchak","CLE","2.92","25.6%","5.3%","32.8%","","9.1","160","0","3","78","107","43","88","94","20151"
"Zack Thompson","STL","3.72","9.6%","6.3%","26.1%","-2.1","2.6","136","1","1","99","71","71","77","63","25918"
"Seth Martinez","HOU","2.76","15.5%","5.9%","28.9%","","4.0","155","0","0","99","98","65","83","81","21045"
"Jordan Romano","TOR","3.31","20.2%","6.9%","30.6%","","15.1","258","0","36","87","126","52","81","89","16122"
"Dylan Lee","ATL","2.57","24.4%","5.3%","31.6%","","10.7","201","0","0","78","216","81","77","94","19996"
"Angel De Jesus","DET","4.74","5.6%","7.3%","25.0%","","-1.2","54","0","0","153","63","132","82","63","22323"
"Tony Gonsolin","LAD","3.12","16.9%","5.6%","28.7%","24.8","","498","24","0","93","125","69","68","71","19388"
"Alex Vesia","LAD","2.79","24.2%","6.6%","30.6%","","14.1","227","0","1","76","121","30","88","100","25007"
"Julio Urias","LAD","2.81","18.1%","6.7%","28.2%","29.6","","689","31","0","95","148","107","75","78","14765"
"Jesus Tinoco","TEX","3.51","9.5%","5.5%","29.1%","-0.4","0.5","84","2","0","121","65","81","85","66","16300"
"Scott Barlow","KCR","2.96","19.0%","6.9%","33.2%","","8.1","290","0","24","87","126","101","79","84","14993"
"Hayden Wesneski","CHC","2.18","19.7%","4.5%","27.2%","6.1","0.2","132","4","0","91","173","74","73","84","27581"
"Kyle Nelson","ARI","4.02","10.6%","7.7%","26.0%","-0.1","3.8","151","1","0","110","79","22","85","83","20515"
"Felix Bautista","BAL","2.66","25.7%","8.5%","30.2%","","12.8","253","0","15","70","138","89","74","81","20666"
"Dylan Cease","CHW","2.70","19.9%","6.2%","29.9%","39.9","","747","32","0","89","105","73","89","91","18525"
"Jovani Moran","MIN","2.28","22.0%","5.4%","32.0%","","8.0","164","0","1","73","108","0","84","95","20422"
"John Schreiber","BOS","2.57","21.4%","5.0%","30.3%","","16.3","257","0","8","76","141","39","79","93","20020"
"Daniel Hudson","LAD","2.74","25.8%","3.3%","27.6%","","7.6","97","0","5","61","220","34","71","93","7146"
"Jake Woodford","STL","4.00","6.9%","5.3%","23.8%","1.3","4.0","188","1","0","105","80","17","87","95","18674"
"Alek Manoah","TOR","3.31","16.4%","5.4%","27.5%","37.7","","786","31","0","101","127","68","79","85","26410"
"Matt Wisler","TBR","3.24","11.9%","11.8%","27.5%","1.0","0.6","176","5","1","125","90","114","80","69","12804"
"Nick Sandlin","CLE","3.36","9.4%","4.5%","27.8%","","3.1","180","0","0","107","62","38","93","79","20517"
"Lance McCullers Jr.","HOU","3.57","14.4%","4.9%","29.0%","7.6","","195","8","0","91","82","70","99","97","14120"
"Robert Suarez","SDP","3.27","20.9%","8.6%","26.7%","","6.7","191","0","1","82","106","68","82","85","30115"
"Clayton Kershaw","LAD","2.51","23.1%","4.2%","31.0%","34.1","","493","22","0","71","218","65","74","92","2036"
"Cody Morris","CLE","4.94","11.0%","12.3%","25.2%","0.5","0.7","100","5","0","106","69","106","111","101","25388"
"Sandy Alcantara","MIA","2.92","17.7%","5.2%","27.5%","51.5","","886","32","0","83","152","57","77","90","18684"
"Max Scherzer","NYM","2.87","26.4%","8.4%","30.8%","38.8","","565","23","0","81","264","73","71","95","3137"
"Michael King","NYY","2.83","25.1%","6.8%","34.7%","","15.4","199","0","1","61","149","49","80","98","19853"
"Ronny Henriquez","MIN","3.03","12.0%","8.3%","23.2%","","0.1","50","0","0","118","108","72","75","70","24094"
"Sam Hentges","CLE","2.79","21.6%","5.3%","30.2%","","9.9","245","0","1","67","137","40","77","90","18548"
"Gabe Speier","KCR","2.76","11.7%","3.4%","22.5%","0.6","0.4","77","1","0","107","94","86","87","87","17170"
"Shohei Ohtani","LAA","2.68","26.5%","6.3%","31.6%","49.0","","660","28","0","67","180","71","81","101","19755"
"Aaron Bummer","CHW","3.97","17.1%","6.7%","31.3%","","2.9","117","0","2","71","108","63","120","134","16258"
"Alex Young","- - -","3.64","8.6%","2.4%","29.2%","-0.6","4.4","116","1","0","101","67","0","117","120","18333"
"Rafael Montero","HOU","2.70","18.5%","2.9%","29.0%","","14.1","270","0","14","81","115","37","82","91","12760"
"David Robertson","- - -","3.05","17.4%","7.6%","33.0%","","7.1","264","0","20","93","85","77","91","81","8241"
"Junior Fernandez","- - -","3.97","2.4%","3.5%","25.8%","","-3.2","84","0","0","122","43","131","126","95","18496"
"Tommy Hunter","NYM","4.53","17.0%","13.6%","24.9%","","-0.3","94","0","0","99","134","146","95","94","1157"
"JT Chargois","TBR","2.59","14.0%","6.5%","29.6%","-0.1","-0.4","86","3","0","98","101","112","75","77","13767"
"Nestor Cortes","NYY","2.70","20.3%","5.3%","28.3%","33.0","","615","28","0","92","155","84","74","81","17874"
"David Price","LAD","3.83","16.8%","7.4%","27.0%","","0.9","167","0","2","81","151","121","91","95","3184"
"Stephen Nogosek","NYM","3.89","14.7%","7.6%","23.3%","","-0.9","95","0","0","113","110","148","96","88","19545"
"Jeffrey Springs","TBR","3.27","20.6%","5.9%","29.8%","24.2","3.3","549","25","0","83","168","86","86","97","17677"
"Raisel Iglesias","- - -","3.10","26.0%","10.6%","32.6%","","14.6","246","0","17","76","202","67","77","97","17130"
"Max Fried","ATL","2.85","18.8%","4.0%","27.5%","44.8","","733","30","0","78","195","53","79","96","13743"
"Jimmy Herget","LAA","2.92","18.0%","6.5%","30.6%","1.2","13.6","266","1","9","88","147","48","73","85","17556"
"Andres Munoz","SEA","1.84","32.7%","5.3%","35.6%","","17.6","248","0","4","51","231","64","71","104","20373"
"Hunter Harvey","WSN","2.76","21.0%","5.0%","28.4%","","9.4","157","0","0","85","137","21","89","111","15507"
"Camilo Doval","SFG","2.90","17.5%","4.6%","29.6%","","11.4","286","0","27","77","98","48","97","101","21992"
"Jorge Lopez","- - -","3.31","13.8%","4.8%","29.7%","","7.7","298","0","23","93","84","47","94","93","14527"
"Scott Effross","- - -","2.51","20.5%","4.0%","31.2%","0.3","12.4","229","1","4","80","151","44","83","98","18384"
"Cristian Javier","HOU","2.43","24.3%","7.2%","28.3%","28.2","2.7","585","25","0","89","135","96","76","79","17606"
"Shane McClanahan","TBR","2.79","24.3%","6.4%","32.8%","32.4","","641","28","0","65","184","95","74","87","21483"
"Zac Gallen","ARI","3.17","20.3%","7.8%","27.8%","39.2","","714","31","0","83","150","67","71","81","19291"
"Clay Holmes","NYY","2.41","17.3%","1.8%","30.4%","","10.4","260","0","20","73","117","26","82","91","13649"
"Tyler Anderson","LAD","3.10","14.7%","4.9%","28.1%","34.1","2.5","707","28","0","103","140","64","78","88","12880"
"Wily Peralta","DET","4.14","4.8%","4.5%","25.4%","0.1","0.1","168","1","0","122","48","44","121","102","7738"
"Collin McHugh","ATL","3.05","22.4%","5.1%","28.7%","","13.2","272","0","0","82","196","59","73","91","7531"
"Jaime Barria","LAA","4.11","11.1%","10.0%","26.4%","-1.0","1.6","316","1","0","112","103","116","83","79","18356"
"David Bednar","PIT","3.22","25.2%","7.3%","31.5%","","13.8","210","0","19","71","158","63","88","108","19569"
"Chase De Jong","PIT","3.89","9.9%","8.5%","26.9%","","-2.0","293","0","1","124","72","114","89","76","15036"
"Spencer Strider","ATL","2.39","29.7%","6.1%","31.1%","36.0","6.9","528","20","0","58","165","43","78","100","27498"
"Lucas Luetge","NYY","3.57","17.1%","5.3%","28.5%","","8.1","251","0","2","100","127","58","111","124","8337"
"Paul Sewald","SEA","2.64","22.7%","9.4%","31.2%","","4.6","242","0","20","91","153","131","61","55","13892"
"Brooks Raley","TBR","2.79","21.0%","2.2%","30.1%","","8.8","219","0","6","83","147","47","77","89","10061"
"Trevor Stephan","CLE","2.34","24.0%","3.1%","31.5%","","16.2","267","0","3","71","165","39","94","118","19932"
"Jake Cousins","MIL","3.24","22.0%","7.1%","33.7%","","1.5","59","0","0","86","96","61","106","114","21620"
"Tyler Cyr","- - -","4.31","20.0%","9.1%","26.8%","","0.3","55","0","0","74","116","124","96","101","18421"
"Wandy Peralta","NYY","2.66","13.5%","4.4%","27.8%","","8.9","223","0","4","91","100","30","84","89","14295"
"Connor Overton","CIN","3.41","2.4%","3.0%","25.4%","6.1","0.1","124","4","0","124","47","25","76","70","18376"
"Eduard Bazardo","BOS","3.94","10.8%","6.3%","26.7%","","-2.1","65","0","0","121","99","205","78","63","20997"
"Reynaldo Lopez","CHW","2.92","20.5%","5.0%","29.3%","1.0","17.8","254","1","0","83","197","13","76","98","16400"
"Carl Edwards Jr.","WSN","3.31","12.1%","4.6%","27.0%","","1.4","256","0","2","102","82","105","96","89","13607"
"Zach Pop","- - -","3.36","13.4%","5.6%","25.0%","","4.6","157","0","0","87","228","42","91","109","20185"
"Dylan Coleman","KCR","3.78","11.8%","6.9%","28.5%","","3.6","289","0","0","111","69","61","99","86","22276"
"Brad Hand","PHI","4.40","7.6%","5.3%","28.8%","","2.7","198","0","5","122","61","36","104","93","9111"
"Adam Cimber","TOR","3.64","15.4%","5.1%","26.8%","","8.4","293","0","4","98","161","71","89","101","15288"
"Jalen Beeks","TBR","3.70","19.2%","8.3%","28.9%","2.0","3.3","250","7","2","82","115","96","93","98","17192"
"Liam Hendriks","CHW","2.59","29.4%","9.1%","32.8%","","14.9","235","0","37","66","192","101","83","103","3548"
"Framber Valdez","HOU","3.31","15.4%","5.8%","28.8%","40.3","","827","31","0","76","105","46","92","99","17295"
"Zack Wheeler","PHI","3.10","21.3%","7.7%","27.7%","37.4","","607","26","0","77","176","69","81","98","10310"
"Andrew Chafin","DET","2.92","19.8%","8.4%","30.0%","","8.7","243","0","3","83","127","73","93","101","12988"
"David Phelps","TOR","3.91","12.1%","5.2%","26.9%","-0.1","7.1","272","1","1","108","75","26","104","102","6316"
"Peter Strzelecki","MIL","3.39","16.9%","7.6%","30.6%","","4.2","148","0","1","95","98","47","96","99","21367"
"Jose Leclerc","TEX","3.17","16.7%","6.7%","29.8%","","5.1","198","0","7","111","93","88","90","85","14524"
"Drew Rasmussen","TBR","3.46","16.1%","6.6%","25.9%","26.8","","584","28","0","90","146","74","83","91","25385"
"Tommy Kahnle","LAD","2.39","23.9%","7.7%","29.9%","","-0.5","46","0","1","79","171","129","49","43","11384"
"Joe Mantiply","ARI","3.22","22.6%","4.0%","32.6%","","11.0","243","0","2","64","373","82","85","109","14857"
"Shane Bieber","CLE","3.51","20.5%","7.2%","31.4%","43.9","","791","31","0","75","199","75","83","100","19427"
"Carlos Rodon","SFG","2.64","26.1%","6.5%","30.6%","54.3","","710","31","0","73","167","55","80","100","16137"
"Martin Perez","TEX","3.59","12.2%","4.3%","27.2%","35.3","","821","32","0","96","88","47","100","103","6902"
"Logan Webb","SFG","3.59","14.5%","5.5%","29.3%","38.7","","787","32","0","83","122","47","91","100","17995"
"Patrick Sandoval","LAA","3.91","14.3%","5.7%","29.2%","33.9","","638","27","0","93","91","45","107","110","19447"
"Sam Moll","OAK","2.96","12.8%","5.2%","29.2%","","-0.3","187","0","0","103","76","96","101","88","14874"
"Erasmo Ramirez","WSN","3.49","13.5%","4.9%","26.1%","-2.1","5.4","347","2","0","99","160","104","84","91","10314"
"Mason Thompson","WSN","3.72","5.9%","3.9%","24.5%","","0.6","101","0","1","114","61","66","89","79","21850"
"Jose Quintana","- - -","3.86","13.3%","5.5%","25.3%","36.5","","679","32","0","93","107","39","95","103","11423"
"Joe Musgrove","SDP","3.27","19.2%","6.0%","30.8%","32.3","","740","30","0","87","161","99","85","95","12970"
"Jhonathan Diaz","LAA","4.84","1.5%","4.4%","22.9%","1.3","-0.3","66","3","0","127","33","55","120","95","20298"
"Corbin Burnes","MIL","3.05","24.1%","5.7%","32.1%","41.8","","797","33","0","72","175","93","75","89","19361"
"Nabil Crismatt","SDP","3.49","15.4%","5.2%","30.0%","0.5","7.0","280","1","0","87","108","61","92","96","17732"
"Brad Boxberger","MIL","3.44","15.3%","6.4%","30.7%","","7.0","268","0","1","102","92","77","96","96","10133"
"Triston McKenzie","CLE","3.54","19.7%","9.8%","27.6%","32.8","0.1","741","30","0","95","156","109","76","83","18000"
"Jonathan Hernandez","TEX","4.08","7.6%","4.7%","27.4%","","0.0","131","0","4","101","57","55","113","100","17464"
"Ryan Pressly","HOU","2.62","28.6%","5.8%","33.2%","","13.0","182","0","33","55","181","69","71","91","7005"
"Steven Okert","MIA","3.22","16.7%","5.6%","30.6%","","-1.0","221","0","0","104","89","111","91","78","13580"
"Penn Murfee","SEA","2.64","21.3%","5.1%","29.8%","0.5","6.1","272","1","0","91","153","84","76","85","25174"
"Luis Castillo","- - -","3.31","19.8%","6.8%","28.4%","33.5","","615","25","0","81","135","71","86","95","15689"
"Chad Green","NYY","3.24","17.7%","4.9%","26.6%","","3.0","62","0","1","105","116","56","96","105","15552"
"Seranthony Dominguez","PHI","3.36","18.8%","8.1%","27.2%","","9.4","207","0","9","82","102","64","89","92","19249"
"Zach Jackson","OAK","3.59","16.8%","10.0%","29.5%","","8.5","202","0","3","105","73","17","101","95","19493"
"Edward Cabrera","MIA","4.05","14.4%","8.6%","30.6%","3.0","","291","14","0","103","83","114","84","71","21690"
"Ross Stripling","TOR","3.57","17.0%","9.2%","27.5%","28.3","0.2","536","24","1","93","200","75","81","94","13273"
"Dylan Floro","MIA","3.05","15.0%","5.1%","28.2%","","6.5","220","0","10","90","117","61","92","99","13394"
"Joey Wentz","DET","3.62","10.4%","7.4%","24.1%","5.0","","135","7","0","116","75","51","88","80","19962"
"Enyel De Los Santos","CLE","3.91","20.5%","9.6%","28.9%","","9.4","215","0","1","80","130","47","85","98","18403"
"Giovanny Gallegos","STL","2.92","23.4%","9.0%","31.8%","","12.6","235","0","14","88","149","83","80","89","14986"
"Brandon Woodruff","MIL","3.15","23.9%","7.0%","31.0%","32.5","","620","27","0","79","166","96","84","98","16162"
"Chris Martin","- - -","2.55","30.7%","8.3%","29.0%","","15.1","225","0","2","51","543","87","77","108","11847"
"Dillon Tate","BAL","3.15","15.1%","5.3%","29.6%","","4.5","292","0","5","86","135","68","79","88","17796"
"Tanner Banks","CHW","4.08","14.3%","7.4%","27.0%","","2.5","217","0","0","91","98","79","90","90","16990"
"Steven Wilson","SDP","2.83","15.4%","7.2%","28.8%","0.6","2.1","214","1","1","116","93","108","83","76","20353"
"Phoenix Sanders","TBR","4.37","15.8%","9.5%","23.7%","","2.1","57","0","0","94","144","0","82","100","20541"
"Jacob deGrom","NYM","2.24","39.3%","9.3%","35.4%","19.2","","239","11","0","39","467","114","58","89","10954"
"Sonny Gray","MIN","3.67","16.6%","5.5%","29.4%","21.9","","488","24","0","93","117","77","90","97","12768"
"Huascar Brazoban","MIA","3.62","13.5%","5.1%","29.8%","","0.0","141","0","0","98","70","77","115","105","6107"
"Andrew Heaney","LAD","3.39","29.4%","11.0%","32.5%","8.0","2.4","310","14","0","71","212","157","85","100","15423"
"Yu Darvish","SDP","3.49","20.8%","9.0%","29.6%","38.8","","771","30","0","90","195","92","74","86","13074"
"Yimi Garcia","TOR","2.90","17.0%","6.5%","26.9%","","8.2","247","0","1","104","131","82","84","90","12095"
"Adrian Sampson","CHC","4.40","10.7%","6.7%","23.6%","12.9","0.9","428","19","0","110","92","78","96","99","13339"
"Javier Assad","CHC","4.49","6.0%","5.2%","25.1%","3.6","0.4","166","8","0","123","51","87","114","95","21741"
"Logan Gillaspie","BAL","5.53","9.5%","3.4%","26.0%","","0.6","74","0","0","113","120","48","106","114","22461"
"A.J. Puk","OAK","3.70","18.9%","8.7%","30.8%","","2.7","281","0","4","93","119","88","91","97","19343"
"Clarke Schmidt","NYY","3.51","14.0%","9.7%","30.4%","4.1","0.0","236","3","2","100","88","72","96","95","19899"
"Brandon Hughes","CHC","3.86","19.7%","11.1%","30.6%","","-2.8","239","0","8","95","119","156","85","80","23460"
"Tim Mayza","TOR","4.17","16.6%","7.4%","27.9%","","0.7","193","0","2","74","132","120","89","95","15042"
"Tanner Houck","BOS","3.86","13.8%","4.9%","28.6%","3.2","3.4","247","4","8","93","92","42","94","100","19879"
"Andrew Kittredge","TBR","2.94","16.0%","8.5%","26.6%","","-1.5","75","0","5","96","253","167","68","70","12828"
"Wade Miley","CHC","3.86","8.8%","5.2%","29.2%","4.8","0.3","159","8","0","110","73","66","95","86","8779"
"Bryce Elder","ATL","4.25","10.6%","5.8%","26.2%","7.0","0.3","227","9","0","104","72","60","97","91","27779"
"Andre Pallante","STL","3.78","7.2%","3.2%","24.5%","5.2","0.3","457","10","0","93","67","68","111","107","26108"
"Luis Severino","NYY","2.94","20.2%","6.9%","28.1%","13.1","","405","19","0","86","135","115","80","83","15890"
"Justin Steele","CHC","3.59","14.8%","3.9%","26.0%","24.1","","512","24","0","87","92","55","106","109","17312"
"John Brebbia","SFG","3.49","12.5%","6.5%","26.1%","3.2","5.2","288","11","0","112","110","60","102","108","12777"
"Jose Alvarado","PHI","2.53","26.6%","6.5%","32.3%","","15.6","214","0","2","55","124","32","95","116","17780"
"Kendall Graveman","CHW","3.51","14.0%","4.2%","29.3%","","6.5","285","0","6","87","92","64","112","113","15514"
"Kyle Wright","ATL","3.89","16.4%","6.8%","29.7%","27.3","","738","30","0","83","120","86","91","97","19665"
"Keegan Akin","BAL","3.62","17.3%","6.5%","29.0%","1.0","3.4","329","1","2","84","139","102","87","93","19362"
"Logan Gilbert","SEA","4.11","16.3%","7.1%","25.1%","29.4","","766","32","0","96","128","86","94","102","22250"
"Trevor Williams","NYM","3.67","16.4%","7.7%","24.9%","-0.3","6.1","372","9","1","99","134","109","96","103","16977"
"Bailey Ober","MIN","4.71","17.6%","11.7%","27.3%","12.8","","227","11","0","106","167","60","84","97","21224"
"Johan Oviedo","- - -","3.17","12.8%","6.2%","27.7%","5.1","1.3","242","8","0","104","86","73","101","96","22487"
"Andrew Wantz","LAA","3.89","15.2%","10.9%","28.8%","0.3","-0.6","204","1","0","111","86","133","92","84","24933"
"Brady Singer","KCR","3.97","18.5%","8.2%","30.3%","26.4","0.0","621","24","0","83","155","98","91","105","25377"
"Dean Kremer","BAL","4.46","10.4%","7.3%","25.2%","15.7","0.9","512","21","0","112","92","73","100","104","19350"
"Joel Payamps","- - -","3.86","10.4%","7.7%","24.7%","","1.5","241","0","0","103","75","105","109","106","14332"
"Aaron Nola","PHI","2.74","25.5%","7.1%","32.4%","55.5","","807","32","0","70","297","76","75","99","16149"
"Jimmy Lambert","CHW","3.05","10.3%","4.5%","26.9%","0.5","2.6","204","2","0","117","68","71","109","97","19541"
"Albert Abreu","- - -","4.40","9.3%","5.5%","27.7%","","-1.6","172","0","0","109","62","108","118","101","17485"
"Anthony Bender","MIA","4.84","11.5%","9.6%","32.8%","","-1.4","78","0","6","92","78","127","101","98","19742"
"Brusdar Graterol","LAD","2.47","16.8%","4.3%","25.6%","0.4","7.4","197","1","4","78","154","49","77","89","20367"
"Connor Brogdon","PHI","3.17","20.7%","6.3%","30.3%","","5.3","188","0","2","87","167","111","98","108","21205"
"Gregory Soto","DET","4.08","9.9%","6.2%","26.0%","","5.2","263","0","30","117","64","28","110","102","19677"
"Miles Mikolas","STL","3.89","14.2%","6.9%","26.0%","26.0","0.3","805","32","0","95","144","101","81","85","9803"
"Manuel Rodriguez","CHC","5.38","-1.8%","5.0%","21.7%","","-1.9","57","0","4","122","33","60","109","79","20794"
"Tanner Rainey","WSN","3.97","18.0%","10.1%","28.4%","","2.4","128","0","12","100","102","136","102","97","17610"
"Andrew Bellatti","PHI","3.64","23.0%","12.7%","30.4%","0.3","9.1","230","1","2","85","114","75","104","119","10657"
"Tyler Thornburg","- - -","3.10","3.4%","1.6%","23.2%","","-0.1","87","0","0","150","46","44","112","86","10688"
"Jesus Luzardo","MIA","3.39","21.3%","6.6%","31.0%","20.1","","400","18","0","78","126","81","81","87","19959"
"Michael Wacha","BOS","4.56","14.2%","9.6%","24.7%","14.3","","515","23","0","101","121","118","89","91","14078"
"Domingo Acevedo","OAK","3.46","15.4%","7.4%","27.9%","","0.3","266","0","4","98","123","111","79","80","17092"
"Drew Smith","NYM","3.78","20.3%","11.8%","29.0%","","-0.6","187","0","0","93","130","160","90","90","17755"
"Andres Machado","WSN","5.31","7.7%","8.6%","26.1%","","-1.1","261","0","0","114","65","96","107","91","14681"
"Ralph Garza","TBR","5.63","0.7%","6.8%","25.9%","","-3.3","153","0","0","135","38","96","123","104","17682"
"Kevin Gausman","TOR","3.34","24.4%","8.1%","29.8%","50.0","","725","31","0","69","264","72","99","127","14107"
"Johnny Cueto","CHW","4.02","10.6%","7.3%","23.3%","22.9","-0.3","651","24","0","111","112","79","98","103","6893"
"Griffin Jax","MIN","3.17","20.0%","6.9%","32.0%","","8.2","290","0","1","84","141","81","84","94","20253"
"Merrill Kelly","ARI","3.62","14.4%","8.3%","26.7%","31.1","","804","33","0","97","106","86","89","92","11156"
"Blake Snell","SDP","3.19","22.4%","7.4%","29.0%","33.0","","535","24","0","81","123","70","94","105","13543"
"Adbert Alzolay","CHC","2.22","32.7%","10.0%","31.6%","","4.6","52","0","0","58","348","61","64","95","17859"
"Kenley Jansen","ATL","2.34","24.2%","7.3%","29.9%","","10.3","260","0","41","87","142","102","82","89","3096"
"Eli Morgan","CLE","2.90","23.0%","8.9%","27.9%","-0.4","6.2","256","1","0","90","200","125","71","79","20203"
"Jeff Brigham","MIA","3.94","17.8%","6.3%","29.6%","","2.0","101","0","1","97","103","102","104","108","16631"
"Zack Weiss","LAA","2.41","19.6%","10.0%","33.0%","","0.4","56","0","0","95","93","125","84","62","15444"
"Kevin Ginkel","ARI","2.90","15.3%","4.9%","31.3%","","5.2","124","0","1","90","100","28","101","110","19876"
"Mychal Givens","- - -","3.70","17.7%","8.2%","28.6%","0.2","1.5","260","1","2","92","104","106","103","109","10430"
"Cal Quantrill","CLE","4.31","10.5%","7.5%","23.8%","20.8","","770","32","0","111","98","94","96","97","19312"
"George Kirby","SEA","3.31","20.5%","8.6%","25.9%","27.4","","542","25","0","84","218","84","96","115","25436"
"Michael Fulmer","- - -","3.78","12.0%","4.4%","27.5%","","6.2","276","0","3","113","79","53","109","108","13218"
"Luis Garcia","SDP","2.83","19.7%","4.1%","29.8%","","15.0","259","0","3","78","147","40","95","111","6984"
"Dany Jimenez","OAK","2.81","11.0%","4.3%","34.3%","","3.9","145","0","11","114","68","49","95","80","21170"
"Alex Lange","DET","3.29","18.8%","5.2%","34.4%","","6.9","271","0","0","82","96","66","98","99","19883"
"Chris Bassitt","NYM","3.46","15.8%","6.6%","29.2%","25.4","","745","30","0","93","125","85","90","97","12304"
"Corey Knebel","PHI","3.80","6.7%","5.7%","26.8%","","-0.3","194","0","12","121","54","73","107","83","15010"
"Matt Manning","DET","4.00","11.0%","6.2%","24.7%","9.7","","263","12","0","111","91","80","94","90","20369"
"Garrett Whitlock","BOS","3.17","21.5%","8.0%","30.4%","6.9","6.1","311","9","6","81","197","107","82","95","20191"
"Ryan Pepiot","LAD","4.31","9.4%","10.2%","27.5%","-1.3","0.2","160","7","0","133","57","135","114","84","26221"
"Matt Bush","- - -","2.64","23.0%","5.4%","33.7%","0.2","0.4","244","6","3","83","149","152","81","80","1246"
"Drew Smyly","CHC","4.17","14.5%","8.6%","27.5%","12.3","","447","22","0","105","128","123","93","94","11760"
"Nick Martinez","SDP","3.83","12.1%","8.1%","29.2%","0.0","4.3","448","10","8","101","85","115","101","95","12730"
"Carlos Estevez","COL","4.17","13.2%","7.6%","21.3%","","3.4","235","0","2","107","86","100","92","85","14542"
"Jordan Montgomery","- - -","4.00","16.9%","7.1%","28.6%","25.2","","724","32","0","87","159","98","87","95","16511"
"Bryan Baker","BAL","3.22","17.2%","4.8%","28.0%","1.4","11.3","291","2","1","90","106","36","99","109","19804"
"Caleb Thielbar","MIN","2.53","25.3%","6.8%","30.1%","","15.1","245","0","1","78","161","70","93","113","10078"
"Taijuan Walker","NYM","3.94","13.4%","7.3%","26.6%","24.0","","649","29","0","97","108","78","93","97","11836"
"Joe Jimenez","DET","2.90","27.7%","7.8%","30.5%","","13.3","231","0","2","68","214","59","87","115","15761"
"Gerrit Cole","NYY","3.31","26.1%","9.5%","31.9%","30.5","","793","33","0","70","186","137","81","94","13125"
"Tyler Matzek","ATL","4.25","3.8%","7.7%","24.3%","","-1.3","184","0","1","140","46","56","98","69","10058"
"Marcus Stroman","CHC","3.94","14.6%","6.6%","28.0%","19.3","","569","25","0","88","121","94","90","93","13431"
"Kyle Finnegan","WSN","3.29","17.9%","8.0%","28.7%","","6.1","268","0","11","81","117","110","89","92","15009"
"Tarik Skubal","DET","3.34","17.8%","5.5%","27.7%","26.0","","477","21","0","86","132","64","92","104","22267"
"Bryan Garcia","DET","5.31","8.3%","13.0%","27.8%","-0.7","","84","4","0","126","61","123","94","75","19457"
"Michael Kopech","CHW","3.94","9.7%","8.8%","27.2%","10.0","","494","25","0","123","67","105","95","78","17282"
"Joe Ryan","MIN","3.57","17.2%","8.6%","27.3%","19.7","","604","27","0","110","116","114","88","88","21390"
"Richard Bleier","MIA","3.78","9.9%","4.5%","25.1%","0.1","4.3","222","1","1","94","117","48","113","117","7803"
"Jharel Cotton","- - -","3.83","10.5%","7.5%","25.9%","","-3.1","181","0","0","125","71","136","100","83","13654"
"Tim Hill","SDP","3.08","5.5%","1.3%","24.0%","","4.5","199","0","0","108","65","17","96","97","16814"
"Tyler Rogers","SFG","3.36","8.2%","3.7%","29.0%","","5.6","319","0","0","103","78","32","99","100","15541"
"Freddy Peralta","MIL","2.70","18.6%","3.5%","29.6%","18.8","-1.1","317","17","0","92","117","63","81","84","18679"
"Braxton Garrett","MIA","4.05","17.7%","7.2%","30.9%","13.8","","373","17","0","88","137","83","98","110","21844"
"Jose Cuas","KCR","4.34","5.6%","3.4%","29.0%","","-0.5","180","0","1","124","51","44","134","113","17701"
"Seth Lugo","NYM","3.46","18.8%","8.2%","29.4%","","1.8","272","0","3","88","141","113","91","97","12447"
"Domingo German","NYY","3.78","13.1%","6.9%","28.5%","6.0","0.3","298","14","0","110","110","127","93","91","17149"
"Ryan Tepera","LAA","3.24","11.6%","5.5%","26.2%","","1.1","232","0","6","108","85","102","86","78","10291"
"Sammy Long","SFG","4.28","10.5%","6.8%","28.4%","1.4","-4.4","181","6","1","117","65","154","98","85","25379"
"Beau Sulser","- - -","3.22","10.1%","5.7%","22.5%","","-0.3","99","0","0","109","77","111","117","109","23420"
"Taylor Widener","ARI","4.02","11.0%","6.7%","24.6%","","0.3","82","0","0","134","103","94","122","118","19266"
"Diego Castillo","SEA","2.96","14.0%","7.6%","27.8%","","3.2","222","0","7","98","87","77","91","87","17496"
"Brandon Bielak","HOU","4.25","14.8%","11.4%","26.5%","","-1.0","54","0","0","119","108","136","97","95","19866"
"Ranger Suarez","PHI","3.78","10.7%","6.8%","25.5%","22.0","","662","29","0","96","82","79","104","100","17277"
"Nick Lodolo","CIN","3.97","20.9%","9.1%","29.8%","17.2","","441","19","0","88","123","103","98","110","26378"
"Zack Greinke","KCR","4.78","7.9%","6.8%","25.0%","17.5","","585","26","0","115","98","85","107","107","1943"
"Eric Lauer","MIL","4.02","14.8%","7.9%","27.4%","10.3","","661","29","0","102","98","139","96","89","19316"
"Jackson Stephens","ATL","3.86","10.2%","4.9%","25.7%","-0.1","3.9","235","1","2","102","75","46","105","99","14420"
"Oliver Ortega","LAA","5.04","10.1%","7.3%","24.2%","","-1.7","148","0","1","100","66","123","117","103","21025"
"Adam Wainwright","STL","4.53","11.1%","6.5%","27.9%","26.9","","803","32","0","103","97","68","100","103","2233"
"Devin Smeltzer","MIN","4.34","7.3%","7.0%","25.2%","-2.5","1.2","287","12","0","127","76","155","98","88","19487"
"Robbie Ray","SEA","3.59","19.4%","7.9%","26.5%","16.9","","775","32","0","91","124","142","95","99","11486"
"Luis Garcia","HOU","3.59","17.1%","7.8%","28.7%","19.6","","643","28","0","97","121","122","90","91","23735"
"Hector Neris","HOU","3.29","23.6%","6.8%","31.1%","","15.4","263","0","3","83","168","38","81","102","11804"
"Chris Flexen","SEA","4.62","7.5%","9.0%","22.5%","4.5","2.1","590","22","2","128","67","103","106","94","13896"
"Alex Cobb","SFG","3.15","17.1%","3.7%","29.4%","33.6","","631","28","0","73","129","49","102","115","6562"
"Hirokazu Sawamura","BOS","4.31","5.9%","7.1%","25.4%","","0.1","221","0","0","114","54","66","113","95","27515"
"Jarlin Garcia","SFG","4.28","14.1%","10.8%","27.9%","","-1.0","270","0","1","106","114","126","94","93","18282"
"Pablo Lopez","MIA","3.75","16.4%","9.0%","28.1%","26.8","","736","32","0","89","120","95","91","97","17085"
"Craig Kimbrel","LAD","3.51","16.9%","9.0%","29.4%","","8.2","260","0","22","101","94","54","103","107","6655"
"Keegan Thompson","CHC","4.46","13.4%","8.6%","26.8%","0.8","7.0","485","17","1","107","92","114","99","96","19795"
"Hoby Milner","MIL","3.39","18.0%","3.2%","30.8%","","6.8","272","0","0","85","156","63","92","106","13346"
"Jesse Chavez","- - -","4.31","18.5%","8.1%","30.6%","0.2","6.8","292","1","0","84","135","95","103","115","5448"
"Reid Detmers","LAA","4.05","14.1%","8.0%","27.0%","21.1","","539","25","0","107","96","84","97","97","27468"
"Brent Suter","MIL","3.72","11.4%","5.7%","27.7%","","-1.8","272","0","0","105","88","110","94","91","13942"
"Roansy Contreras","PIT","4.43","11.5%","11.0%","29.8%","8.2","0.8","408","18","0","112","81","112","100","88","22810"
"Ryan Thompson","TBR","3.05","15.5%","4.7%","30.3%","","3.7","181","0","3","90","128","78","94","98","16647"
"Luis Perdomo","MIL","4.91","9.4%","8.8%","28.1%","","-1.5","96","0","0","95","147","138","89","90","14682"
"Justin Bruihl","LAD","3.72","7.0%","6.4%","23.2%","","-2.7","100","0","1","129","79","138","92","83","23779"
"Louie Varland","MIN","4.56","14.2%","6.4%","26.3%","2.0","","106","5","0","105","126","129","98","104","27691"
"Colin Holderman","- - -","3.59","8.5%","6.6%","24.3%","","3.0","118","0","0","120","63","0","94","90","22361"
"Jeff Hoffman","CIN","4.20","11.2%","8.7%","25.8%","0.7","1.3","197","1","0","126","67","91","110","99","17432"
"Matt Strahm","BOS","3.34","18.1%","7.6%","28.7%","","2.9","193","0","4","102","110","94","98","101","13799"
"Buck Farmer","CIN","3.51","14.6%","5.0%","28.5%","","9.6","199","0","2","97","79","35","101","100","14814"
"David Peterson","NYM","3.94","17.2%","7.7%","27.7%","14.9","-1.4","454","19","0","83","96","85","104","107","20302"
"Aaron Loup","LAA","4.34","11.5%","5.6%","27.4%","","3.5","260","0","1","104","85","57","103","100","10343"
"Phil Maton","HOU","4.28","17.4%","6.3%","29.9%","","-0.7","281","0","0","97","110","127","100","101","18064"
"Joe Barlow","TEX","5.28","10.3%","10.9%","28.7%","","-3.2","146","0","13","124","78","119","91","80","22296"
"JP Sears","- - -","4.49","9.7%","9.0%","27.2%","3.3","1.4","288","11","0","116","80","96","103","101","23429"
"Bailey Falter","PHI","4.62","16.3%","8.3%","30.3%","7.2","-1.4","349","16","0","103","160","155","95","100","20070"
"Justus Sheffield","SEA","5.38","2.0%","2.7%","22.3%","-1.2","0.4","51","1","0","123","42","72","103","78","17285"
"Cody Poteet","MIA","4.74","8.8%","6.1%","27.5%","-0.2","-0.8","114","2","0","103","70","117","95","83","18769"
"Jandel Gustave","MIL","4.00","13.3%","6.3%","26.2%","","-0.4","120","0","0","102","90","117","101","95","14665"
"Cody Stashak","MIN","2.83","23.1%","4.0%","30.0%","","3.4","65","0","0","92","","51","78","107","18088"
"Nathan Eovaldi","BOS","4.31","18.0%","10.7%","28.4%","9.7","","460","20","0","87","186","161","99","104","9132"
"Jason Foley","DET","3.62","12.5%","4.5%","24.8%","","7.6","256","0","0","90","141","28","110","123","19531"
"Konnor Pilkington","CLE","4.81","7.0%","12.1%","23.8%","2.4","0.4","258","11","0","123","56","86","117","98","21453"
"Joey Krehbiel","BAL","4.08","11.1%","7.3%","25.8%","","-3.3","244","0","1","110","90","130","98","91","13707"
"Mitch Keller","PIT","4.23","11.4%","7.1%","25.8%","19.9","0.6","687","29","0","100","84","72","109","110","17594"
"Jameson Taillon","NYY","4.20","16.3%","8.3%","26.3%","21.5","","728","32","0","96","170","123","90","96","11674"
"Garrett Cleavinger","- - -","3.29","27.2%","7.7%","35.4%","","3.7","92","0","0","68","166","72","72","83","17897"
"Blake Taylor","HOU","4.31","-1.3%","5.5%","21.0%","","-0.9","75","0","0","141","33","52","125","90","16418"
"Noah Syndergaard","- - -","4.43","11.3%","7.8%","26.3%","20.3","0.7","565","24","0","108","109","86","99","102","11762"
"Jose Urquidy","HOU","4.56","14.1%","9.4%","25.8%","12.5","-2.8","681","28","0","110","127","148","93","92","18413"
"Zack Kelly","BOS","2.76","11.9%","6.8%","26.6%","","0.0","59","0","0","110","99","122","105","100","20349"
"Michael Rucker","CHC","3.64","13.1%","8.2%","25.6%","","0.4","229","0","0","102","92","119","100","95","19454"
"Reiss Knehr","SDP","4.31","10.2%","9.8%","21.5%","-0.1","0.3","59","1","0","134","92","60","86","86","21541"
"Jon Gray","TEX","3.59","18.2%","6.1%","29.3%","16.9","","521","24","0","88","124","112","90","94","14916"
"Jose Suarez","LAA","3.67","15.2%","8.4%","27.0%","13.9","1.4","462","20","0","98","113","107","100","101","19911"
"Will Smith","- - -","3.57","15.3%","5.9%","30.7%","","-1.5","261","0","5","104","95","125","111","106","8048"
"Carlos Carrasco","NYM","4.08","17.2%","7.0%","27.1%","22.5","","645","29","0","87","136","91","104","116","6632"
"Cole Irvin","OAK","4.40","12.4%","9.6%","25.7%","13.7","","741","30","0","110","128","115","93","95","19244"
"Jose Quijada","LAA","2.87","18.3%","10.6%","28.2%","","4.3","169","0","3","105","89","103","90","78","19200"
"Colin Poche","TBR","3.51","17.1%","8.9%","26.6%","","-2.4","245","0","7","103","105","157","93","83","19403"
"Mark Leiter Jr.","CHC","3.91","17.0%","6.2%","30.1%","-4.6","6.4","282","4","3","91","107","121","89","86","15551"
"Lance Lynn","CHW","3.62","20.5%","6.7%","26.7%","17.4","","512","21","0","87","236","131","91","103","2520"
"Will Vest","DET","4.02","15.1%","7.1%","26.5%","-1.7","5.6","272","2","1","88","103","80","106","110","19769"
"Dominic Leone","SFG","3.72","12.6%","6.2%","28.6%","","0.0","222","0","3","103","79","99","125","120","13763"
"Walker Buehler","LAD","4.28","15.0%","6.6%","26.2%","9.1","","274","12","0","91","125","100","101","107","19374"
"Kyle Crick","CHW","4.37","12.1%","2.9%","31.5%","","1.3","66","0","0","105","62","0","107","103","13182"
"Garrett Hill","DET","5.75","4.2%","9.5%","24.4%","-1.1","-0.9","263","8","0","142","50","111","109","86","25097"
"Chris Paddack","MIN","3.10","19.4%","5.7%","27.2%","8.0","","93","5","0","80","361","0","97","125","20099"
"John King","TEX","4.20","7.2%","6.2%","25.0%","","-0.4","222","0","0","93","77","81","117","114","22051"
"Miguel Castro","NYY","4.87","12.2%","11.1%","32.6%","","0.6","131","0","0","107","75","58","116","110","15684"
"Daniel Castano","MIA","4.81","7.1%","6.4%","23.1%","-0.1","0.8","156","7","0","109","73","114","112","106","19805"
"Taylor Clarke","KCR","3.15","19.7%","6.2%","23.1%","","6.4","203","0","3","92","217","102","94","110","17611"
"Zach Eflin","PHI","3.27","16.0%","6.1%","27.6%","10.2","2.8","313","13","1","96","137","86","88","97","13774"
"Miguel Sanchez","MIL","4.91","1.7%","9.8%","28.0%","","-2.7","58","0","0","120","41","184","117","81","20074"
"Frankie Montas","- - -","4.02","16.3%","7.9%","25.6%","18.7","","608","27","0","91","119","104","100","104","14309"
"Eduardo Rodriguez","DET","4.20","9.7%","7.1%","23.8%","6.1","","391","17","0","112","76","110","106","97","13164"
"Zach Davies","ARI","4.56","8.8%","8.0%","26.7%","5.3","","570","27","0","114","72","128","101","88","13183"
"Hanser Alberto","LAD","4.71","-4.3%","9.5%","12.5%","","-1.2","47","0","0","190","12","148","92","69","11902"
"Jake Fishman","MIA","4.17","12.5%","5.1%","25.1%","","1.2","48","0","0","105","","0","92","114","20060"
"Nick Vespi","BAL","5.49","17.9%","10.7%","31.6%","","-1.4","112","0","1","84","126","159","112","120","21093"
"Trent Thornton","TOR","5.17","10.6%","6.7%","28.6%","","-0.6","189","0","0","114","79","127","99","91","17948"
"Justin Grimm","OAK","5.14","5.6%","9.8%","25.6%","","-0.3","71","0","0","134","57","55","130","119","11720"
"Caleb Smith","ARI","3.86","8.6%","6.6%","26.9%","-3.3","-4.7","302","1","0","129","61","163","107","81","14875"
"Derek Law","- - -","4.78","9.8%","9.2%","27.8%","","-0.9","92","0","0","109","78","126","124","111","13133"
"Jonathan Loaisiga","NYY","3.46","8.9%","2.0%","26.8%","","3.8","203","0","2","96","70","52","103","97","19753"
"Marco Gonzales","SEA","4.59","6.8%","7.2%","23.5%","0.5","","783","32","0","124","74","137","106","96","15467"
"Trevor Gott","MIL","2.94","17.2%","7.9%","28.3%","","-1.3","186","0","0","96","134","143","80","78","15046"
"Brett Martin","TEX","3.83","10.4%","5.2%","27.2%","-0.5","3.5","212","1","3","96","80","67","109","107","17369"
"Darren O'Day","ATL","2.70","17.0%","5.3%","26.0%","","0.4","94","0","0","104","95","113","105","102","3321"
"Matthew Festa","SEA","3.72","21.0%","7.4%","31.0%","","-1.2","219","0","2","88","128","155","90","92","19330"
"Lucas Gilbreath","COL","4.17","12.3%","2.8%","28.1%","","5.9","187","0","0","102","69","38","115","113","21290"
"Beau Brieske","DET","5.60","8.6%","10.4%","22.1%","1.2","","339","15","0","121","78","143","96","84","26079"
"Steve Cishek","WSN","4.56","16.4%","8.7%","29.6%","","-2.8","287","0","1","104","100","135","95","91","6483"
"Kenny Rosenberg","LAA","3.97","4.3%","3.0%","23.8%","0.2","-0.1","47","1","0","141","48","78","112","87","20009"
"Rowan Wick","CHC","5.35","13.6%","10.3%","27.6%","","0.5","294","0","9","93","87","115","132","129","14646"
"Austin Pruitt","OAK","3.94","12.9%","9.7%","27.2%","1.5","-4.7","224","1","1","106","144","166","82","78","15290"
"James Kaprielian","OAK","4.65","6.8%","8.0%","24.9%","3.4","","577","26","0","129","60","100","107","92","18331"
"Adrian Morejon","SDP","3.94","13.5%","8.7%","23.9%","","2.3","141","0","0","114","114","96","92","93","20039"
"Michael Lorenzen","LAA","3.91","10.0%","6.8%","25.5%","9.9","","411","18","0","106","70","94","102","91","14843"
"Jack Flaherty","STL","4.94","6.6%","5.6%","25.5%","-0.5","0.4","167","8","0","123","53","91","126","106","17479"
"Tyler Wells","BAL","3.78","11.3%","7.9%","26.5%","8.8","","423","23","0","117","98","129","91","86","20000"
"Chris Stratton","- - -","4.14","12.5%","5.7%","27.5%","0.5","6.5","279","1","2","101","88","52","120","124","13761"
"Rich Hill","BOS","4.08","13.7%","8.2%","29.4%","16.6","","526","26","0","105","106","101","104","106","4806"
"Anibal Sanchez","WSN","4.65","5.1%","7.7%","22.6%","-1.9","","292","14","0","132","53","153","99","74","3284"
"Paul Blackburn","OAK","4.14","12.6%","7.0%","27.4%","7.8","","467","21","0","99","107","113","100","101","14739"
"Reyes Moronta","- - -","3.27","12.4%","6.8%","28.5%","","1.2","161","0","2","120","77","108","100","87","14966"
"Zach Plesac","CLE","5.28","10.9%","9.6%","24.2%","8.5","0.3","568","24","0","112","95","121","105","101","19979"
"Tanner Scott","MIA","4.17","15.2%","5.4%","31.3%","","3.7","289","0","20","89","72","65","126","119","17586"
"Matt Barnes","BOS","4.28","7.4%","8.5%","28.7%","","1.0","176","0","8","126","58","42","115","102","12863"
"Tommy Nance","MIA","3.94","18.4%","4.4%","30.4%","0.1","2.2","196","2","0","85","100","93","118","126","19178"
"Mike Clevinger","SDP","4.65","11.5%","9.5%","26.3%","3.9","0.5","485","22","0","119","93","143","94","85","12808"
"Corey Kluber","TBR","4.00","17.1%","6.9%","29.7%","28.1","","689","31","0","99","239","102","97","110","2429"
"Austin Voth","- - -","4.40","13.3%","8.5%","26.4%","10.4","-1.1","442","17","0","110","105","114","111","111","15047"
"Charlie Morton","ATL","4.11","19.5%","9.5%","30.6%","14.5","","728","31","0","90","119","133","96","100","4676"
"Anthony Misiewicz","- - -","4.05","14.0%","11.9%","26.9%","","0.1","121","0","0","107","98","115","102","100","18152"
"Shawn Armstrong","- - -","3.27","18.2%","7.7%","28.2%","0.9","3.4","269","3","2","87","140","95","107","117","12857"
"Wil Crowe","PIT","4.20","9.0%","4.9%","27.1%","-0.7","-0.1","332","1","4","107","66","86","109","96","19800"
"Manny Banuelos","- - -","3.70","12.0%","3.7%","26.6%","","2.9","175","0","1","100","73","40","101","96","5365"
"Duane Underwood Jr.","PIT","4.11","12.4%","3.5%","26.7%","0.4","8.5","259","1","1","98","82","14","113","114","14677"
"Sean Poppen","ARI","3.57","8.3%","7.1%","27.3%","","-3.7","120","0","0","122","67","142","106","94","19583"
"Matt Foster","CHW","4.20","13.0%","6.0%","23.4%","","1.5","193","0","1","111","89","111","106","101","19647"
"Tyler Mahle","- - -","3.49","16.5%","7.5%","28.4%","19.5","","503","23","0","101","107","109","95","96","16358"
"Jake Odorizzi","- - -","4.11","11.3%","7.3%","23.6%","11.8","","453","22","0","118","89","108","105","101","6397"
"Phillips Valdez","BOS","4.17","8.3%","4.3%","28.6%","","0.3","72","0","0","129","67","0","93","91","15605"
"Mauricio Llovera","SFG","2.76","16.7%","9.1%","29.7%","0.4","0.6","72","1","0","90","87","100","105","98","20080"
"Rony Garcia","DET","6.33","17.0%","16.3%","23.3%","0.9","1.1","206","8","0","105","133","148","83","82","20430"
"Ronald Bolanos","KCR","6.13","0.0%","6.7%","24.7%","","-2.1","87","0","0","146","36","91","139","108","20041"
"Jakob Junis","SFG","4.17","15.3%","7.4%","29.7%","7.8","4.5","478","17","0","92","144","95","101","108","13619"
"Jordan Lyles","BAL","4.94","11.9%","10.4%","26.4%","13.9","","774","32","0","112","100","121","111","109","7593"
"Craig Stammen","SDP","4.08","14.1%","6.9%","28.2%","-1.1","-2.8","177","1","0","93","128","181","106","102","7274"
"Emilio Pagan","MIN","3.91","21.2%","9.8%","28.2%","","-1.0","274","0","9","82","117","159","109","111","14771"
"Hunter Greene","CIN","4.00","21.8%","9.4%","29.2%","15.0","","531","24","0","91","125","156","95","96","22182"
"Matt Brash","SEA","4.53","13.1%","4.8%","32.3%","-2.2","8.0","222","5","0","94","68","49","124","123","25756"
"Ross Detwiler","CIN","5.42","14.8%","8.6%","26.8%","","-1.0","122","0","1","98","103","155","122","117","2859"
"Aaron Ashby","MIL","3.75","16.6%","6.8%","32.5%","4.6","4.2","475","19","1","83","98","114","111","111","23550"
"Dakota Hudson","STL","5.01","2.9%","6.0%","23.0%","10.0","0.0","596","26","0","121","47","53","113","103","19206"
"Aroldis Chapman","NYY","4.46","9.4%","6.8%","30.9%","","-2.1","160","0","9","121","55","92","114","83","10233"
"Dane Dunning","TEX","4.49","11.2%","8.9%","27.8%","8.4","","671","29","0","102","80","109","115","109","19409"
"Joely Rodriguez","NYM","3.62","14.4%","3.8%","31.8%","","3.6","216","0","0","87","80","49","106","104","11487"
"Dustin May","LAD","3.67","11.8%","5.1%","28.7%","2.5","","127","6","0","105","76","82","91","81","19716"
"MacKenzie Gore","SDP","5.21","11.3%","9.7%","26.4%","8.6","-0.9","309","13","0","111","71","82","115","107","22201"
"Ryan Yarbrough","TBR","4.40","11.0%","7.3%","26.0%","6.1","-6.4","355","9","0","121","100","125","110","106","16502"
"Luis Ortiz","PIT","2.96","10.1%","2.4%","31.6%","3.0","","69","4","0","111","62","51","88","58","27646"
"Victor Arano","WSN","3.62","17.1%","5.5%","28.3%","","3.2","187","0","1","87","134","97","110","118","15915"
"Ian Gibaut","- - -","3.27","18.8%","4.3%","29.0%","","5.7","160","0","1","88","98","68","124","137","17871"
"Lou Trivino","- - -","4.37","17.2%","7.1%","27.6%","","2.3","250","0","11","84","101","93","131","136","15043"
"Drew Hutchison","DET","5.38","5.6%","8.8%","23.6%","0.8","-0.1","464","18","0","125","58","119","118","102","10732"
"Kyle Freeland","COL","5.11","10.2%","9.7%","24.9%","24.5","","766","31","0","112","91","89","110","109","16256"
"Kirk McCarty","CLE","5.31","8.2%","10.9%","26.5%","-3.4","-4.8","159","2","0","123","72","244","106","84","20555"
"Chris Archer","MIN","4.81","8.2%","8.6%","25.6%","4.7","","437","25","0","116","63","98","105","90","6345"
"Nick Pivetta","BOS","4.65","13.2%","9.0%","26.7%","14.2","","773","33","0","108","87","126","110","105","15454"
"Luis Cessa","CIN","4.43","9.2%","9.3%","26.5%","2.1","-2.0","336","10","0","107","77","142","101","91","13345"
"Dillon Peters","PIT","4.49","5.5%","6.6%","24.6%","2.1","-3.1","165","4","0","122","56","104","103","88","18790"
"Yohan Ramirez","- - -","4.71","7.2%","7.3%","27.7%","","-1.9","167","0","1","119","58","89","110","92","19444"
"Adam Kolarek","OAK","4.71","1.3%","5.1%","21.4%","","-1.0","79","0","0","120","41","47","127","114","10843"
"Jose Ruiz","CHW","4.31","13.2%","8.5%","26.7%","","-1.3","265","0","0","105","74","124","113","99","14552"
"Michael Grove","LAD","3.10","10.5%","6.1%","25.0%","-0.3","-0.1","133","6","0","119","88","167","112","96","23221"
"Wyatt Mills","- - -","4.40","10.2%","4.8%","27.4%","","2.0","128","0","0","118","72","28","106","105","20010"
"Joe Smith","MIN","5.28","6.6%","10.5%","22.9%","","-8.3","122","0","0","111","68","214","123","103","3281"
"Touki Toussaint","LAA","4.02","6.5%","3.4%","26.2%","1.5","-1.1","108","2","0","121","49","66","107","80","16929"
"Genesis Cabrera","STL","4.94","6.2%","7.2%","25.5%","","-7.8","194","0","1","122","59","146","103","82","17490"
"Glenn Otto","TEX","5.01","7.7%","8.9%","25.5%","-0.2","","587","27","0","123","62","129","107","89","21366"
"Mark Melancon","ARI","4.78","5.7%","6.8%","25.1%","","1.2","247","0","18","116","61","73","117","107","4264"
"Erich Uelmen","CHC","4.05","7.4%","8.4%","27.2%","","-2.2","122","0","1","130","64","91","107","94","20323"
"JT Brubaker","PIT","4.56","14.4%","7.6%","29.6%","18.5","","646","28","0","97","100","96","115","114","17578"
"Robert Gsellman","CHC","7.22","9.4%","13.5%","23.7%","","-0.1","64","0","1","107","110","106","102","103","13696"
"Spenser Watkins","BAL","5.07","7.2%","7.2%","25.5%","9.2","-0.5","459","20","0","119","76","87","113","107","17489"
"Josh Winder","MIN","5.21","10.1%","10.1%","25.9%","3.8","-3.1","287","11","0","125","94","137","104","98","24606"
"Brayan Bello","BOS","3.80","10.4%","5.4%","27.7%","11.1","0.3","268","11","0","96","74","15","142","141","23920"
"Anthony Gose","CLE","5.04","15.2%","22.4%","30.1%","","-1.5","92","0","0","110","72","159","110","85","5097"
"Mike Baumann","BAL","4.43","9.4%","7.0%","19.5%","2.0","1.3","149","4","0","109","92","73","121","125","20206"
"Phil Bickford","LAD","3.46","21.5%","11.6%","28.6%","","0.6","247","0","0","90","175","161","86","92","18519"
"Adrian Houser","MIL","4.94","4.8%","5.6%","23.4%","9.4","0.4","455","21","0","116","52","64","114","99","12718"
"Taylor Rogers","- - -","4.11","23.7%","8.8%","34.8%","","9.4","274","0","31","82","162","89","92","112","13449"
"Vince Velasquez","CHW","4.65","13.8%","13.0%","28.0%","0.8","3.2","319","9","0","114","100","122","99","94","11189"
"Packy Naughton","STL","3.75","17.0%","6.9%","27.6%","0.0","4.1","141","3","1","84","131","77","112","125","23292"
"Jeremy Beasley","TOR","3.27","21.9%","13.2%","26.6%","","-1.1","64","0","0","100","137","223","101","103","20205"
"Trevor Megill","MIN","4.91","16.3%","8.5%","27.0%","","3.8","196","0","0","89","104","74","119","128","17722"
"Kyle Hendricks","CHC","5.07","11.8%","9.9%","28.3%","3.5","","356","16","0","111","101","145","101","97","12049"
"Tyler Alexander","DET","5.42","8.4%","11.2%","23.4%","-3.2","2.2","427","17","0","121","88","149","105","97","17735"
"Archie Bradley","LAA","3.36","10.3%","7.1%","26.2%","","2.2","78","0","2","97","77","45","103","101","12918"
"Davis Martin","CHW","4.71","10.8%","7.0%","26.1%","5.5","0.1","269","9","0","112","91","106","103","100","21448"
"Corbin Martin","ARI","6.74","8.9%","10.3%","24.9%","-3.2","1.6","101","2","0","117","64","110","130","116","19884"
"Jordan Hicks","STL","3.91","10.6%","7.0%","27.2%","-2.1","4.8","263","8","0","101","66","67","103","92","19618"
"Paolo Espino","WSN","4.78","14.0%","7.9%","28.5%","-3.9","2.7","487","19","0","104","141","173","107","106","8246"
"Nick Nelson","PHI","3.64","10.8%","3.6%","25.7%","1.3","8.1","306","2","1","112","70","12","116","114","20153"
"Madison Bumgarner","ARI","5.53","9.0%","9.8%","23.9%","4.7","","698","30","0","121","84","129","112","105","5524"
"Dylan Bundy","MIN","4.34","11.1%","8.9%","26.7%","6.6","","595","29","0","119","121","143","102","99","12917"
"Graham Ashcraft","CIN","4.02","8.8%","4.8%","23.5%","12.7","","464","19","0","102","87","86","111","108","27552"
"Kyle Bradish","BAL","4.49","12.8%","7.8%","25.9%","7.0","","509","23","0","102","87","121","112","108","24586"
"Lucas Giolito","CHW","4.23","16.6%","7.5%","29.1%","17.1","","698","30","0","93","105","124","115","119","15474"
"Hunter Strickland","CIN","5.38","9.5%","9.8%","26.2%","","0.1","284","0","7","124","67","105","118","103","7836"
"Tyler Duffey","MIN","5.53","13.0%","8.5%","26.7%","","-4.3","185","0","2","90","94","152","109","106","13758"
"Jake Bird","COL","4.78","9.0%","6.3%","26.7%","","-2.6","211","0","0","103","67","120","112","96","21267"
"Yerry De Los Santos","PIT","4.68","13.4%","12.2%","26.9%","","0.9","112","0","3","98","87","95","101","92","21420"
"Sam Selman","OAK","3.64","17.3%","7.8%","28.5%","","-1.9","75","0","0","107","130","182","91","89","13397"
"Aaron Civale","CLE","3.80","18.7%","7.5%","27.6%","12.5","","407","20","0","92","161","121","95","104","19479"
"Ken Waldichuk","OAK","4.59","15.8%","12.1%","25.1%","2.7","","146","7","0","108","119","121","97","100","27681"
"Cole Ragans","TEX","4.78","6.3%","6.9%","22.2%","2.1","","174","9","0","123","61","125","118","103","21846"
"German Marquez","COL","4.49","11.2%","7.1%","25.7%","13.7","","779","31","0","101","87","135","107","100","15038"
"Sean Manaea","SDP","4.05","15.8%","9.1%","27.4%","10.0","1.0","671","28","0","99","111","150","101","100","15873"
"JoJo Romero","- - -","4.84","10.4%","10.0%","31.0%","","-1.7","67","0","0","92","62","150","110","93","19574"
"Amir Garrett","KCR","3.62","8.7%","6.4%","27.7%","","5.1","196","0","0","121","55","0","106","89","14375"
"Jake Diekman","- - -","4.25","13.8%","7.1%","30.4%","","-6.1","269","0","1","110","68","130","130","114","5003"
"Ian Anderson","ATL","4.37","8.7%","6.2%","25.7%","9.0","","493","22","0","106","66","88","118","107","19951"
"Shane Baz","TBR","4.23","17.9%","7.8%","29.3%","1.0","","117","6","0","87","120","155","106","107","22264"
"Javy Guerra","- - -","5.42","-1.2%","8.3%","22.7%","","-3.4","82","0","0","156","33","138","119","79","17292"
"Jose Urena","- - -","4.94","4.6%","6.8%","22.6%","8.5","-1.1","432","17","0","115","54","93","123","107","11589"
"Pierce Johnson","SDP","2.64","20.3%","0.0%","30.0%","","2.8","64","0","0","70","96","57","120","131","13435"
"Josiah Gray","WSN","4.25","13.6%","10.7%","27.9%","-6.2","","649","28","0","114","86","209","106","88","24580"
"Matt Swarmer","CHC","5.63","10.5%","13.4%","27.5%","-7.7","-0.9","153","5","0","117","66","288","122","85","19705"
"Trevor May","NYM","3.64","18.9%","9.7%","30.5%","","0.8","111","0","1","94","122","131","113","116","6398"
"Kyle Gibson","PHI","4.46","13.4%","7.5%","26.2%","17.6","","718","31","0","99","110","117","104","106","10123"
"Antonio Senzatela","COL","5.24","7.5%","4.5%","21.9%","13.6","","413","19","0","102","86","80","132","131","15488"
"Zack Littell","SFG","3.64","13.7%","8.0%","26.1%","","-2.6","190","0","1","104","110","147","108","106","15823"
"Brad Keller","KCR","4.37","7.3%","6.6%","23.4%","5.8","1.0","617","22","1","110","65","102","120","108","15734"
"Alex Wood","SFG","4.00","18.2%","7.1%","28.9%","16.3","","555","26","0","86","160","106","97","108","13781"
"Daniel Lynch","KCR","5.07","11.7%","8.8%","24.8%","7.0","","600","27","0","109","85","133","126","117","21537"
"Josh Rogers","WSN","5.01","0.9%","8.9%","21.2%","-0.6","-2.5","113","3","0","148","40","186","104","73","18510"
"Taylor Hearn","TEX","4.81","12.0%","9.8%","25.9%","1.3","6.8","449","13","1","106","81","92","120","114","18325"
"Tyler Danish","BOS","6.29","11.6%","10.4%","26.4%","","-3.7","173","0","0","104","96","145","103","98","15126"
"Tylor Megill","NYM","4.31","19.0%","10.4%","26.7%","6.2","-0.3","200","9","0","84","144","121","97","104","21318"
"Tyler Beede","- - -","4.84","3.5%","5.2%","24.7%","-1.7","-0.8","285","5","0","128","49","93","127","107","16981"
"Jackson Tetreault","WSN","7.41","-1.0%","9.1%","22.2%","-1.3","","96","4","0","145","33","155","123","89","20565"
"Zach Thompson","PIT","5.14","8.1%","6.4%","26.3%","0.0","2.2","543","22","0","111","72","127","118","106","16094"
"Yusei Kikuchi","TOR","5.63","14.5%","14.8%","27.6%","-7.4","0.0","454","20","1","103","77","191","120","102","20633"
"Daniel Norris","- - -","4.49","14.8%","10.8%","30.9%","-0.2","-3.8","250","3","0","101","83","154","99","86","13475"
"Dennis Santana","TEX","3.89","10.2%","4.7%","28.9%","0.4","5.9","255","1","1","106","70","28","106","100","17878"
"Jordan Weems","WSN","3.39","17.5%","7.1%","24.5%","","1.0","166","0","0","99","125","144","93","90","13190"
"Josh Hader","- - -","3.51","27.4%","11.5%","31.9%","","7.2","219","0","36","74","141","131","100","114","14212"
"Noe Ramirez","ARI","4.17","11.6%","8.9%","29.4%","","-6.2","215","0","0","111","72","147","111","98","12800"
"Jose Berrios","TOR","5.11","13.8%","9.5%","27.7%","10.7","","753","32","0","107","120","141","113","114","14168"
"Tyler Gilbert","ARI","6.74","6.8%","11.3%","25.0%","-2.8","-0.6","146","7","0","129","73","190","98","80","17964"
"Cory Abbott","WSN","4.43","9.3%","12.1%","25.2%","-4.8","-0.1","216","9","0","142","66","204","112","85","20277"
"Steven Matz","STL","3.64","21.3%","9.2%","30.4%","5.2","1.1","207","10","0","79","198","136","98","108","13361"
"Garrett Richards","TEX","4.40","12.4%","7.5%","26.7%","-0.8","3.2","185","2","1","100","100","59","107","110","9784"
"J.B. Wendelken","ARI","6.33","5.7%","7.0%","23.0%","","-2.7","122","0","0","114","55","113","105","88","14506"
"Jon Heasley","KCR","5.35","4.9%","9.4%","22.5%","-5.0","","465","21","0","140","54","153","119","96","22224"
"Jose Alvarez","SFG","7.22","7.9%","12.0%","25.6%","","-3.8","76","0","1","121","61","160","133","102","5358"
"Cole Sulser","MIA","4.97","14.8%","8.4%","28.6%","","-1.5","149","0","2","93","87","144","126","127","15256"
"Keynan Middleton","ARI","5.67","17.4%","12.0%","33.2%","","-3.0","69","0","0","106","183","240","87","84","15264"
"Trevor Richards","TOR","4.62","16.7%","11.0%","28.9%","2.0","-0.2","281","4","0","101","85","118","115","109","19309"
"Tommy Henry","ARI","4.87","7.3%","9.0%","25.4%","-3.8","","205","9","0","124","63","174","113","94","26285"
"Ian Kennedy","ARI","6.13","9.5%","12.1%","23.6%","","-8.8","232","0","10","126","73","178","123","102","6986"
"Casey Mize","DET","5.97","4.4%","10.3%","21.9%","0.9","","45","2","0","142","72","84","120","110","20492"
"Tommy Milone","SEA","5.45","-1.4%","7.0%","23.1%","","-3.3","69","0","0","166","30","201","96","66","7608"
"Luke Farrell","- - -","5.63","10.0%","8.2%","26.3%","-0.1","-0.4","70","2","0","115","47","163","130","112","15101"
"Anderson Espinoza","CHC","5.49","3.5%","10.9%","23.2%","","-5.0","85","0","0","140","44","178","128","82","18593"
"Jason Alexander","MIL","5.49","5.6%","8.2%","25.9%","-0.7","-2.5","321","11","0","113","60","137","127","113","19666"
"Bryan Shaw","CLE","4.74","10.0%","6.7%","24.4%","-0.2","-4.0","261","2","1","110","72","129","115","101","8110"
"Sean Reid-Foley","NYM","3.31","2.3%","3.6%","29.1%","","-0.8","44","0","0","149","42","82","109","76","17034"
"Matt Peacock","- - -","3.70","4.3%","5.6%","26.8%","","-0.2","46","0","0","101","54","82","127","109","20339"
"Dauri Moreta","CIN","4.02","16.3%","12.5%","28.9%","-1.1","-2.4","160","1","1","110","107","213","92","80","21101"
"Robert Stephenson","- - -","4.78","16.6%","9.0%","29.1%","","2.3","247","0","0","103","144","141","104","109","13594"
"Yunior Marte","SFG","3.83","10.3%","3.5%","26.3%","","-1.2","214","0","0","108","73","85","112","105","14416"
"Mitch White","- - -","4.14","9.8%","5.6%","23.9%","10.6","1.5","440","18","0","111","81","75","116","111","19225"
"Trevor Rogers","MIA","4.84","12.8%","7.5%","26.0%","7.6","","477","23","0","103","86","114","118","113","22286"
"Kutter Crawford","BOS","4.62","14.4%","8.8%","27.5%","4.0","0.9","334","12","0","110","96","130","114","112","20531"
"Calvin Faucher","TBR","6.01","10.9%","13.0%","28.2%","","-2.5","101","0","1","111","76","157","135","118","20116"
"Tony Santillan","CIN","4.56","9.4%","3.4%","28.2%","","1.6","96","0","4","129","64","42","139","130","19926"
"Bryse Wilson","PIT","5.53","9.2%","7.7%","24.5%","-1.1","0.0","509","20","0","113","91","141","111","104","19990"
"Alex Faedo","DET","5.53","7.8%","9.8%","26.1%","3.3","","244","12","0","128","64","109","131","117","19874"
"Austin Gomber","COL","4.59","11.5%","8.5%","25.1%","9.3","-0.4","529","17","0","105","102","131","107","106","16561"
"Greg Weissert","NYY","2.87","12.5%","3.3%","27.4%","","-0.4","48","0","0","120","79","74","77","60","20375"
"Kris Bubic","KCR","5.67","8.0%","7.8%","24.9%","5.3","-0.5","587","27","0","115","62","117","136","123","21455"
"Cristopher Sanchez","PHI","4.31","10.2%","6.6%","26.0%","-0.1","-0.1","177","3","1","105","75","102","107","97","20778"
"Austin Warren","LAA","7.45","5.7%","14.3%","22.6%","","-1.6","70","0","0","131","65","157","120","105","24937"
"Jacob Barnes","- - -","4.78","3.1%","6.8%","22.2%","","-2.7","97","0","0","128","40","112","114","98","12323"
"Eric Stout","- - -","4.37","8.2%","9.1%","28.9%","","-0.4","110","0","1","137","57","73","144","123","16873"
"Drew Steckenrider","SEA","8.33","7.4%","11.3%","21.3%","","-0.2","68","0","2","117","72","117","145","130","18806"
"Hyun-Jin Ryu","TOR","5.24","10.6%","9.7%","25.1%","0.9","","113","6","0","108","144","155","106","107","14444"
"Humberto Castellanos","ARI","5.35","10.3%","6.8%","25.8%","1.4","0.0","194","9","0","117","98","129","109","106","21183"
"Mike Mayers","LAA","5.31","12.1%","12.7%","25.7%","0.3","-8.7","223","3","0","117","90","247","110","90","15451"
"Kodi Whitley","STL","6.45","5.1%","8.3%","27.2%","","-1.9","59","0","0","136","49","129","123","91","19731"
"Ryan Borucki","- - -","5.90","9.0%","10.4%","26.3%","","-5.9","111","0","0","113","69","198","110","88","16350"
"Justin Lawrence","COL","3.54","13.6%","4.2%","29.2%","","5.5","191","0","1","90","80","57","121","120","17639"
"Chad Kuhl","COL","5.31","8.4%","9.7%","25.9%","5.2","","617","27","0","119","70","149","122","106","14975"
"Daulton Jefferies","OAK","3.75","11.6%","8.2%","25.4%","4.4","","172","8","0","110","126","85","110","113","19345"
"Jared Koenig","OAK","5.14","4.0%","5.2%","23.6%","-3.2","1.2","177","5","0","132","53","85","112","96","27517"
"Dusten Knight","TBR","5.28","10.2%","16.7%","27.1%","","-2.9","49","0","0","117","81","304","109","76","16537"
"Yoan Lopez","NYM","4.02","9.8%","8.6%","26.7%","","-0.9","51","0","0","130","73","148","135","125","17181"
"Alex Colome","COL","5.78","4.7%","9.9%","22.2%","","-0.7","215","0","4","114","53","87","131","114","6661"
"Sean Hjelle","SFG","4.23","17.4%","6.4%","28.5%","","1.3","115","0","0","69","128","98","128","137","21481"
"Ryan Brasier","BOS","3.97","19.4%","8.6%","28.0%","","4.8","263","0","1","88","178","121","104","117","5615"
"Michael Pineda","DET","5.90","9.0%","10.2%","23.7%","-4.5","","200","11","0","122","117","233","113","103","5372"
"Austin Davis","- - -","4.59","11.7%","7.4%","27.2%","2.3","0.0","264","3","0","118","70","75","128","116","17117"
"Erick Fedde","WSN","5.45","6.3%","7.8%","24.5%","3.9","","573","27","0","118","59","135","127","110","17425"
"Edwin Uceta","ARI","3.57","8.2%","5.8%","24.7%","","-0.4","73","0","0","123","68","96","97","82","20539"
"Ryan Feltner","COL","4.91","11.4%","8.2%","25.5%","5.9","0.3","428","19","0","111","88","134","110","102","21446"
"Hansel Robles","BOS","6.49","6.3%","11.8%","24.2%","","-6.3","111","0","2","123","54","169","126","98","11801"
"Kirby Snead","OAK","4.43","6.2%","6.6%","27.3%","","-2.8","210","0","1","130","57","94","139","122","19179"
"Chi Chi Gonzalez","- - -","5.67","8.1%","9.1%","26.6%","-1.0","-0.6","99","5","0","117","57","179","120","111","14663"
"Cole Sands","MIN","4.43","10.3%","7.1%","25.5%","-2.1","1.0","145","3","1","128","78","109","125","114","21461"
"Josh Winckowski","BOS","4.84","5.4%","9.9%","25.5%","-0.6","0.3","316","14","0","117","59","119","127","112","22387"
"Ty Blach","COL","4.08","9.3%","6.0%","28.0%","0.6","2.4","193","1","1","115","97","74","109","110","14361"
"Nick Wittgren","STL","4.20","5.2%","1.0%","23.9%","","0.8","134","0","1","128","62","28","121","114","15594"
"DL Hall","BAL","2.57","20.3%","2.6%","30.9%","1.0","2.9","64","1","1","72","114","0","134","152","22207"
"Max Castillo","- - -","4.74","12.9%","10.3%","25.0%","-0.1","-0.4","170","6","0","103","89","170","101","97","21956"
"Matthew Liberatore","STL","5.49","6.2%","8.8%","23.8%","0.2","-0.1","161","7","0","123","51","118","135","116","22294"
"Bruce Zimmermann","BAL","6.53","11.6%","13.2%","25.1%","-4.9","-3.4","320","13","0","112","148","238","118","112","20370"
"Mike Minor","CIN","4.59","7.9%","8.4%","25.6%","-4.4","","455","19","0","130","70","200","128","107","10021"
"Joe Kelly","CHW","3.15","17.6%","3.3%","32.7%","0.0","4.7","170","1","1","80","83","45","127","133","9761"
"Trevor Kelley","MIL","4.20","13.1%","12.3%","26.7%","","-4.9","107","0","0","114","94","241","112","93","18454"
"Adonis Medina","NYM","5.28","10.0%","7.2%","24.9%","","0.0","110","0","1","110","104","69","119","118","19903"
"Jeurys Familia","- - -","4.87","9.3%","10.1%","27.9%","","-3.2","204","0","0","108","68","129","142","133","5114"
"Justin Dunn","CIN","8.75","2.9%","16.5%","26.5%","-8.1","","138","7","0","149","45","290","124","84","19268"
"Dinelson Lamet","- - -","4.56","17.4%","9.9%","32.4%","","1.9","149","0","0","98","87","101","118","116","17186"
"Robert Dugger","- - -","4.81","16.7%","13.0%","28.9%","-2.4","2.0","72","1","0","97","63","153","128","129","19191"
"Paul Fry","- - -","5.11","8.2%","2.8%","30.6%","","-0.5","61","0","0","100","56","64","122","99","15832"
"Adrian Martinez","OAK","5.38","13.1%","10.3%","27.0%","-2.6","","259","12","0","104","101","188","122","114","21023"
"Louis Head","- - -","4.65","8.0%","5.4%","23.8%","","-2.4","138","0","1","139","63","114","129","109","13259"
"Adam Oller","OAK","5.82","2.1%","10.0%","22.0%","-11.4","-0.5","337","14","0","154","43","191","130","97","20132"
"Patrick Corbin","WSN","6.41","11.1%","11.0%","25.8%","8.2","","713","31","0","105","96","144","133","125","9323"
"Reiver Sanmartin","CIN","3.89","7.0%","7.2%","26.9%","-3.8","2.9","256","4","0","110","59","115","130","116","19754"
"Elieser Hernandez","MIA","4.81","13.7%","13.0%","26.4%","-5.0","-4.3","278","10","0","126","100","249","112","95","16933"
"Kaleb Ort","BOS","5.35","9.0%","8.9%","28.0%","","-1.4","134","0","1","131","65","118","141","126","20061"
"Joel Kuhnel","CIN","3.78","16.5%","7.2%","27.2%","","3.0","255","0","1","88","147","113","109","118","19995"
"Chase Anderson","CIN","3.75","7.8%","6.5%","23.3%","2.5","-2.1","103","7","0","115","56","102","104","81","6895"
"Josh Fleming","TBR","4.37","10.1%","7.9%","27.3%","-1.0","-0.1","169","3","0","91","87","119","151","140","20418"
"Josh Sborz","TEX","4.97","21.0%","10.5%","31.3%","0.2","0.4","100","1","0","82","105","150","129","138","18323"
"Josh Staumont","KCR","4.97","8.0%","5.8%","25.9%","","0.5","176","0","3","127","54","67","140","119","18335"
"Chasen Shreve","NYM","4.91","16.7%","12.0%","28.7%","","-2.8","114","0","0","92","106","186","110","104","10855"
"Art Warren","CIN","4.81","10.9%","11.9%","29.3%","","-2.5","165","0","3","114","67","136","128","112","18251"
"Collin Snider","KCR","6.01","4.6%","7.1%","24.9%","","-1.3","151","0","0","114","53","73","128","118","23307"
"Luke Weaver","- - -","5.45","14.4%","10.8%","22.7%","0.3","4.1","174","1","0","97","106","23","144","148","16918"
"Chase Silseth","LAA","6.61","9.3%","10.9%","28.3%","-2.3","","129","7","0","108","72","204","125","107","30074"
"Aaron Sanchez","- - -","4.53","9.8%","5.9%","25.2%","2.1","-0.1","265","10","0","105","99","109","122","123","11490"
"T.J. McFarland","STL","6.13","3.4%","7.8%","22.0%","","-3.3","145","0","0","117","53","125","127","114","3237"
"Anthony DeSclafani","SFG","5.49","13.8%","6.9%","27.1%","0.1","","94","5","0","104","156","172","156","151","13050"
"Drew VerHagen","STL","6.29","3.8%","9.6%","26.3%","","-6.0","106","0","0","137","47","188","148","111","13424"
"Tucker Davidson","- - -","4.84","-0.8%","5.2%","24.6%","-3.2","-0.2","243","11","0","147","34","113","136","99","19871"
"Tayler Scott","SDP","4.87","11.9%","5.0%","32.2%","","0.9","59","0","0","98","79","68","163","158","13652"
"Julian Merryweather","TOR","4.49","13.4%","10.3%","27.6%","0.6","0.4","119","1","0","109","114","125","114","113","16703"
"Elvis Peguero","LAA","5.11","9.1%","8.3%","26.0%","","-2.1","77","0","0","107","87","193","129","118","21652"
"Anthony Banda","- - -","5.01","12.6%","6.7%","25.2%","-0.3","0.3","135","1","0","113","84","123","165","156","14706"
"Zach Logue","OAK","5.97","8.6%","12.4%","22.8%","-2.7","-1.5","257","10","0","135","76","191","123","107","20231"
"Jake McGee","- - -","5.14","8.0%","11.9%","22.3%","","-1.3","163","0","3","138","76","132","112","100","7550"
"Aaron Fletcher","PIT","5.49","3.8%","10.3%","30.1%","","-1.6","52","0","0","147","55","140","94","74","22052"
"Jake Reed","- - -","4.74","6.5%","5.7%","29.3%","","-0.4","77","0","1","140","59","98","118","102","16209"
"Ashton Goudeau","COL","4.62","6.4%","5.9%","24.0%","","-0.2","94","0","1","126","59","120","135","116","15139"
"Joan Adon","WSN","6.01","5.2%","10.0%","23.3%","1.3","","310","14","0","126","52","101","139","115","22925"
"Norge Ruiz","OAK","7.04","11.7%","10.4%","23.8%","","-2.4","94","0","0","113","93","176","155","144","19580"
"Thomas Szapucki","- - -","6.05","16.4%","14.3%","26.1%","-6.2","0.9","67","1","0","102","94","327","136","124","21065"
"Kolby Allard","TEX","5.67","14.9%","14.8%","29.1%","","-7.5","87","0","1","109","114","358","103","80","18694"
"Jose Marte","LAA","7.78","-5.2%","8.0%","24.9%","","-2.7","58","0","0","176","30","152","189","91","21761"
"Heath Hembree","- - -","7.55","0.0%","15.1%","26.3%","","-6.8","107","0","0","154","37","223","153","102","11632"
"Carlos Hernandez","KCR","5.28","1.5%","8.0%","24.5%","-2.0","0.3","266","7","0","146","41","104","147","118","22713"
"Spencer Howard","TEX","5.53","9.5%","10.7%","25.3%","-5.8","-1.5","179","8","0","122","77","266","138","111","23252"
"Anthony Castro","CLE","9.24","3.1%","14.0%","26.2%","","-5.0","65","0","0","124","43","313","174","129","19789"
"Casey Lawrence","TOR","5.78","8.9%","12.7%","24.2%","","-3.9","79","0","0","115","99","232","120","108","11121"
"Sergio Romo","- - -","5.31","10.1%","11.9%","25.6%","","-7.5","79","0","0","138","84","325","111","80","9817"
"Chad Smith","COL","3.91","9.4%","6.7%","28.5%","","-0.8","85","0","0","114","56","91","135","112","20190"
"Jhoulys Chacin","COL","4.74","7.3%","8.2%","25.6%","","-2.1","219","0","0","122","65","121","126","108","2608"
"Vladimir Gutierrez","CIN","5.75","2.8%","9.2%","24.3%","-3.7","-1.1","179","8","0","157","44","178","149","116","19278"
"Jacob Lemoine","OAK","3.83","8.1%","7.4%","27.2%","","-3.6","74","0","0","127","67","205","122","98","19785"
"Sam Coonrod","PHI","4.05","8.6%","2.8%","21.6%","","-0.5","58","0","0","127","63","64","117","108","17264"
"Kyle Muller","ATL","5.49","6.8%","7.7%","27.9%","-0.2","","59","3","0","111","55","132","133","102","20167"
"Luis Patino","TBR","5.21","-2.0%","9.6%","23.5%","-6.8","","98","6","0","175","31","251","156","104","22815"
"James Norwood","PHI","4.43","15.3%","3.7%","22.7%","","1.1","85","0","0","94","90","94","149","145","16440"
"Jimmy Yacabonis","- - -","7.98","15.1%","22.5%","34.6%","-0.2","-2.8","73","1","0","122","77","235","169","153","15157"
"Bennett Sousa","CHW","4.23","2.1%","6.8%","25.5%","","-2.7","96","0","1","137","43","123","137","110","21345"
"Domingo Tapia","OAK","4.91","-2.2%","4.8%","24.2%","","-1.3","90","0","0","153","31","49","183","135","12178"
"Chris Devenski","- - -","5.11","16.4%","15.1%","30.3%","","-0.2","67","0","0","103","330","167","117","123","12763"
"Sean Newcomb","- - -","6.53","6.7%","13.8%","26.1%","-0.4","-6.9","134","1","0","127","52","236","147","108","16943"
"Miguel Yajure","PIT","7.88","0.0%","7.1%","24.8%","0.1","-2.5","119","1","1","143","37","101","151","117","21111"
"Dallas Keuchel","- - -","5.49","4.6%","8.8%","24.5%","-3.4","","303","14","0","120","53","150","164","133","9434"
"Kohei Arihara","TEX","7.13","2.8%","10.0%","22.3%","-3.5","0.1","108","4","0","133","46","167","188","147","27505"
"Travis Lakins Sr.","BAL","8.96","4.0%","20.0%","23.6%","","-2.7","50","0","0","146","48","243","155","120","18600"
"Alec Mills","CHC","8.18","9.5%","11.9%","24.8%","-3.7","-2.3","84","2","0","137","134","323","137","120","13834"
"Jackson Kowar","KCR","6.37","7.3%","7.4%","28.0%","","-2.9","82","0","0","116","56","213","194","160","21549"
"Andrew Nardi","MIA","7.04","12.0%","15.6%","27.8%","","-4.1","83","0","0","125","63","278","208","171","25942"
"Kervin Castro","- - -","5.67","7.0%","7.7%","26.8%","","-2.2","57","0","0","118","58","199","139","114","21656"
"Caleb Kilian","CHC","4.37","-5.4%","2.9%","20.4%","0.0","","56","3","0","169","27","0","159","111","26213"
"Luis Frias","ARI","5.78","-3.3%","5.2%","23.0%","","-2.1","90","0","0","163","30","48","184","132","21997"
"Elvin Rodriguez","DET","6.83","7.0%","14.7%","22.8%","-7.1","-3.9","143","5","0","137","60","338","153","116","20962"
"Tyson Miller","TEX","5.28","0.0%","2.6%","24.1%","-1.7","0.2","56","2","0","152","36","78","180","141","19976"
"Connor Seabold","BOS","5.60","11.2%","10.3%","25.7%","-2.2","","98","5","0","140","86","228","187","166","19695"
"Yennier Cano","- - -","5.11","5.2%","5.1%","27.7%","","-2.8","97","0","0","125","47","139","186","143","25911"
"Bryan Hoeing","MIA","8.64","1.6%","16.0%","23.2%","-2.2","-3.2","61","1","0","125","44","322","148","107","26304"
"T.J. Zeuch","CIN","8.91","-3.1%","12.2%","22.8%","-6.1","","64","3","0","179","26","383","227","148","19269"
