ADP,Name,Team,Position,Olinerank,LagRank,Sosrank,PlayerScore
7,Bijan Robinson,ATL,RB3,7.0,6.0,1.0,15.0
9,Nick Chubb,CLE,RB4,2.0,7.0,7.0,18.0
5,Travis Kelce,KC,TE1,3.0,5.0,17.0,25.0
1,Justin Jefferson,MIN,WR1,15.0,1.0,14.0,30.0
19,Jonathan Taylor,IND,RB8,10.0,30.0,4.0,33.0
4,Austin Ekeler,LAC,RB2,9.0,15.0,21.0,34.0
16,AmonRa St Brown,DET,WR8,5.0,13.0,13.0,34.0
3,JaMarr Chase,CIN,WR2,17.0,2.0,16.0,36.0
2,Christian McCaffrey,SF,RB1,18.0,8.0,18.0,38.0
24,Patrick Mahomes,KC,QB1,3.0,20.0,17.0,44.0
26,Najee Harris,PIT,RB12,12.0,45.0,8.0,46.0
30,Mark Andrews,BAL,TE2,4.0,23.0,12.0,46.0
37,Amari Cooper,CLE,WR17,2.0,33.0,7.0,46.0
12,Tony Pollard,DAL,RB6,6.0,16.0,29.0,47.0
22,Chris Olave,NO,WR12,24.0,17.0,2.0,48.0
15,AJ Brown,PHI,WR7,1.0,11.0,32.0,48.0
13,CeeDee Lamb,DAL,WR6,6.0,10.0,29.0,48.0
14,Derrick Henry,TEN,RB7,32.0,25.0,5.0,51.0
33,Jahmyr Gibbs,DET,RB14,5.0,31.0,13.0,51.0
36,Aaron Jones,GB,RB15,8.0,54.0,9.0,53.0
39,Lamar Jackson,BAL,QB4,4.0,28.0,12.0,55.0
6,Tyreek Hill,MIA,WR3,20.0,3.0,31.0,57.0
25,Joe Mixon,CIN,RB11,17.0,53.0,16.0,58.0
17,Davante Adams,LV,WR9,19.0,14.0,23.0,59.0
11,Stefon Diggs,BUF,WR5,22.0,9.0,26.0,59.0
8,Cooper Kupp,LAR,WR4,28.0,4.0,24.0,60.0
27,DeVonta Smith,PHI,WR13,1.0,19.0,32.0,60.0
28,Tee Higgins,CIN,WR14,17.0,35.0,16.0,61.0
20,Josh Jacobs,LV,RB9,19.0,29.0,23.0,62.0
55,Drake London,ATL,WR25,7.0,41.0,1.0,63.0
31,Jalen Hurts,PHI,QB3,1.0,21.0,32.0,64.0
43,Miles Sanders,CAR,RB18,16.0,57.0,6.0,65.0
35,Keenan Allen,LAC,WR16,9.0,38.0,21.0,65.0
23,Rhamondre Stevenson,NE,RB10,13.0,26.0,30.0,66.0
10,Saquon Barkley,NYG,RB5,29.0,24.0,28.0,67.0
32,Travis Etienne,JAC,RB13,26.0,52.0,10.0,68.0
18,Garrett Wilson,NYJ,WR10,23.0,12.0,27.0,68.0
52,Christian Watson,GB,WR24,8.0,34.0,9.0,69.0
54,JK Dobbins,BAL,RB21,4.0,82.0,12.0,70.0
21,Jaylen Waddle,MIA,WR11,20.0,18.0,31.0,72.0
45,TJ Hockenson,MIN,TE3,15.0,60.0,14.0,74.0
38,Calvin Ridley,JAC,WR18,26.0,37.0,10.0,74.0
40,Deebo Samuel,SF,WR19,18.0,42.0,18.0,76.0
46,Jerry Jeudy,DEN,WR21,11.0,40.0,20.0,77.0
29,Josh Allen,BUF,QB2,22.0,27.0,26.0,77.0
49,Alexander Mattison,MIN,RB19,15.0,55.0,14.0,78.0
44,DJ Moore,CHI,WR20,21.0,44.0,15.0,80.0
47,Joe Burrow,CIN,QB5,17.0,50.0,16.0,80.0
53,Dameon Pierce,HOU,RB20,25.0,59.0,3.0,81.0
58,Chris Godwin,TB,WR26,14.0,39.0,11.0,83.0
34,DK Metcalf,SEA,WR15,30.0,22.0,19.0,83.0
75,Kyle Pitts,ATL,TE6,7.0,64.0,1.0,83.0
63,Diontae Johnson,PIT,WR30,12.0,66.0,8.0,83.0
57,Justin Herbert,LAC,QB7,9.0,49.0,21.0,87.0
50,DeAndre Hopkins,TEN,WR23,32.0,43.0,5.0,87.0
51,Justin Fields,CHI,QB6,21.0,46.0,15.0,87.0
70,David Montgomery,DET,RB26,5.0,81.0,13.0,88.0
76,Michael Pittman,IND,WR34,10.0,68.0,4.0,90.0
42,Kenneth WalkerI,SEA,RB17,30.0,,19.0,91.0
41,Breece Hall,NYJ,RB16,23.0,32.0,27.0,91.0
61,Mike Williams,LAC,WR28,9.0,47.0,21.0,91.0
66,Rachaad White,TB,RB24,14.0,65.0,11.0,91.0
86,Deshaun Watson,CLE,QB9,2.0,78.0,7.0,95.0
69,Alvin Kamara,NO,RB25,24.0,90.0,2.0,95.0
71,Mike Evans,TB,WR32,14.0,71.0,11.0,96.0
60,Brandon Aiyuk,SF,WR27,18.0,48.0,18.0,96.0
78,Isiah Pacheco,KC,RB29,3.0,76.0,17.0,98.0
48,Terry McLaurin,WAS,WR22,27.0,36.0,25.0,100.0
65,George Kittle,SF,TE5,18.0,63.0,18.0,101.0
82,George Pickens,PIT,WR36,12.0,88.0,8.0,102.0
67,Christian Kirk,JAC,WR31,26.0,61.0,10.0,103.0
73,Javonte Williams,DEN,RB28,11.0,91.0,20.0,104.0
68,Trevor Lawrence,JAC,QB8,26.0,51.0,10.0,104.0
89,AJ Dillon,GB,RB34,8.0,101.0,9.0,106.0
56,Cam Akers,LAR,RB22,28.0,58.0,24.0,108.0
100,Elijah Moore,CLE,WR43,2.0,75.0,7.0,109.0
101,David Njoku,CLE,TE10,2.0,111.0,7.0,110.0
77,Dallas Goedert,PHI,TE7,1.0,80.0,32.0,110.0
62,Tyler Lockett,SEA,WR29,30.0,69.0,19.0,111.0
59,James Conner,ARI,RB23,31.0,77.0,22.0,112.0
79,DAndre Swift,PHI,RB30,1.0,83.0,32.0,112.0
83,Jordan Addison,MIN,WR37,15.0,62.0,14.0,112.0
96,Pat Freiermuth,PIT,TE9,12.0,112.0,8.0,116.0
102,Zay Flowers,BAL,WR44,4.0,99.0,12.0,118.0
72,James Cook,BUF,RB27,22.0,92.0,26.0,120.0
84,Khalil Herbert,CHI,RB32,21.0,119.0,15.0,120.0
64,Darren Waller,NYG,TE4,29.0,79.0,28.0,121.0
90,Brandin Cooks,DAL,WR40,6.0,86.0,29.0,125.0
95,Courtland Sutton,DEN,WR42,11.0,105.0,20.0,126.0
111,Rashod Bateman,BAL,WR48,4.0,72.0,12.0,127.0
92,Dak Prescott,DAL,QB10,6.0,95.0,29.0,127.0
74,Marquise Brown,ARI,WR33,31.0,70.0,22.0,127.0
80,Dalvin Cook,NYJ,RB31,23.0,84.0,27.0,130.0
93,Treylon Burks,TEN,WR41,32.0,85.0,5.0,130.0
94,Evan Engram,JAC,TE8,26.0,89.0,10.0,130.0
104,Michael Thomas,NO,WR45,24.0,104.0,2.0,130.0
99,Samaje Perine,DEN,RB36,11.0,103.0,20.0,130.0
117,Anthony Richardson,IND,QB16,10.0,94.0,4.0,131.0
112,Skyy Moore,KC,WR49,3.0,98.0,17.0,132.0
103,Kirk Cousins,MIN,QB13,15.0,114.0,14.0,132.0
81,Jahan Dotson,WAS,WR35,27.0,87.0,25.0,133.0
113,Kadarius Toney,KC,WR50,3.0,109.0,17.0,133.0
85,Jaxon SmithNjigba,SEA,WR38,30.0,73.0,19.0,134.0
87,Gabe Davis,BUF,WR39,22.0,67.0,26.0,135.0
109,Jamaal Williams,NO,RB38,24.0,118.0,2.0,135.0
118,Jerick McKinnon,KC,RB40,3.0,120.0,17.0,138.0
108,Quentin Johnston,LAC,WR47,9.0,74.0,21.0,138.0
130,Tyler Allgeier,ATL,RB46,7.0,144.0,1.0,138.0
88,Antonio Gibson,WAS,RB33,27.0,93.0,25.0,140.0
124,Jared Goff,DET,QB17,5.0,116.0,13.0,142.0
91,Brian Robinson,WAS,RB35,27.0,110.0,25.0,143.0
110,Rashaad Penny,PHI,RB39,1.0,100.0,32.0,143.0
115,Dalton Schultz,HOU,TE11,25.0,128.0,3.0,143.0
119,Nico Collins,HOU,WR52,25.0,107.0,3.0,147.0
97,Tua Tagovailoa,MIA,QB11,20.0,97.0,31.0,148.0
132,Odell Beckham,BAL,WR56,4.0,106.0,12.0,148.0
106,JuJu SmithSchuster,NE,WR46,13.0,122.0,30.0,149.0
133,Romeo Doubs,GB,WR57,8.0,124.0,9.0,150.0
134,Jaylen Warren,PIT,RB47,12.0,130.0,8.0,154.0
105,Zach Charbonnet,SEA,RB37,30.0,102.0,19.0,154.0
98,Daniel Jones,NYG,QB12,29.0,96.0,28.0,155.0
114,Jakobi Meyers,LV,WR51,19.0,121.0,23.0,156.0
107,Geno Smith,SEA,QB14,30.0,113.0,19.0,156.0
123,Elijah Mitchell,SF,RB42,18.0,131.0,18.0,159.0
122,Chigoziem Okonkwo,TEN,TE13,32.0,126.0,5.0,159.0
143,Jameson Williams,DET,WR61,5.0,,13.0,161.0
128,Tyler Boyd,CIN,WR54,17.0,108.0,16.0,161.0
141,Adam Thielen,CAR,WR60,16.0,138.0,6.0,163.0
154,Donovan PeoplesJones,CLE,WR64,2.0,152.0,7.0,163.0
135,Russell Wilson,DEN,QB18,11.0,115.0,20.0,166.0
116,Aaron Rodgers,NYJ,QB15,23.0,117.0,27.0,166.0
131,Darnell Mooney,CHI,WR55,21.0,137.0,15.0,167.0
136,Greg Dulcich,DEN,TE14,11.0,127.0,20.0,167.0
121,Damien Harris,BUF,RB41,22.0,,26.0,169.0
148,DJ Chark,CAR,WR63,16.0,151.0,6.0,170.0
142,Devin Singletary,HOU,RB49,25.0,150.0,3.0,170.0
137,Kenneth Gainwell,PHI,RB48,1.0,165.0,32.0,170.0
120,Tyler Higbee,LAR,TE12,28.0,157.0,24.0,172.0
156,Sam LaPorta,DET,TE19,5.0,155.0,13.0,174.0
160,Alec Pierce,IND,WR65,10.0,134.0,4.0,174.0
138,Cole Kmet,CHI,TE15,21.0,153.0,15.0,174.0
139,Zay Jones,JAC,WR58,26.0,123.0,10.0,175.0
125,Allen Lazard,NYJ,WR53,23.0,125.0,27.0,175.0
146,Gerald Everett,LAC,TE16,9.0,154.0,21.0,176.0
150,Juwan Johnson,NO,TE18,24.0,156.0,2.0,176.0
168,Jerome Ford,CLE,RB57,2.0,,7.0,177.0
151,Derek Carr,NO,QB19,24.0,147.0,2.0,177.0
126,DeVon Achane,MIA,RB43,20.0,,31.0,177.0
127,Raheem Mostert,MIA,RB44,20.0,166.0,31.0,178.0
159,Kenny Pickett,PIT,QB21,12.0,168.0,8.0,179.0
157,Chuba Hubbard,CAR,RB54,16.0,185.0,6.0,179.0
163,Jordan Love,GB,QB22,8.0,148.0,9.0,180.0
129,Jeff Wilson,MIA,RB45,20.0,,31.0,180.0
145,Tank Bigsby,JAC,RB51,26.0,132.0,10.0,181.0
166,Gus Edwards,BAL,RB56,4.0,171.0,12.0,182.0
147,Michael Gallup,DAL,WR62,6.0,135.0,29.0,182.0
158,Kendre Miller,NO,RB55,24.0,145.0,2.0,184.0
144,Ezekiel Elliott,NE,RB50,13.0,189.0,30.0,187.0
152,DOnta Foreman,CHI,RB52,21.0,190.0,15.0,188.0
162,Rashid Shaheed,NO,WR67,24.0,140.0,2.0,188.0
155,Roschon Johnson,CHI,RB53,21.0,149.0,15.0,191.0
170,Jonathan Mingo,CAR,WR71,16.0,133.0,6.0,192.0
164,KJ Osborn,MIN,WR68,15.0,142.0,14.0,193.0
140,Rondale Moore,ARI,WR59,31.0,136.0,22.0,193.0
175,Clyde EdwardsHelaire,KC,RB59,3.0,186.0,17.0,195.0
176,Marquez ValdesScantling,KC,WR72,3.0,163.0,17.0,196.0
149,Dalton Kincaid,BUF,TE17,22.0,129.0,26.0,197.0
165,Irv Smith,CIN,TE20,17.0,158.0,16.0,198.0
182,Jayden Reed,GB,WR75,8.0,141.0,9.0,199.0
192,Cordarrelle Patterson,ATL,RB61,7.0,239.0,1.0,200.0
179,Hayden Hurst,CAR,TE22,16.0,213.0,6.0,201.0
187,Justin Tucker,BAL,K1,4.0,,12.0,203.0
153,Matthew Stafford,LAR,QB20,28.0,146.0,24.0,205.0
172,Brock Purdy,SF,QB23,18.0,160.0,18.0,208.0
189,Rashee Rice,KC,WR77,3.0,139.0,17.0,209.0
173,San Francisco 49ers,SF,DST1,18.0,,18.0,209.0
174,Dallas Cowboys,DAL,DST2,6.0,,29.0,209.0
188,Bryce Young,CAR,QB24,16.0,169.0,6.0,210.0
161,Curtis Samuel,WAS,WR66,27.0,174.0,25.0,213.0
171,Zamir White,LV,RB58,19.0,191.0,23.0,213.0
181,Philadelphia Eagles,PHI,DST3,1.0,,32.0,214.0
202,Baltimore Ravens,BAL,DST7,4.0,,12.0,218.0
167,Van Jefferson,LAR,WR69,28.0,143.0,24.0,219.0
178,Hunter Renfrow,LV,WR73,19.0,175.0,23.0,220.0
177,Hunter Henry,NE,TE21,13.0,233.0,30.0,220.0
191,Marvin Mims,DEN,WR78,11.0,161.0,20.0,222.0
186,Tyjae Spears,TEN,RB60,32.0,167.0,5.0,223.0
203,Harrison Butker,KC,K3,3.0,,17.0,223.0
196,John MetchieI,HOU,WR80,25.0,,3.0,224.0
224,Leonard Fournette,FA,RB63,,184.0,,224.0
169,Isaiah Hodgins,NYG,WR70,29.0,164.0,28.0,226.0
199,Robert Woods,HOU,WR81,25.0,194.0,3.0,227.0
185,DeVante Parker,NE,WR76,13.0,181.0,30.0,228.0
221,Younghoe Koo,ATL,K6,7.0,,1.0,229.0
183,Buffalo Bills,BUF,DST4,22.0,,26.0,231.0
211,Kansas City Chiefs,KC,DST9,3.0,,17.0,231.0
184,Dawson Knox,BUF,TE23,22.0,180.0,26.0,232.0
190,New England Patriots,NE,DST5,13.0,,30.0,233.0
236,Kareem Hunt,FA,RB65,,226.0,,236.0
206,Denver Broncos,DEN,DST8,11.0,,20.0,237.0
180,Darius Slayton,NYG,WR74,29.0,195.0,28.0,237.0
200,Ryan Tannehill,TEN,QB25,32.0,193.0,5.0,237.0
201,Chase Claypool,CHI,WR82,21.0,,15.0,237.0
218,Allen Robinson,PIT,WR87,12.0,228.0,8.0,238.0
205,Evan McPherson,CIN,K4,17.0,,16.0,238.0
225,Josh Downs,IND,WR89,10.0,205.0,4.0,239.0
219,Pittsburgh Steelers,PIT,DST11,12.0,,8.0,239.0
214,Taysom Hill,NO,TE27,24.0,179.0,2.0,240.0
198,Mike Gesicki,NE,TE25,13.0,159.0,30.0,241.0
233,Cleveland Browns,CLE,DST14,2.0,,7.0,242.0
194,Tyler Bass,BUF,K2,22.0,,26.0,242.0
213,Joshua Kelley,LAC,RB62,9.0,240.0,21.0,243.0
217,New Orleans Saints,NO,DST10,24.0,,2.0,243.0
216,Joshua Palmer,LAC,WR86,9.0,,21.0,246.0
197,New York Jets,NYJ,DST6,23.0,,27.0,247.0
195,Trey McBride,ARI,TE24,31.0,216.0,22.0,248.0
207,Daniel Carlson,LV,K5,19.0,,23.0,249.0
193,Parris Campbell,NYG,WR79,29.0,172.0,28.0,250.0
227,CJ Stroud,HOU,QB28,25.0,170.0,3.0,255.0
242,Jelani Woods,IND,TE31,10.0,,4.0,256.0
223,Cincinnati Bengals,CIN,DST13,17.0,,16.0,256.0
204,Kyler Murray,ARI,QB26,31.0,,22.0,257.0
250,Desmond Ridder,ATL,QB31,7.0,206.0,1.0,258.0
208,Mecole Hardman,NYJ,WR83,23.0,198.0,27.0,258.0
235,Tampa Bay Buccaneers,TB,DST16,14.0,,11.0,260.0
212,Noah Fant,SEA,TE26,30.0,234.0,19.0,261.0
239,Terrace Marshall,CAR,WR91,16.0,196.0,6.0,261.0
246,Luke Musgrave,GB,TE32,8.0,178.0,9.0,263.0
247,Green Bay Packers,GB,DST18,8.0,,9.0,264.0
209,Jalin Hyatt,NYG,WR84,29.0,173.0,28.0,266.0
259,Mack Hollins,ATL,WR94,7.0,202.0,1.0,267.0
253,Matt Gay,IND,K12,10.0,,4.0,267.0
210,WanDale Robinson,NYG,WR85,29.0,,28.0,267.0
215,Sam Howell,WAS,QB27,27.0,192.0,25.0,267.0
243,Chase Edmonds,TB,RB66,14.0,303.0,11.0,268.0
220,Corey Davis,NYJ,WR88,23.0,197.0,27.0,270.0
228,Tyquan Thornton,NE,WR90,13.0,177.0,30.0,271.0
258,Indianapolis Colts,IND,DST19,10.0,,4.0,272.0
230,Michael Mayer,LV,TE29,19.0,211.0,23.0,272.0
240,Jake Elliott,PHI,K9,1.0,,32.0,273.0
222,Miami Dolphins,MIA,DST12,20.0,,31.0,273.0
232,Jimmy Garoppolo,LV,QB29,19.0,209.0,23.0,274.0
238,Brandon McManus,JAC,K8,26.0,,10.0,274.0
245,Los Angeles Chargers,LAC,DST17,9.0,,21.0,275.0
241,Jake Ferguson,DAL,TE30,6.0,212.0,29.0,276.0
256,Richie James,KC,WR93,3.0,182.0,17.0,276.0
249,Tank Dell,HOU,WR92,25.0,,3.0,277.0
252,Cade Otton,TB,TE33,14.0,215.0,11.0,277.0
226,Zach Ertz,ARI,TE28,31.0,,22.0,279.0
229,Jason Sanders,MIA,K7,20.0,,31.0,280.0
237,Mac Jones,NE,QB30,13.0,207.0,30.0,280.0
265,Isaiah Likely,BAL,TE34,4.0,214.0,12.0,281.0
248,Chase Brown,CIN,RB67,17.0,183.0,16.0,281.0
231,Michael Carter,NYJ,RB64,23.0,238.0,27.0,281.0
255,Greg Joseph,MIN,K13,15.0,,14.0,284.0
267,Marvin Jones,DET,WR96,5.0,227.0,13.0,285.0
268,Josh Reynolds,DET,WR97,5.0,,13.0,286.0
234,Washington Commanders,WAS,DST15,27.0,,25.0,286.0
260,Ty Chandler,MIN,RB70,15.0,187.0,14.0,289.0
244,Jason Myers,SEA,K10,30.0,,19.0,293.0
272,Carolina Panthers,CAR,DST21,16.0,,6.0,294.0
269,Wil Lutz,NO,K15,24.0,,2.0,295.0
262,Jacksonville Jaguars,JAC,DST20,26.0,,10.0,298.0
286,Zack Moss,IND,RB77,10.0,,4.0,300.0
287,Isaiah McKenzie,IND,WR100,10.0,295.0,4.0,301.0
281,Chris Boswell,PIT,K17,12.0,,8.0,301.0
278,Baker Mayfield,TB,QB32,14.0,208.0,11.0,303.0
274,Isaiah Spiller,LAC,RB72,9.0,254.0,21.0,304.0
254,Zach Evans,LAR,RB68,28.0,224.0,24.0,306.0
264,Pierre Strong,NE,RB71,13.0,188.0,30.0,307.0
289,Riley Patterson,DET,K19,5.0,,13.0,307.0
251,Graham Gano,NYG,K11,29.0,,28.0,308.0
257,Kyren Williams,LAR,RB69,28.0,223.0,24.0,309.0
263,Khalil Shakir,BUF,WR95,22.0,176.0,26.0,311.0
261,Greg Zuerlein,NYJ,K14,23.0,,27.0,311.0
270,Nick Folk,NE,K16,13.0,,30.0,313.0
295,Detroit Lions,DET,DST26,5.0,,13.0,313.0
305,Cedric Tillman,CLE,WR106,2.0,229.0,7.0,314.0
292,Laviska Shenault,CAR,WR102,16.0,297.0,6.0,314.0
271,Kendrick Bourne,NE,WR98,13.0,286.0,30.0,314.0
279,Deuce Vaughn,DAL,RB73,6.0,251.0,29.0,314.0
266,Tyler Conklin,NYJ,TE35,23.0,210.0,27.0,316.0
302,Evan Hull,IND,RB83,10.0,,4.0,316.0
294,Russell Gage,TB,WR104,14.0,237.0,11.0,319.0
288,Tennessee Titans,TEN,DST25,32.0,,5.0,325.0
273,Logan Thomas,WAS,TE36,27.0,,25.0,325.0
277,Seattle Seahawks,SEA,DST23,30.0,,19.0,326.0
293,Quez Watkins,PHI,WR103,1.0,199.0,32.0,326.0
275,Los Angeles Rams,LAR,DST22,28.0,,24.0,327.0
291,Jake Moody,SF,K20,18.0,,18.0,327.0
296,Boston Scott,PHI,RB78,1.0,,32.0,329.0
300,DeWayne McBride,MIN,RB81,15.0,220.0,14.0,329.0
330,Michael Badgley,FA,K26,,,,330.0
280,Israel Abanikanda,NYJ,RB74,23.0,221.0,27.0,330.0
316,Devin Duvernay,BAL,WR110,4.0,288.0,12.0,332.0
284,Latavius Murray,BUF,RB75,22.0,249.0,26.0,332.0
276,Sterling Shepard,NYG,WR99,29.0,285.0,28.0,333.0
297,DErnest Johnson,JAC,RB79,26.0,298.0,10.0,333.0
325,David Bell,CLE,WR112,2.0,,7.0,334.0
309,Sean Tucker,TB,RB86,14.0,,11.0,334.0
282,Matt Prater,ARI,K18,31.0,,22.0,335.0
326,Cade York,CLE,K24,2.0,,7.0,335.0
315,Justyn Ross,KC,WR109,3.0,201.0,17.0,335.0
299,Jordan Mason,SF,RB80,18.0,,18.0,335.0
301,Malik Davis,DAL,RB82,6.0,225.0,29.0,336.0
308,Kaimi Fairbairn,HOU,K23,25.0,,3.0,336.0
307,Dustin Hopkins,LAC,K22,9.0,,21.0,337.0
311,Minnesota Vikings,MIN,DST27,15.0,,14.0,340.0
283,New York Giants,NYG,DST24,29.0,,28.0,340.0
304,Cairo Santos,CHI,K21,21.0,,15.0,340.0
290,Puka Nacua,LAR,WR101,28.0,230.0,24.0,342.0
306,JaMycal Hasty,JAC,RB85,26.0,253.0,10.0,342.0
285,Matt Breida,NYG,RB76,29.0,302.0,28.0,342.0
346,Robbie Gould,FA,K29,,,,346.0
314,Chris Evans,CIN,RB88,17.0,300.0,16.0,347.0
334,Deon Jackson,IND,RB95,10.0,,4.0,348.0
333,Melvin GordonI,BAL,RB94,4.0,,12.0,349.0
313,Nick WestbrookIkhine,TEN,WR108,32.0,257.0,5.0,350.0
350,Ryan Succop,FA,K30,,,,350.0
298,Michael Wilson,ARI,WR105,31.0,204.0,22.0,351.0
337,Nelson Agholor,BAL,WR114,4.0,246.0,12.0,353.0
303,Keaontay Ingram,ARI,RB84,31.0,,22.0,356.0
356,KJ Hamler,FA,WR119,,289.0,,356.0
321,Trey Lance,SF,QB33,18.0,219.0,18.0,357.0
349,Jonnu Smith,ATL,TE41,7.0,,1.0,357.0
322,Tyrion DavisPrice,SF,RB90,18.0,,18.0,358.0
323,Ronald Jones,DAL,RB91,6.0,,29.0,358.0
317,Austin Hooper,LV,TE37,19.0,266.0,23.0,359.0
328,Brett Maher,DEN,K25,11.0,,20.0,359.0
310,Zonovan Knight,NYJ,RB87,23.0,222.0,27.0,360.0
332,Cameron Dicker,LAC,K27,9.0,,21.0,362.0
312,Braxton Berrios,MIA,WR107,20.0,,31.0,363.0
320,Kayshon Boutte,NE,WR111,13.0,244.0,30.0,363.0
342,Eddy Pineiro,CAR,K28,16.0,,6.0,364.0
327,Hassan Haskins,TEN,RB93,32.0,,5.0,364.0
365,Rodrigo Blankenship,FA,K31,,,,365.0
335,Trayveon Williams,CIN,RB96,17.0,,16.0,368.0
354,Kenyan Drake,IND,RB99,10.0,,4.0,368.0
371,JD McKissic,FA,RB104,,,,371.0
348,Kyle Trask,TB,QB36,14.0,282.0,11.0,373.0
318,Daniel Bellinger,NYG,TE38,29.0,267.0,28.0,375.0
319,James Robinson,NYG,RB89,29.0,250.0,28.0,376.0
339,Kyle Philips,TEN,WR116,32.0,264.0,5.0,376.0
341,Luke Schoonmaker,DAL,TE39,6.0,,29.0,376.0
357,Deneric Prince,KC,RB100,3.0,,17.0,377.0
343,Robert Tonyan,CHI,TE40,21.0,,15.0,379.0
363,Tucker Kraft,GB,TE45,8.0,269.0,9.0,380.0
324,Eric Gray,NYG,RB92,29.0,241.0,28.0,381.0
381,Mason Crosby,FA,K32,,,,381.0
329,Greg Dortch,ARI,WR113,31.0,200.0,22.0,382.0
352,Albert Okwuegbunam,DEN,TE42,11.0,275.0,20.0,383.0
331,Jacoby Brissett,WAS,QB34,27.0,278.0,25.0,383.0
364,Darnell Washington,PIT,TE46,12.0,265.0,8.0,384.0
347,Will Levis,TEN,QB35,32.0,248.0,5.0,384.0
353,Adam Trautman,DEN,TE43,11.0,270.0,20.0,384.0
336,DeeJay Dallas,SEA,RB97,30.0,,19.0,385.0
359,Foster Moreau,NO,TE44,24.0,,2.0,385.0
361,KeShawn Vaughn,TB,RB102,14.0,299.0,11.0,386.0
367,Noah Gray,KC,TE47,3.0,235.0,17.0,387.0
340,Deonte Harty,BUF,WR117,22.0,236.0,26.0,388.0
362,Noah Brown,HOU,WR121,25.0,287.0,3.0,390.0
382,Atlanta Falcons,ATL,DST30,7.0,,1.0,390.0
338,Tutu Atwell,LAR,WR115,28.0,231.0,24.0,390.0
358,Jauan Jennings,SF,WR120,18.0,,18.0,394.0
345,Robbie Chosen,MIA,WR118,20.0,,31.0,396.0
396,Tristan Vizcaino,FA,K33,,,,396.0
379,Kalif Raymond,DET,WR128,5.0,263.0,13.0,397.0
344,Arizona Cardinals,ARI,DST28,31.0,,22.0,397.0
369,Donald Parham,LAC,TE48,9.0,272.0,21.0,399.0
374,AT Perry,NO,WR124,24.0,247.0,2.0,400.0
375,Trey Palmer,TB,WR125,14.0,,11.0,400.0
380,Calvin AustinI,PIT,WR129,12.0,,8.0,400.0
372,Xavier Hutchinson,HOU,WR123,25.0,,3.0,400.0
351,Salvon Ahmed,MIA,RB98,20.0,,31.0,402.0
404,Jarvis Landry,FA,WR137,,294.0,,404.0
391,Gardner Minshew,IND,QB38,10.0,280.0,4.0,405.0
370,Chicago Bears,CHI,DST29,21.0,,15.0,406.0
406,Julio Jones,FA,WR138,,,,406.0
355,Colt McCoy,ARI,QB37,31.0,,22.0,408.0
376,Olamide Zaccheaus,PHI,WR126,1.0,256.0,32.0,409.0
409,Dontrell Hilliard,FA,RB112,,,,409.0
360,Myles Gaskin,MIA,RB101,20.0,,31.0,411.0
390,Raheem Blackshear,CAR,RB109,16.0,242.0,6.0,412.0
383,Marquez Callaway,DEN,WR130,11.0,203.0,20.0,414.0
415,Darrell Henderson,FA,RB113,,,,415.0
386,Kene Nwangwu,MIN,RB107,15.0,,14.0,415.0
366,Kenny McIntosh,SEA,RB103,30.0,,19.0,415.0
400,Justice Hill,BAL,RB111,4.0,,12.0,416.0
408,Harrison Bryant,CLE,TE54,2.0,,7.0,417.0
384,Rico Dowdle,DAL,RB106,6.0,,29.0,419.0
378,Ameer Abdullah,LV,RB105,19.0,,23.0,420.0
392,Houston Texans,HOU,DST31,25.0,,3.0,420.0
368,Ben Skowronek,LAR,WR122,28.0,,24.0,420.0
373,Will Dissly,SEA,TE49,30.0,271.0,19.0,422.0
410,Mo AlieCox,IND,TE55,10.0,,4.0,424.0
388,Tyler Scott,CHI,WR132,21.0,245.0,15.0,424.0
393,Jalen Tolbert,DAL,WR133,6.0,293.0,29.0,428.0
401,Brevin Jordan,HOU,TE52,25.0,,3.0,429.0
389,Ty Montgomery,NE,RB108,13.0,290.0,30.0,432.0
425,Taylor Heinicke,ATL,QB41,7.0,279.0,1.0,433.0
377,Jamison Crowder,NYG,WR127,29.0,296.0,28.0,434.0
398,Sam Darnold,SF,QB39,18.0,277.0,18.0,434.0
387,Trent Sherfield,BUF,WR131,22.0,232.0,26.0,435.0
385,Durham Smythe,MIA,TE50,20.0,,31.0,436.0
413,Chase McLaughlin,TB,K36,14.0,,11.0,438.0
419,Justin Watson,KC,WR143,3.0,,17.0,439.0
402,Chris Moore,TEN,WR136,32.0,,5.0,439.0
405,Brandon Aubrey,DAL,K34,6.0,,29.0,440.0
423,Anders Carlson,GB,K38,8.0,,9.0,440.0
422,Craig Reynolds,DET,RB116,5.0,,13.0,440.0
427,Kylen Granson,IND,TE56,10.0,,4.0,441.0
433,Scott Miller,ATL,WR147,7.0,,1.0,441.0
444,Mark Ingram,FA,RB119,,,,444.0
395,CJ Uzomah,NYJ,TE51,23.0,268.0,27.0,445.0
394,Chris Rodriguez,WAS,RB110,27.0,,25.0,446.0
430,Samori Toure,GB,WR144,8.0,,9.0,447.0
448,Kenny Golladay,FA,WR152,,,,448.0
397,Cedrick Wilson,MIA,WR134,20.0,291.0,31.0,448.0
440,Jordan Akins,CLE,TE58,2.0,276.0,7.0,449.0
399,Randall Cobb,NYJ,WR135,23.0,243.0,27.0,449.0
424,Darrel Williams,NO,RB117,24.0,,2.0,450.0
426,Jameis Winston,NO,QB42,24.0,283.0,2.0,452.0
453,Rex Burkhead,FA,RB121,,,,453.0
418,Jamal Agnew,JAC,WR142,26.0,,10.0,454.0
403,Cole Turner,WAS,TE53,27.0,,25.0,455.0
414,Chad Ryland,NE,K37,13.0,,30.0,457.0
439,Denzel Mims,DET,WR150,5.0,304.0,13.0,457.0
416,Kevin Harris,NE,RB114,13.0,255.0,30.0,459.0
407,Joey Slye,WAS,K35,27.0,,25.0,459.0
417,Demario Douglas,NE,WR141,13.0,,30.0,460.0
443,Brock Wright,DET,TE60,5.0,,13.0,461.0
420,Bailey Zappe,NE,QB40,13.0,,30.0,463.0
411,Dyami Brown,WAS,WR139,27.0,261.0,25.0,463.0
412,Demarcus Robinson,LAR,WR140,28.0,292.0,24.0,464.0
431,Trenton Irwin,CIN,WR145,17.0,,16.0,464.0
432,Charlie Jones,CIN,WR146,17.0,259.0,16.0,465.0
450,Tyler Huntley,BAL,QB45,4.0,,12.0,466.0
468,Randy Bullock,FA,K41,,,,468.0
434,Parker Washington,JAC,WR148,26.0,,10.0,470.0
428,Las Vegas Raiders,LV,DST32,19.0,,23.0,470.0
436,Peyton Hendershot,DAL,TE57,6.0,274.0,29.0,471.0
464,KhaDarel Hodge,ATL,WR157,7.0,,1.0,472.0
456,Keaton Mitchell,BAL,RB122,4.0,,12.0,472.0
473,Carson Wentz,FA,QB47,,,,473.0
438,Kyle Juszczyk,SF,RB118,18.0,,18.0,474.0
465,Demetric Felton,CLE,RB126,2.0,301.0,7.0,474.0
421,Corey Clement,ARI,RB115,31.0,,22.0,474.0
447,Mike Boone,HOU,RB120,25.0,,3.0,475.0
478,Tyler Davis,FA,K43,,,,478.0
429,Mike White,MIA,QB43,20.0,217.0,31.0,480.0
451,Jalen Nailor,MIN,WR153,15.0,,14.0,480.0
455,TreQuan Smith,NO,WR154,24.0,,2.0,481.0
445,Caleb Shudak,TEN,K40,32.0,,5.0,482.0
441,DeAndre Carter,LV,WR151,19.0,,23.0,483.0
435,Tanner Brown,LAR,K39,28.0,,24.0,487.0
452,Brenton Strange,JAC,TE62,26.0,,10.0,488.0
457,Tyler Badie,DEN,RB123,11.0,,20.0,488.0
459,Jalen Guyton,LAC,WR155,9.0,,21.0,489.0
437,Zach Pascal,ARI,WR149,31.0,,22.0,490.0
458,Trey Sermon,PHI,RB124,1.0,252.0,32.0,491.0
463,Josh Oliver,MIN,TE64,15.0,,14.0,492.0
442,Jeremy Ruckert,NYJ,TE59,23.0,,27.0,492.0
495,Elliott Fry,FA,K44,,,,495.0
496,OJ Howard,FA,TE71,,,,496.0
460,Malik Willis,TEN,QB46,32.0,,5.0,497.0
446,Clayton Tune,ARI,QB44,31.0,,22.0,499.0
466,Andrei Iosivas,CIN,WR158,17.0,,16.0,499.0
449,Elijah Higgins,MIA,TE61,20.0,,31.0,500.0
475,David Moore,TB,WR162,14.0,,11.0,500.0
479,Tommy Tremble,CAR,TE66,16.0,,6.0,501.0
493,Marquise Goodwin,CLE,WR166,2.0,,7.0,502.0
485,James Mitchell,DET,TE68,5.0,,13.0,503.0
467,Velus Jones,CHI,WR159,21.0,,15.0,503.0
454,Colby Parkinson,SEA,TE63,30.0,,19.0,503.0
461,Brandon Bolden,LV,RB125,19.0,,23.0,503.0
462,Tre Tucker,LV,WR156,19.0,,23.0,504.0
483,Shi Smith,CAR,WR163,16.0,,6.0,505.0
469,Travis Homer,CHI,RB127,21.0,,15.0,505.0
488,Dontayvion Wicks,GB,WR165,8.0,,9.0,505.0
506,Sammy Watkins,FA,WR169,,,,506.0
470,Equanimeous St Brown,CHI,WR160,21.0,,15.0,506.0
476,Tony Jones,DEN,RB129,11.0,,20.0,507.0
472,Zane Gonzalez,SF,K42,18.0,,18.0,508.0
484,Teagan Quitoriano,HOU,TE67,25.0,,3.0,512.0
497,Mohamed Ibrahim,DET,RB133,5.0,,13.0,515.0
494,Andy Dalton,CAR,QB51,16.0,,6.0,516.0
471,Justin Shorter,BUF,WR161,22.0,,26.0,519.0
482,Julius Chestnut,TEN,RB131,32.0,,5.0,519.0
489,Elijah Dotson,LAC,RB132,9.0,,21.0,519.0
499,Ian Thomas,CAR,TE72,16.0,,6.0,521.0
491,Jarrett Stidham,DEN,QB49,11.0,218.0,20.0,522.0
474,Ty Johnson,BUF,RB128,22.0,,26.0,522.0
523,Caleb Huntley,FA,RB139,,,,523.0
481,Damien Williams,LV,RB130,19.0,,23.0,523.0
511,Ashton Dulin,IND,WR173,10.0,,4.0,525.0
527,Tiyon Evans,FA,RB142,,,,527.0
513,Charlie Kolar,BAL,TE76,4.0,,12.0,529.0
477,Hunter Long,LAR,TE65,28.0,,24.0,529.0
480,Zach Wilson,NYJ,QB48,23.0,,27.0,530.0
502,Dare Ogunbowale,HOU,RB134,25.0,,3.0,530.0
503,Jalen Reagor,MIN,WR167,15.0,258.0,14.0,532.0
492,Aidan OConnell,LV,QB50,19.0,,23.0,534.0
508,Bryan Edwards,NO,WR170,24.0,,2.0,534.0
505,NKeal Harry,MIN,WR168,15.0,,14.0,534.0
517,Hendon Hooker,DET,QB53,5.0,,13.0,535.0
486,Zack Kuntz,NYJ,TE69,23.0,,27.0,536.0
501,Cameron Latu,SF,TE74,18.0,,18.0,537.0
507,Jaleel McLaughlin,DEN,RB136,11.0,,20.0,538.0
487,Erik Ezukanma,MIA,WR164,20.0,,31.0,538.0
498,Brian Hoyer,LV,QB52,19.0,,23.0,540.0
515,Jimmy Graham,NO,TE78,24.0,,2.0,541.0
490,Eric Saubert,MIA,TE70,20.0,,31.0,541.0
533,Anthony Schwartz,CLE,WR176,2.0,,7.0,542.0
522,Anthony McFarland,PIT,RB138,12.0,,8.0,542.0
509,Danny Gray,SF,WR171,18.0,,18.0,545.0
529,Patrick Taylor,GB,RB143,8.0,,9.0,546.0
510,RayRay McCloudI,SF,WR172,18.0,,18.0,546.0
514,Dan Arnold,PHI,TE77,1.0,,32.0,547.0
512,Ross Dwelley,SF,TE75,18.0,,18.0,548.0
519,Derius Davis,LAC,WR174,9.0,,21.0,549.0
518,Jack Stoll,PHI,TE80,1.0,,32.0,551.0
531,Jody Fortson,KC,TE82,3.0,273.0,17.0,551.0
551,Mike Davis,FA,RB147,,,,551.0
500,John Bates,WAS,TE73,27.0,,25.0,552.0
552,Matt Ryan,FA,QB56,,,,552.0
535,Josiah Deguara,GB,TE84,8.0,,9.0,552.0
521,Marcus Mariota,PHI,QB54,1.0,,32.0,554.0
537,Lew NicholsI,GB,RB146,8.0,,9.0,554.0
504,Ronnie Rivers,LAR,RB135,28.0,,24.0,556.0
528,Brandon Powell,MIN,WR175,15.0,,14.0,557.0
526,Drew Sample,CIN,TE81,17.0,,16.0,559.0
524,Trestan Ebner,CHI,RB140,21.0,,15.0,560.0
525,Snoop Conner,JAC,RB141,26.0,,10.0,561.0
554,Parker Hesse,ATL,TE95,7.0,,1.0,562.0
541,Giovanni Ricci,CAR,TE89,16.0,,6.0,563.0
549,Will Mallory,IND,TE94,10.0,,4.0,563.0
550,Tylan Wallace,BAL,WR179,4.0,,12.0,566.0
548,Shane Zylstra,DET,TE93,5.0,,13.0,566.0
547,Zach Gentry,PIT,TE92,12.0,,8.0,567.0
516,Brycen Hopkins,LAR,TE79,28.0,,24.0,568.0
543,Deven Thompkins,TB,WR177,14.0,,11.0,568.0
536,Grant Calcaterra,PHI,TE85,1.0,,32.0,569.0
532,Josh Whyle,TEN,TE83,32.0,,5.0,569.0
539,Tre McKitty,LAC,TE87,9.0,,21.0,569.0
520,Alec Ingold,MIA,RB137,20.0,,31.0,571.0
542,Johnny Mundt,MIN,TE90,15.0,,14.0,571.0
559,Amari Rodgers,IND,WR184,10.0,,4.0,573.0
545,Chris Manhertz,DEN,TE91,11.0,,20.0,576.0
534,Brittain Brown,LV,RB145,19.0,,23.0,576.0
557,Connor Heyward,PIT,TE96,12.0,,8.0,577.0
566,Mike Strachan,IND,WR188,10.0,,4.0,580.0
538,Jesper Horsted,LV,TE86,19.0,,23.0,580.0
569,Juwann Winfree,IND,WR191,10.0,,4.0,583.0
558,Keith Kirkwood,NO,WR183,24.0,,2.0,584.0
555,Montrell Washington,DEN,WR181,11.0,,20.0,586.0
530,Gary Brightwell,NYG,RB144,29.0,,28.0,587.0
571,James Proche,BAL,WR192,4.0,,12.0,587.0
562,Payne Durham,TB,TE97,14.0,,11.0,587.0
540,Quintin Morris,BUF,TE88,22.0,,26.0,588.0
546,Malik Cunningham,NE,QB55,13.0,,30.0,589.0
581,Dorian ThompsonRobinson,CLE,QB62,2.0,,7.0,590.0
572,Teddy Bridgewater,DET,QB57,5.0,,13.0,590.0
556,Dante Pettis,CHI,WR182,21.0,,15.0,592.0
564,Andrew Beck,HOU,TE99,25.0,,3.0,592.0
560,KaVontae Turpin,DAL,WR185,6.0,,29.0,595.0
553,Cam Sims,LV,WR180,19.0,,23.0,595.0
544,Byron Pringle,WAS,WR178,27.0,,25.0,596.0
565,Racey McMath,TEN,WR187,32.0,,5.0,602.0
584,Miles Boykin,PIT,WR196,12.0,,8.0,604.0
574,Kendall Hinton,DEN,WR193,11.0,,20.0,605.0
578,Davis Mills,HOU,QB60,25.0,,3.0,606.0
567,Phillip Dorsett,LV,WR189,19.0,,23.0,609.0
576,Tim Jones,JAC,WR194,26.0,,10.0,612.0
577,Cooper Rush,DAL,QB59,6.0,,29.0,612.0
579,Mitchell Wilcox,CIN,TE102,17.0,,16.0,612.0
563,Tyler Kroft,MIA,TE98,20.0,,31.0,614.0
561,David Sills V,NYG,WR186,29.0,,28.0,618.0
568,Dax Milne,WAS,WR190,27.0,,25.0,620.0
570,Chris Myarick,NYG,TE100,29.0,,28.0,627.0
575,Stetson Bennett,LAR,QB58,28.0,281.0,24.0,627.0
573,Tommy Sweeney,NYG,TE101,29.0,,28.0,630.0
582,Drew Lock,SEA,QB63,30.0,,19.0,631.0
583,River Cracraft,MIA,WR195,20.0,,31.0,634.0
580,Tyrod Taylor,NYG,QB61,29.0,,28.0,637.0
