"Name","Team","PA","HR","SB","BABIP+","K%+","BB%+","ISO+","wRC+","Barrels","OPS","Barrel%","Off","EV","playerid"
"Willi Castro","DET","2","1","0","345","0","0","1339","1061","1","4.000","50.0%","2.2","87.3","17338"
"David Hensley","HOU","3","0","0","345","0","419","670","630","0","3.000","0.0%","1.7","95.3","25111"
"Tucupita Marcano","PIT","1","0","0","343","0","0","0","491","0","2.000","0.0%","0.5","98.2","22871"
"Hanser Alberto","LAD","6","0","0","275","0","199","129","413","0","1.833","0.0%","2.1","89.1","11902"
"Albert Pujols","STL","14","3","0","129","32","171","538","410","3","1.905","27.3%","4.8","93.5","1177"
"Gabriel Moreno","TOR","9","1","0","197","0","140","251","377","1","1.667","12.5%","2.8","92.4","22664"
"Peyton Burdick","MIA","10","2","0","172","88","0","387","354","2","1.600","25.0%","2.9","92.2","25459"
"Bobby Dalbec","BOS","6","1","0","230","150","0","335","329","1","1.500","25.0%","1.6","97.3","19966"
"Teoscar Hernandez","TOR","22","3","0","173","82","57","351","328","5","1.500","29.4%","5.5","94.1","13066"
"Kyle Higashioka","NYY","15","2","0","192","90","84","287","319","2","1.462","18.2%","3.7","96.2","5517"
"Guillermo Heredia","ATL","5","0","0","258","88","0","129","299","0","1.400","0.0%","1.2","93.2","18721"
"Brandon Nimmo","NYM","21","2","0","183","63","57","258","305","2","1.424","11.8%","5.0","95.1","12927"
"Chuckie Robinson","CIN","7","1","0","137","63","0","369","292","1","1.429","16.7%","1.4","90.9","19824"
"Otto Lopez","TOR","10","0","0","259","45","126","0","307","0","1.367","0.0%","2.1","85.5","19608"
"Kyle Schwarber","PHI","29","4","1","114","91","289","411","295","4","1.517","25.0%","6.7","100.9","16478"
"Luke Maile","CLE","6","0","0","230","0","0","0","299","0","1.333","0.0%","1.3","74.5","13355"
"Yandy Diaz","TBR","8","0","0","276","113","157","96","294","1","1.339","20.0%","1.7","97.2","16578"
"Giancarlo Stanton","NYY","16","3","0","58","113","236","464","288","3","1.438","33.3%","3.3","94.0","4949"
"David Villar","SFG","16","2","0","153","83","0","277","279","1","1.357","9.1%","3.3","89.4","24782"
"Mike Trout","LAA","27","2","0","162","67","186","291","279","3","1.388","15.8%","5.4","89.7","10155"
"Evan Longoria","SFG","9","2","0","86","147","0","484","271","2","1.458","33.3%","1.7","98.6","9368"
"Jeff McNeil","NYM","22","2","0","145","0","54","215","275","2","1.310","9.5%","4.5","92.8","15362"
"Wander Franco","TBR","19","1","2","144","47","264","268","272","1","1.326","7.7%","4.2","85.2","23667"
"Julio Rodriguez","SEA","11","1","0","173","82","0","244","272","1","1.273","11.1%","2.2","94.0","23697"
"Matt Olson","ATL","25","4","0","114","124","96","365","256","5","1.313","31.3%","4.5","97.4","14344"
"Nelson Velazquez","CHC","15","0","0","196","118","239","293","258","2","1.352","28.6%","2.7","93.7","23359"
"Kurt Suzuki","LAA","3","0","0","173","0","0","0","259","0","1.167","0.0%","0.5","71.7","8259"
"Trayce Thompson","LAD","18","1","1","215","123","266","184","255","2","1.270","22.2%","3.6","85.0","9952"
"Wil Myers","SDP","15","2","0","229","206","239","323","255","2","1.300","40.0%","2.8","87.4","10047"
"David Peralta","TBR","13","0","0","247","104","193","67","262","0","1.215","0.0%","2.4","94.2","2136"
"Jermaine Palacios","MIN","13","2","0","173","173","0","309","253","2","1.231","25.0%","2.2","96.5","18371"
"Mitch Haniger","SEA","26","4","0","126","156","97","363","256","3","1.260","20.0%","4.5","94.6","14274"
"Charlie Culberson","TEX","4","1","0","0","113","0","502","249","0","1.250","0.0%","0.7","87.8","3298"
"Jeremy Pena","HOU","18","2","0","157","125","0","298","248","2","1.222","15.4%","3.1","96.0","21636"
"Garrett Mitchell","MIL","13","1","3","229","170","92","215","238","1","1.212","14.3%","2.8","96.7","27555"
"Ji-Man Choi","TBR","19","1","0","173","118","198","251","248","4","1.224","36.4%","3.0","97.3","5452"
"Whit Merrifield","TOR","23","1","0","173","39","0","152","242","1","1.206","4.8%","3.4","88.9","11281"
"Will Brennan","CLE","20","1","0","142","23","63","211","237","2","1.187","11.1%","3.3","89.5","25660"
"Cal Raleigh","SEA","15","2","0","173","180","84","309","240","2","1.246","25.0%","2.3","84.3","21534"
"Marcell Ozuna","ATL","11","1","0","147","121","0","293","225","1","1.182","12.5%","1.6","89.8","10324"
"Luis Urias","MIL","20","1","0","147","66","60","215","226","3","1.172","20.0%","3.0","88.4","16622"
"J.D. Martinez","BOS","22","3","0","126","143","57","319","224","2","1.173","14.3%","2.8","93.8","6184"
"Sean Bouchard","COL","29","2","0","147","137","124","284","205","1","1.174","6.3%","3.6","89.0","21270"
"Yan Gomes","CHC","7","0","0","172","63","0","184","220","0","1.143","0.0%","0.9","82.6","9627"
"Austin Slater","SFG","18","2","1","114","74","66","266","221","3","1.154","21.4%","2.8","90.7","16153"
"Dansby Swanson","ATL","22","3","0","79","80","109","323","215","4","1.164","25.0%","3.0","97.1","18314"
"David Bote","CHC","15","1","0","114","88","160","298","217","1","1.169","10.0%","2.0","96.8","14593"
"Josh Rojas","ARI","26","1","3","153","68","92","205","215","3","1.167","15.0%","4.2","89.0","19734"
"Jesus Sanchez","MIA","18","1","0","191","147","133","202","217","2","1.132","20.0%","2.4","89.8","19913"
"Bryson Stott","PHI","23","1","3","172","96","52","176","212","2","1.117","11.8%","3.8","89.3","26294"
"Corbin Carroll","ARI","22","1","1","123","80","109","272","210","1","1.146","6.7%","3.2","88.1","25878"
"Austin Wynns","SFG","10","1","0","114","0","0","194","212","1","1.100","10.0%","1.2","87.3","15271"
"Livan Soto","LAA","24","0","0","190","56","0","87","214","0","1.087","0.0%","3.0","83.1","22471"
"Jack Suwinski","PIT","24","1","0","156","92","349","114","209","1","1.071","8.3%","3.1","92.4","22244"
"Brendan Rodgers","COL","29","2","0","134","76","124","181","191","2","1.088","10.0%","3.0","90.0","17907"
"George Springer","TOR","16","1","1","148","28","0","126","209","1","1.063","6.7%","1.8","89.9","12856"
"Tommy Edman","STL","10","0","1","153","0","120","72","205","0","1.056","0.0%","1.5","87.2","19470"
"Tucker Barnhart","DET","15","0","0","192","90","251","56","207","1","1.033","11.1%","1.7","91.4","10200"
"Luis Arraez","MIN","17","0","0","148","0","222","48","206","1","1.029","7.1%","2.0","91.5","18568"
"Vinnie Pasquantino","KCR","30","1","1","144","15","167","77","201","1","1.038","4.0%","3.4","88.9","27676"
"Jose Altuve","HOU","17","0","0","138","26","74","167","195","0","1.037","0.0%","1.7","78.4","5417"
"Josh Naylor","CLE","16","1","0","126","84","79","223","194","1","1.042","8.3%","1.6","91.6","18839"
"Luis Torrens","SEA","19","1","0","153","118","264","134","198","1","1.007","10.0%","1.9","98.6","15905"
"Daniel Vogelbach","NYM","16","1","0","229","193","150","138","192","1","1.009","14.3%","1.6","84.1","14130"
"Carlos Correa","MIN","25","1","0","162","90","100","116","192","2","1.005","11.1%","2.3","93.4","14162"
"Jake Fraley","CIN","22","1","0","158","101","163","102","174","1",".981","7.1%","2.0","80.4","19260"
"Jesus Aguilar","BAL","5","0","0","173","90","0","134","186","0","1.000","0.0%","0.5","79.3","11342"
"Ji Hwan Bae","PIT","17","0","1","172","52","0","40","180","0",".971","0.0%","1.9","80.8","23818"
"Joey Meneses","WSN","28","1","0","145","79","128","129","178","1",".989","5.0%","2.2","86.8","14366"
"Joc Pederson","SFG","21","0","0","123","42","285","121","181","2",".976","14.3%","2.0","94.7","11899"
"Calvin Mitchell","PIT","8","0","0","147","55","0","161","178","0","1.000","0.0%","0.8","89.6","22169"
"Pete Alonso","NYM","19","0","0","137","0","252","0","183","0",".926","0.0%","1.7","90.4","19251"
"Jose Ramirez","CLE","26","1","2","138","52","97","140","182","2","1.006","9.5%","3.0","89.2","13510"
"Eric Haase","DET","17","2","0","94","106","0","276","182","3","1.000","23.1%","1.5","87.4","14111"
"Shea Langeliers","OAK","25","3","0","25","54","251","301","186","2","1.010","11.8%","2.4","91.9","25816"
"Taylor Ward","LAA","29","1","0","135","62","43","167","179","4",".986","16.7%","2.6","90.7","17548"
"Vladimir Guerrero Jr.","TOR","22","2","0","74","61","171","247","180","2",".995","12.5%","1.8","95.1","19611"
"Yordan Alvarez","HOU","23","0","0","173","117","55","152","180","3",".982","18.8%","2.1","94.0","19556"
"Danny Jansen","TOR","20","1","0","144","135","63","223","177","0","1.017","0.0%","1.8","92.3","16535"
"Cristian Pache","OAK","12","1","1","99","75","105","201","179","0",".964","0.0%","1.2","88.9","19948"
"Ha-seong Kim","SDP","24","1","2","147","111","100","123","172","1",".940","6.7%","2.4","91.4","27506"
"Drew Waters","KCR","26","3","0","129","225","97","279","168","3",".974","27.3%","2.0","83.0","20505"
"Bo Bichette","TOR","19","0","1","197","95","66","0","172","0",".918","0.0%","1.7","91.8","19612"
"Christian Walker","ARI","27","0","1","156","66","44","99","164","1",".946","4.5%","2.2","89.3","13419"
"Chas McCormick","HOU","13","0","0","173","104","193","61","171","0",".916","0.0%","1.0","86.4","19599"
"Brandon Marsh","PHI","27","1","0","129","115","133","188","163","1",".954","5.9%","2.0","91.9","20202"
"Curt Casali","SEA","9","1","0","58","50","140","251","174","1",".958","14.3%","0.8","90.5","12510"
"Cooper Hummel","ARI","9","1","0","69","98","133","277","162","2","1.048","33.3%","0.6","95.1","19458"
"Jake Meyers","HOU","11","0","1","247","164","0","0","167","1",".909","14.3%","1.1","91.2","20308"
"Gio Urshela","MIN","28","1","0","145","80","135","80","167","2",".909","10.0%","1.8","89.0","10681"
"Robbie Grossman","ATL","12","0","0","147","111","199","129","158","0",".917","0.0%","0.9","90.1","5254"
"Cody Bellinger","LAD","26","2","0","127","85","0","161","161","3",".971","14.3%","1.6","84.5","15998"
"Vaughn Grissom","ATL","5","0","0","172","177","0","215","156","0","1.067","0.0%","0.4","92.8","26031"
"Jesse Winker","SEA","11","1","0","58","82","228","223","166","1",".919","14.3%","0.7","80.7","13590"
"Brian O'Keefe","SEA","4","0","0","345","225","314","0","165","0",".833","0.0%","0.3","87.6","16680"
"Emmanuel Rivera","ARI","4","0","0","114","0","299","0","154","0",".833","0.0%","0.3","100.1","19890"
"Jordan Luplow","ARI","9","0","0","229","147","0","0","154","0",".889","0.0%","0.5","84.2","16424"
"Mike Yastrzemski","SFG","29","2","0","132","168","124","206","157","3",".945","20.0%","2.0","95.5","14854"
"Jake Cronenworth","SDP","23","1","0","114","96","104","184","159","0",".919","0.0%","1.8","89.8","18036"
"Willson Contreras","CHC","18","1","0","76","98","199","184","154","1",".889","10.0%","1.0","97.1","11609"
"Diego Castillo","PIT","12","0","0","137","74","0","161","153","0",".917","0.0%","0.7","89.4","19906"
"Matt Vierling","PHI","19","1","0","98","70","63","215","152","1",".927","6.7%","1.2","94.7","21558"
"Zach McKinstry","CHC","15","1","3","147","177","80","184","152","1",".905","12.5%","1.7","79.9","19392"
"Raimel Tapia","TOR","25","1","0","161","126","100","87","156","1",".878","6.3%","1.2","89.3","14350"
"J.T. Realmuto","PHI","23","1","3","158","154","0","147","149","2",".893","14.3%","1.6","89.5","11739"
"Elvis Andrus","CHW","30","3","3","63","45","42","239","154","3",".907","12.0%","2.8","88.4","8709"
"Oswald Peraza","NYY","20","1","1","106","68","188","118","155","1",".871","7.1%","1.0","86.1","22823"
"Christian Vazquez","HOU","11","1","0","86","82","0","244","154","1",".909","11.1%","0.5","89.3","9774"
"Sam Haggerty","SEA","11","0","1","138","82","457","0","158","0",".879","0.0%","0.9","84.6","18054"
"Jose Abreu","CHW","20","0","0","108","23","126","118","152","4",".871","25.0%","1.1","93.4","15676"
"Carlos Santana","SEA","25","0","0","162","90","151","30","156","1",".849","5.9%","1.6","88.5","2396"
"Ryan O'Hearn","KCR","8","0","0","148","56","0","84","147","0",".875","0.0%","0.4","92.6","16442"
"Ryan McMahon","COL","20","1","0","114","66","60","136","131","1",".876","6.3%","0.8","90.8","15112"
"Ben Gamel","PIT","13","1","0","98","136","92","215","145","1",".891","12.5%","0.7","95.9","12160"
"Oswaldo Cabrera","NYY","25","2","0","106","126","100","183","150","1",".879","6.3%","1.5","91.8","21707"
"Alex Call","WSN","19","1","0","103","116","189","161","144","0",".868","0.0%","0.6","81.3","19296"
"LaMonte Wade Jr.","SFG","16","0","1","158","55","75","0","145","0",".838","0.0%","1.1","87.0","18126"
"Sam Huff","TEX","15","1","0","86","120","167","206","146","3",".872","33.3%","0.8","98.4","22209"
"Adley Rutschman","BAL","26","0","0","115","87","290","100","146","1",".823","6.7%","1.6","86.8","26288"
"Dylan Moore","SEA","21","0","2","173","129","60","37","150","0",".817","0.0%","1.3","90.4","18042"
"Jon Berti","MIA","27","0","4","150","115","177","84","144","0",".842","0.0%","2.3","86.4","12037"
"Christian Bethancourt","TBR","9","0","0","173","100","140","0","150","0",".819","0.0%","0.5","90.2","10028"
"Martin Maldonado","HOU","9","1","0","173","250","0","251","144","1",".875","25.0%","0.4","93.4","6887"
"Chad Pinder","OAK","13","0","0","173","104","0","52","149","1",".846","10.0%","0.7","86.0","15191"
"Rafael Devers","BOS","21","0","0","129","43","179","39","138","2",".840","12.5%","0.8","93.7","17350"
"Corey Dickerson","STL","20","1","0","86","22","120","143","143","1",".850","5.9%","1.0","88.0","10762"
"Bryan Reynolds","PIT","23","1","0","98","96","104","161","138","3",".848","20.0%","0.9","97.8","19326"
"Bryan De La Cruz","MIA","30","1","1","145","118","40","115","139","2",".845","9.5%","1.4","94.8","19600"
"Yuli Gurriel","HOU","21","0","0","127","21","60","67","140","0",".831","0.0%","0.9","89.2","19198"
"Salvador Perez","KCR","13","1","0","94","35","0","155","136","1",".846","8.3%","0.4","83.0","7304"
"Kyle Stowers","BAL","19","1","0","94","118","66","197","139","3",".845","25.0%","0.7","95.1","26151"
"Freddie Freeman","LAD","29","1","1","108","76","165","103","137","2",".819","10.0%","1.6","93.4","5361"
"Luis Garcia","WSN","27","1","0","150","147","44","124","132","2",".833","11.8%","0.9","88.8","20391"
"Christian Yelich","MIL","31","2","2","92","128","193","149","132","2",".816","11.8%","1.2","88.3","11477"
"Dylan Carlson","STL","22","0","0","79","40","326","43","136","0",".721","0.0%","0.7","86.7","20126"
"Aaron Judge","NYY","24","1","0","115","150","262","112","135","0",".806","0.0%","1.0","90.3","15640"
"Oscar Gonzalez","CLE","29","0","0","144","62","43","48","133","1",".808","4.2%","1.0","85.8","20970"
"Brendan Donovan","STL","24","0","0","108","18","100","32","133","0",".767","0.0%","0.9","92.7","24679"
"Eric Hosmer","BOS","5","0","0","138","0","0","0","127","0",".800","0.0%","0.1","92.3","3516"
"Eduardo Escobar","NYM","19","0","0","153","140","252","43","133","0",".754","0.0%","0.9","90.9","6153"
"Kyle Isbel","KCR","16","1","0","86","141","157","191","127","0",".813","0.0%","0.1","86.8","21614"
"James McCann","NYM","11","1","0","137","201","0","176","132","0",".818","0.0%","0.4","93.4","12859"
"Jonah Heim","TEX","11","1","0","86","82","0","183","129","2",".818","22.2%","0.3","92.2","16930"
"Josh Bell","SDP","20","0","0","137","111","299","0","130","0",".717","0.0%","0.7","90.9","13145"
"Randal Grichuk","COL","21","2","0","62","147","57","258","111","2",".838","15.4%","0.2","91.5","10243"
"Nathaniel Lowe","TEX","30","2","0","92","135","167","155","128","3",".795","17.6%","0.8","90.9","19566"
"Adolis Garcia","TEX","30","2","0","108","165","0","208","128","3",".818","16.7%","0.7","91.6","19287"
"Tyrone Taylor","MIL","20","0","0","114","66","120","108","124","1",".794","6.7%","0.6","84.8","13675"
"Brandon Drury","SDP","27","0","0","150","115","133","28","128","0",".755","0.0%","0.7","91.0","11615"
"Franmil Reyes","CHC","29","1","0","86","61","124","129","124","2",".785","9.5%","0.2","93.4","14566"
"Jeimer Candelario","DET","21","0","0","151","86","60","37","128","1",".825","6.3%","0.5","84.3","13621"
"Stephen Vogt","OAK","8","1","0","0","113","157","287","132","1",".821","20.0%","0.3","94.0","5000"
"Billy Hamilton","MIN","2","0","2","","225","628","0","127","0",".500","","0.6","","10199"
"Stuart Fairchild","CIN","17","0","0","114","130","141","138","115","1",".782","11.1%","0.2","90.7","20321"
"Seiya Suzuki","CHC","29","1","0","101","107","165","129","123","2",".785","11.1%","0.7","90.7","30116"
"Oneil Cruz","PIT","24","0","1","132","111","249","34","122","1",".732","7.7%","0.9","89.7","21711"
"Austin Riley","ATL","21","1","0","114","168","114","143","119","1",".778","10.0%","0.4","96.0","18360"
"Leody Taveras","TEX","17","1","1","115","159","74","167","123","1",".794","10.0%","0.7","92.6","18900"
"Manny Machado","SDP","24","1","0","129","129","0","134","123","2",".792","11.8%","0.7","89.9","11493"
"Hunter Renfroe","MIL","25","1","0","108","71","0","134","119","1",".792","4.8%","0.5","90.1","15464"
"Josh Palacios","WSN","9","0","0","172","147","0","72","116","0",".778","0.0%","0.3","87.7","19818"
"Francisco Alvarez","NYM","14","1","0","49","126","171","215","123","3",".786","37.5%","0.2","89.1","26121"
"Cesar Hernandez","WSN","19","0","1","137","70","63","36","115","1",".757","6.7%","0.5","88.9","10556"
"Jo Adell","LAA","27","1","0","144","200","47","161","116","2",".776","15.4%","0.6","86.2","20220"
"Chris Taylor","LAD","8","0","0","147","55","0","0","116","0",".750","0.0%","0.2","82.5","13757"
"Mark Canha","NYM","24","1","0","101","74","0","97","119","1",".783","5.6%","0.5","81.2","11445"
"Victor Reyes","DET","26","2","0","74","138","48","195","117","3",".769","18.8%","0.5","89.7","15487"
"Mookie Betts","LAD","23","0","0","129","115","52","117","112","2",".759","12.5%","0.4","95.7","13611"
"Christian Arroyo","BOS","24","0","0","138","75","0","56","108","0",".750","0.0%","-0.1","84.7","16434"
"Spencer Torkelson","DET","23","2","0","86","157","55","183","114","3",".761","21.4%","0.2","92.5","27465"
"Sergio Alcantara","ARI","19","1","0","74","70","63","190","108","1",".793","6.7%","0.2","86.4","16417"
"Ian Happ","CHC","26","0","0","114","68","184","29","110","0",".703","0.0%","0.3","89.7","17919"
"Andrew Knizner","STL","17","0","0","143","104","70","40","111","0",".728","0.0%","0.1","90.0","19514"
"Orlando Arcia","ATL","21","0","0","137","105","57","65","105","1",".733","6.7%","0.1","91.2","13185"
"Gabriel Arias","CLE","23","0","0","106","98","218","37","110","1",".669","7.7%","0.2","88.0","22563"
"Yonathan Daza","COL","22","0","0","129","80","109","32","92","0",".714","0.0%","-0.2","77.5","15794"
"Anthony Rendon","LAA","5","0","0","345","270","0","0","108","0",".650","0.0%","0.0","71.7","12861"
"Xander Bogaerts","BOS","17","1","0","86","79","74","126","102","1",".732","7.7%","0.2","85.5","12161"
"Taylor Walls","TBR","17","1","0","38","106","222","191","112","1",".723","10.0%","0.3","89.9","22458"
"Rene Pinto","TBR","4","0","0","173","225","0","167","111","1",".750","50.0%","0.0","103.2","19859"
"Adam Frazier","SEA","23","0","2","134","78","55","32","110","0",".729","0.0%","0.3","83.8","15223"
"Josh Harrison","CHW","22","1","1","91","41","0","122","103","2",".727","10.0%","0.2","92.5","8202"
"William Contreras","ATL","17","0","0","153","156","141","43","98","0",".686","0.0%","-0.2","90.6","20503"
"Nate Eaton","KCR","18","0","0","92","0","140","45","99","0",".686","0.0%","0.2","83.2","25055"
"Max Stassi","LAA","10","1","0","0","90","0","251","100","1",".722","14.3%","-0.1","89.9","10059"
"Paul Goldschmidt","STL","13","0","0","129","102","184","0","103","0",".657","0.0%","0.1","85.5","9218"
"Logan O'Hoppe","LAA","13","0","0","115","69","193","0","100","0",".657","0.0%","-0.5","85.6","24729"
"Nolan Arenado","STL","12","0","0","103","37","100","59","103","2",".697","20.0%","0.0","90.2","9777"
"P.J. Higgins","CHC","13","0","0","49","68","368","72","99","0",".607","0.0%","-0.1","85.7","18433"
"Miguel Cabrera","DET","16","0","0","138","113","157","0","101","0",".661","0.0%","-0.2","87.6","1744"
"Andrew McCutchen","MIL","18","0","0","137","172","399","0","96","0",".611","0.0%","-0.2","91.8","9847"
"Mauricio Dubon","HOU","7","0","0","115","64","0","96","100","0",".714","0.0%","0.0","88.2","16530"
"Jurickson Profar","SDP","26","0","0","141","119","92","27","100","0",".679","0.0%","-0.1","81.0","10815"
"Myles Straw","CLE","20","0","1","144","113","126","0","98","0",".681","0.0%","0.3","81.0","17620"
"Riley Adams","WSN","12","1","0","114","258","100","176","94","0",".705","0.0%","-0.1","81.4","19864"
"Reese McGuire","BOS","10","0","0","173","180","0","67","91","0",".700","0.0%","-0.2","87.3","15674"
"Trea Turner","LAD","29","1","2","114","122","83","72","95","2",".681","10.5%","0.3","88.8","16252"
"Javier Baez","DET","25","2","0","58","72","0","167","96","2",".698","10.0%","0.0","85.7","12979"
"Marwin Gonzalez","NYY","13","1","0","115","208","0","155","92","1",".692","14.3%","-0.2","90.0","5497"
"Bryce Johnson","SFG","3","0","0","114","0","0","0","90","0",".667","0.0%","0.0","83.9","20002"
"Israel Pineda","WSN","3","0","0","172","147","0","0","87","0",".667","0.0%","0.0","88.2","22906"
"Ryan Mountcastle","BAL","24","0","0","138","131","105","30","91","1",".652","6.7%","-0.2","84.3","18373"
"Tony Kemp","OAK","21","0","0","108","64","120","35","96","0",".649","0.0%","0.0","90.3","14894"
"Pavin Smith","ARI","18","0","0","106","74","133","40","87","0",".646","0.0%","-0.3","82.1","19892"
"Kolten Wong","MIL","16","0","1","103","83","224","50","88","0",".683","0.0%","-0.3","77.4","12532"
"Gunnar Henderson","BAL","26","0","0","133","156","193","30","88","1",".619","7.7%","-0.4","93.6","26289"
"Juan Soto","SDP","24","1","0","106","147","100","117","90","2",".701","14.3%","-0.2","92.1","20123"
"Terrin Vavra","BAL","18","1","0","58","75","140","126","88","1",".653","7.7%","-0.5","92.3","24400"
"Jose Trevino","NYY","15","1","0","38","90","167","155","88","1",".651","10.0%","-0.3","87.7","16725"
"Lars Nootbaar","STL","24","0","0","107","111","100","88","88","3",".655","18.8%","-0.3","93.9","21454"
"Eloy Jimenez","CHW","17","1","0","77","159","74","167","86","0",".673","0.0%","-0.3","89.2","17484"
"Adam Engel","CHW","13","0","0","148","173","0","56","86","1",".641","14.3%","-0.1","79.8","15082"
"Elehuris Montero","COL","13","0","0","147","204","0","149","70","0",".692","0.0%","-0.4","93.6","20543"
"Jonathan India","CIN","18","0","0","94","98","66","43","76","1",".600","9.1%","-0.5","83.8","21523"
"Triston Casas","BOS","21","0","0","115","129","179","37","78","1",".611","8.3%","-0.8","85.1","22514"
"Jason Vosler","SFG","15","0","0","86","118","160","54","82","1",".583","12.5%","-0.3","84.5","16686"
"Sean Murphy","OAK","20","0","0","115","113","126","0","87","1",".585","8.3%","-0.4","89.2","19352"
"Max Muncy","LAD","25","0","0","57","106","239","36","81","2",".527","16.7%","-0.5","95.4","13301"
"Miguel Rojas","MIA","12","0","0","103","37","100","0","80","0",".606","0.0%","-0.4","84.9","7802"
"Corey Seager","TEX","21","1","0","69","86","60","134","78","3",".638","18.8%","-0.5","86.2","13624"
"Jean Segura","PHI","25","0","0","109","35","48","0","74","0",".612","0.0%","-1.3","87.3","5933"
"DJ LeMahieu","NYY","18","0","0","92","25","140","0","76","0",".583","0.0%","-0.6","84.2","9874"
"Shohei Ohtani","LAA","31","0","0","145","145","41","23","73","3",".633","15.8%","-0.9","93.2","19755"
"Abraham Toro","SEA","20","1","1","94","158","0","112","80","1",".639","8.3%","-0.3","85.5","19844"
"Michael Massey","KCR","20","1","0","69","68","0","112","72","1",".639","6.3%","-0.5","87.0","27684"
"Gary Sanchez","MIN","25","1","0","38","180","251","134","76","2",".580","20.0%","-0.8","100.5","11442"
"Riley Greene","DET","30","0","0","104","105","126","52","75","3",".608","15.0%","-0.7","92.6","25976"
"CJ Abrams","WSN","21","0","1","121","84","0","31","71","0",".619","0.0%","-0.3","82.6","25768"
"Gilberto Celestino","MIN","24","0","1","65","56","262","35","75","0",".544","0.0%","-0.8","93.3","20233"
"Tomas Nido","NYM","11","1","0","38","40","0","176","77","2",".636","20.0%","-0.5","92.0","13755"
"Kyle Farmer","CIN","23","0","0","90","38","104","31","64","1",".590","5.3%","-1.1","84.1","14813"
"Michael Toglia","COL","23","0","0","191","231","104","31","56","1",".590","11.1%","-1.0","75.4","25845"
"Mark Contreras","MIN","15","1","1","43","150","84","191","74","4",".629","44.4%","-0.1","95.8","20122"
"Steven Kwan","CLE","26","0","0","96","104","48","84","72","0",".603","0.0%","-0.7","88.7","24610"
"Luis Guillorme","NYM","14","0","0","114","126","85","50","75","0",".593","0.0%","-0.7","85.1","16451"
"Alex Bregman","HOU","23","1","0","55","20","109","96","71","0",".594","0.0%","-0.8","86.2","17678"
"Matt Thaiss","LAA","11","0","0","49","41","343","84","67","1",".614","14.3%","-0.4","97.1","19318"
"Travis d'Arnaud","ATL","19","0","0","114","140","0","72","65","3",".596","25.0%","-0.9","89.6","7739"
"Matt Chapman","TOR","20","0","0","63","90","251","0","69","0",".483","0.0%","-0.6","87.2","16505"
"Bryce Harper","PHI","30","0","2","105","59","120","0","64","1",".593","4.3%","-1.0","92.3","11579"
"Nick Gordon","MIN","26","0","0","94","52","0","58","68","1",".617","4.5%","-0.9","94.5","16337"
"Joey Wendle","MIA","23","0","0","147","154","52","0","68","0",".577","0.0%","-0.9","92.2","13853"
"Vidal Brujan","TBR","8","1","0","0","56","0","251","71","1",".625","14.3%","-0.2","90.7","20536"
"Jonathan Schoop","DET","26","0","0","81","87","97","30","67","1",".535","5.9%","-1.0","84.5","11265"
"Jarred Kelenic","SEA","33","2","0","22","136","152","144","70","4",".564","22.2%","-1.3","85.6","22558"
"Jorge Mateo","BAL","24","0","1","96","75","105","30","65","1",".564","5.6%","-0.6","89.3","17273"
"Avisail Garcia","MIA","21","1","0","34","147","171","143","66","1",".571","9.1%","-0.9","87.3","5760"
"Matt Duffy","LAA","18","0","0","86","25","70","39","62","0",".572","0.0%","-0.9","90.3","13836"
"Jordan Groshans","MIA","20","0","0","114","88","60","0","64","0",".563","0.0%","-0.9","86.4","23794"
"Alec Burleson","STL","20","0","0","79","88","180","38","65","3",".535","23.1%","-0.9","91.1","27615"
"Alfonso Rivas","CHC","11","0","0","0","121","326","0","61","1",".364","25.0%","-0.5","84.4","21560"
"Ty France","SEA","28","0","0","115","129","45","26","67","0",".555","0.0%","-1.2","91.0","17982"
"Amed Rosario","CLE","21","0","1","115","64","0","0","61","1",".586","5.6%","-0.7","92.6","15518"
"MJ Melendez","KCR","31","0","0","94","102","81","69","58","0",".568","0.0%","-1.8","88.9","22197"
"Akil Baddoo","DET","37","0","3","93","85","136","20","62","2",".540","7.7%","-0.9","86.5","22168"
"Conner Capel","OAK","16","0","1","115","141","157","0","66","0",".543","0.0%","-0.9","76.9","19983"
"Owen Miller","CLE","16","1","0","38","141","79","179","60","2",".588","20.0%","-0.7","90.9","24655"
"Seth Brown","OAK","30","0","1","86","90","167","52","64","0",".569","0.0%","-1.4","81.2","18171"
"Josh Smith","TEX","28","0","0","86","113","179","29","57","2",".514","11.8%","-1.3","90.7","26396"
"Ronald Acuna Jr.","ATL","21","0","1","114","126","171","0","53","0",".556","0.0%","-0.8","81.5","18401"
"A.J. Pollock","CHW","18","0","1","86","100","140","42","55","1",".528","8.3%","-0.8","93.2","9256"
"Cavan Biggio","TOR","13","0","0","115","173","97","0","56","0",".490","0.0%","-0.6","81.3","19252"
"Austin Hays","BAL","22","0","0","86","102","57","100","55","0",".577","0.0%","-1.0","84.9","19363"
"Carlos Perez","CHW","14","0","0","86","64","0","96","54","0",".571","0.0%","-0.9","83.0","20805"
"Jake McCarthy","ARI","28","0","2","120","111","0","24","52","0",".556","0.0%","-0.8","80.6","21622"
"Will Smith","LAD","21","1","0","74","126","0","123","55","2",".571","13.3%","-1.2","89.9","19197"
"Ildemaro Vargas","WSN","25","0","0","82","0","0","52","52","0",".560","0.0%","-1.4","87.4","13324"
"Enrique Hernandez","BOS","22","0","0","77","41","114","33","47","2",".523","11.1%","-1.3","91.7","10472"
"Cedric Mullins II","BAL","25","0","2","92","126","151","30","52","1",".507","6.7%","-0.9","86.1","17929"
"Kevin Newman","PIT","14","0","0","79","0","85","0","50","0",".516","0.0%","-0.7","89.1","17696"
"Gleyber Torres","NYY","9","0","0","115","150","0","74","52","1",".556","16.7%","-0.5","93.9","16997"
"Jason Delay","PIT","10","0","0","114","133","0","72","50","0",".556","0.0%","-0.6","88.5","19806"
"Manuel Margot","TBR","22","1","1","43","61","114","100","55","1",".527","5.9%","-0.8","87.9","14712"
"Isiah Kiner-Falefa","NYY","17","0","2","74","26","148","0","51","0",".494","0.0%","-0.6","85.6","16512"
"Patrick Wisdom","CHC","22","0","0","103","201","54","97","49","0",".527","0.0%","-1.3","90.5","13602"
"Luis Rengifo","LAA","31","2","0","31","73","81","139","47","3",".538","12.5%","-1.8","88.3","19858"
"Brandon Crawford","SFG","21","0","0","92","84","114","0","49","0",".508","0.0%","-1.2","92.6","5343"
"Wilmer Flores","SFG","28","0","0","57","79","171","31","48","1",".476","5.6%","-1.8","79.3","5827"
"Lane Thomas","WSN","28","0","0","64","111","214","28","44","0",".460","0.0%","-2.3","84.8","16939"
"Bobby Witt Jr.","KCR","32","0","2","104","127","118","0","42","0",".488","0.0%","-1.5","84.0","25764"
"Ford Proctor","SFG","12","1","0","0","37","100","194","46","1",".567","10.0%","-0.5","87.6","21634"
"Donovan Solano","CIN","23","0","0","98","135","104","31","38","1",".499","7.1%","-1.8","94.1","8623"
"Miguel Andujar","PIT","27","0","0","69","16","44","77","44","0",".542","0.0%","-1.7","84.2","15878"
"Tyler Nevin","BAL","3","0","0","0","0","419","0","45","0",".333","0.0%","-0.2","84.9","17893"
"Nate Mondou","OAK","3","0","0","0","150","419","0","50","0",".333","0.0%","-0.2","54.3","19563"
"J.P. Crawford","SEA","23","0","0","63","137","218","0","49","0",".415","0.0%","-1.4","90.5","15491"
"Keston Hiura","MIL","18","0","0","94","147","66","76","42","1",".516","9.1%","-1.6","88.6","20003"
"J.D. Davis","SFG","26","1","0","57","170","138","84","44","1",".492","7.7%","-1.8","88.1","16219"
"Juan Yepez","STL","22","0","0","81","80","54","61","46","1",".513","5.9%","-1.5","80.0","18400"
"Mark Mathias","TEX","10","0","0","49","45","251","0","43","1",".425","14.3%","-0.6","90.4","18032"
"Garrett Stubbs","PHI","10","0","0","114","221","239","0","41","0",".425","0.0%","-0.6","90.5","18067"
"Harrison Bader","NYY","19","0","1","92","95","0","70","43","0",".526","0.0%","-1.6","81.3","18030"
"Joey Bart","SFG","17","0","0","114","208","211","0","43","1",".437","16.7%","-1.2","81.8","21524"
"Ryan Jeffers","MIN","18","0","0","74","75","70","79","44","0",".516","0.0%","-1.2","86.3","24618"
"Mike Brosseau","MIL","12","0","0","69","184","0","65","41","1",".450","20.0%","-0.8","96.0","19683"
"Rodolfo Castro","PIT","25","0","0","81","88","144","0","40","0",".462","0.0%","-1.7","82.6","21987"
"Yasmani Grandal","CHW","11","0","0","77","41","114","0","40","0",".473","0.0%","-0.9","92.2","11368"
"Jackie Bradley Jr.","TOR","11","0","0","99","123","114","0","41","0",".473","0.0%","-0.8","83.5","12984"
"Brendon Davis","DET","11","0","1","99","123","114","0","42","1",".473","14.3%","-0.5","88.0","18587"
"Nick Allen","OAK","26","1","0","47","35","48","112","45","0",".526","0.0%","-1.5","86.9","22277"
"Austin Nola","SDP","15","0","0","79","29","80","0","43","0",".481","0.0%","-1.0","83.9","15941"
"Ezequiel Tovar","COL","19","1","0","49","93","0","136","24","3",".526","20.0%","-1.6","91.6","24064"
"Jake Cave","MIN","27","0","1","86","133","140","29","41","1",".477","6.3%","-1.5","88.5","14477"
"Terrance Gore","NYM","5","0","0","114","88","0","0","44","0",".500","0.0%","-0.3","83.0","13658"
"Kevin Plawecki","TEX","8","0","0","138","169","0","0","39","0",".500","0.0%","-0.8","79.0","13807"
"Will Benson","CLE","5","0","0","173","180","0","0","39","0",".500","0.0%","-0.3","58.7","21853"
"Mark Vientos","NYM","8","0","0","114","111","0","0","44","0",".500","0.0%","-0.5","96.0","22184"
"Jarren Duran","BOS","4","0","0","86","0","0","0","33","0",".500","0.0%","-0.3","77.8","24617"
"Harold Castro","DET","21","0","0","81","64","60","33","39","0",".488","0.0%","-1.5","81.7","14691"
"Gavin Sheets","CHW","21","0","0","106","150","60","33","37","0",".488","0.0%","-1.6","91.0","19901"
"Andres Gimenez","CLE","26","0","1","106","173","0","0","38","0",".443","0.0%","-1.6","91.1","19950"
"Carson Kelly","ARI","17","0","0","79","78","70","40","35","0",".485","0.0%","-1.3","86.6","13620"
"Randy Arozarena","TBR","24","0","0","69","188","209","67","42","1",".450","10.0%","-2.2","85.1","19290"
"Matt Wallner","MIN","21","0","1","69","150","179","0","38","0",".403","0.0%","-1.2","78.1","26466"
"Brandon Dixon","SDP","14","0","0","114","158","0","46","39","0",".500","0.0%","-1.6","88.4","15214"
"Spencer Steer","CIN","19","0","0","94","163","63","72","28","2",".488","18.2%","-1.5","89.6","26323"
"Nico Hoerner","CHC","28","1","1","45","32","85","103","34","1",".534","4.2%","-2.0","85.7","21479"
"Francisco Lindor","NYM","24","1","0","64","129","0","108","39","1",".500","5.9%","-1.6","90.4","12916"
"Aristides Aquino","CIN","6","0","0","86","147","0","108","24","0",".500","0.0%","-0.5","85.2","15482"
"Christopher Morel","CHC","21","0","0","79","126","114","34","31","0",".449","0.0%","-1.5","89.7","21897"
"Marcus Semien","TEX","36","2","1","45","125","35","118","30","2",".490","8.0%","-2.8","90.8","12533"
"Kody Clemens","DET","10","1","0","0","135","0","201","31","1",".500","14.3%","-0.7","84.7","20572"
"Yoan Moncada","CHW","25","0","0","102","144","0","54","29","2",".480","11.8%","-1.9","90.2","17232"
"Jonah Bride","OAK","11","0","0","49","82","228","0","33","0",".384","0.0%","-0.9","93.9","24703"
"Joey Gallo","LAD","17","1","0","0","182","141","138","28","1",".462","12.5%","-1.5","95.3","14128"
"Trent Grisham","SDP","15","0","1","172","265","0","43","29","0",".467","0.0%","-0.9","97.5","18564"
"Geraldo Perdomo","ARI","20","0","0","49","44","180","0","24","0",".396","0.0%","-1.6","83.5","22799"
"Ke'Bryan Hayes","PIT","20","0","2","61","22","120","0","25","0",".417","0.0%","-1.4","86.0","18577"
"Dalton Guthrie","PHI","7","0","0","0","126","171","0","24","0",".286","0.0%","-0.6","65.7","21293"
"Alex Verdugo","BOS","23","0","0","73","59","55","30","19","2",".445","10.5%","-2.1","87.5","17027"
"Jose Miranda","MIN","23","0","0","53","117","109","0","25","1",".366","7.7%","-2.1","97.4","20538"
"Caleb Hamilton","MIN","7","0","0","","321","359","0","23","0",".286","","-0.6","","19842"
"David Fletcher","LAA","27","0","0","80","17","0","0","20","0",".444","0.0%","-2.6","82.2","17992"
"Rowdy Tellez","MIL","20","1","0","43","66","0","102","18","1",".466","5.9%","-2.1","89.6","15679"
"Jacob Stallings","MIA","12","0","0","43","74","100","0","20","0",".361","0.0%","-1.3","85.4","13723"
"Rhys Hoskins","PHI","31","1","0","40","143","116","72","16","1",".416","5.6%","-3.2","88.1","16472"
"Thairo Estrada","SFG","25","0","2","52","35","96","0","19","1",".376","5.0%","-1.9","88.0","16426"
"Willy Adames","MIL","28","0","0","108","142","0","0","16","1",".429","5.3%","-3.0","88.6","15986"
"Victor Caratini","MIL","16","0","0","69","111","75","46","16","0",".414","0.0%","-1.7","92.3","14968"
"Josh Jung","TEX","30","0","0","77","150","84","48","15","1",".414","5.6%","-3.5","85.3","26299"
"Anthony Rizzo","NYY","21","0","0","49","86","60","0","15","1",".349","7.1%","-2.1","83.6","3473"
"Bubba Thompson","TEX","26","0","0","96","138","0","26","13","0",".423","0.0%","-2.4","80.3","22261"
"Rob Refsnyder","BOS","4","0","0","0","225","0","0","4","0",".250","0.0%","-0.4","94.4","13770"
"Abraham Almonte","BOS","16","0","1","86","197","0","45","4","0",".388","0.0%","-1.3","83.4","5486"
"Romy Gonzalez","CHW","14","0","0","86","193","0","96","8","0",".429","0.0%","-1.5","91.3","21562"
"Connor Wong","BOS","11","0","0","43","82","114","67","3","1",".382","12.5%","-1.1","86.9","19896"
"Paul DeJong","STL","21","0","0","94","190","57","32","12","1",".390","9.1%","-2.2","81.2","18015"
"Ehire Adrianza","ATL","5","0","0","86","88","0","0","6","0",".400","0.0%","-0.5","90.7","8418"
"Nick Maton","PHI","10","0","0","137","221","0","0","7","0",".400","0.0%","-1.0","75.9","21635"
"Esteban Quiroz","CHC","13","0","1","43","102","92","0","8","0",".322","0.0%","-1.1","74.0","19780"
"Josh Donaldson","NYY","20","0","0","53","113","126","39","8","0",".376","0.0%","-2.2","87.4","5038"
"Buddy Kennedy","ARI","4","0","0","0","221","299","0","3","0",".250","0.0%","-0.4","95.9","22505"
"Luke Voit","WSN","27","1","0","53","197","44","74","1","1",".379","7.1%","-3.5","82.3","14811"
"Mark Payton","CHW","20","0","0","65","68","63","0","0","0",".358","0.0%","-1.9","84.2","16042"
"Michael Harris II","ATL","20","0","0","62","133","120","0","-2","0",".328","0.0%","-2.2","96.8","25931"
"Jose Siri","TBR","13","0","0","99","208","0","52","5","0",".385","0.0%","-1.3","87.4","17452"
"Kyle Tucker","HOU","18","1","0","23","50","0","112","0","1",".389","6.3%","-2.0","92.5","18345"
"Lewin Diaz","MIA","15","0","0","76","147","80","0","2","0",".343","0.0%","-1.8","88.9","18365"
"Eugenio Suarez","SEA","27","0","0","102","167","0","0","3","1",".377","5.9%","-3.0","91.5","12552"
"Jordan Diaz","OAK","23","0","0","58","78","55","30","2","0",".356","0.0%","-2.5","85.1","22650"
"Jace Peterson","MIL","14","0","1","43","126","171","0","-3","0",".298","0.0%","-1.3","79.3","12325"
"Justin Turner","LAD","11","0","0","86","121","0","0","-1","0",".364","0.0%","-1.4","90.9","5235"
"Austin Barnes","LAD","13","0","0","0","102","276","0","-2","0",".231","0.0%","-1.7","86.5","12158"
"Alec Bohm","PHI","31","1","1","27","57","39","86","-6","2",".362","7.7%","-3.6","87.0","21618"
"Nick Castellanos","PHI","20","0","0","57","133","120","0","-7","1",".311","8.3%","-2.6","81.4","11737"
"T.J. Friedl","CIN","10","0","0","49","88","120","0","-12","0",".311","0.0%","-1.7","80.8","19522"
"Miguel Vargas","LAD","10","0","0","69","177","120","0","-3","1",".325","20.0%","-1.2","95.6","20178"
"Ryan Kreidler","DET","20","0","0","49","90","126","0","-5","1",".311","7.1%","-2.5","89.1","25867"
"Gavin Lux","LAD","24","0","0","61","111","50","28","-5","1",".341","5.9%","-2.8","88.6","19955"
"Nick Fortes","MIA","18","1","0","0","49","66","114","-5","2",".346","13.3%","-2.2","91.8","21538"
"Aaron Hicks","NYY","18","0","0","0","200","279","0","-8","1",".222","16.7%","-2.1","81.0","5297"
"Rougned Odor","BAL","15","0","0","31","60","84","0","-9","0",".277","0.0%","-1.8","81.3","12282"
"Austin Hedges","CLE","15","0","0","49","180","167","0","-11","1",".277","14.3%","-2.0","85.9","12976"
"Alejandro Kirk","TOR","15","0","0","35","90","167","0","-10","0",".277","0.0%","-2.0","82.3","22581"
"Robinson Chirinos","BAL","6","0","0","69","75","0","0","-13","0",".333","0.0%","-0.8","89.4","3142"
"Jose Azocar","SDP","12","0","0","76","111","0","0","-8","0",".333","0.0%","-1.5","84.1","18821"
"Alan Trejo","COL","12","0","1","76","111","0","0","-27","0",".333","0.0%","-1.5","87.2","20056"
"Daulton Varsho","ARI","23","0","2","69","135","0","0","-14","1",".310","6.7%","-2.5","84.8","19918"
"Anthony Santander","BAL","24","0","0","0","113","209","0","-14","1",".208","7.7%","-3.1","84.5","14551"
"Kole Calhoun","TEX","11","0","1","58","164","114","0","-16","0",".282","0.0%","-1.3","87.9","11200"
"Charles Leblanc","MIA","16","0","0","57","221","150","0","-14","0",".259","0.0%","-2.0","87.6","19813"
"J.J. Bleday","MIA","18","0","0","46","74","0","72","-16","1",".333","6.7%","-2.4","80.3","26368"
"Omar Narvaez","MIL","11","0","0","0","80","218","0","-19","0",".200","0.0%","-1.5","73.7","13338"
"Edward Olivares","KCR","26","0","0","73","121","0","0","-24","1",".308","5.3%","-3.4","82.1","19698"
"Victor Robles","WSN","16","0","0","62","138","0","43","-22","0",".325","0.0%","-3.0","91.7","18363"
"Hunter Dozier","KCR","12","0","0","43","150","0","112","-26","1",".333","12.5%","-1.9","86.3","15117"
"Isaac Paredes","TBR","21","0","0","0","64","239","0","-19","0",".190","0.0%","-2.8","85.9","20036"
"Jose Barrero","CIN","16","0","1","0","166","224","0","-31","0",".188","0.0%","-2.2","85.0","23378"
"Michael A. Taylor","KCR","15","0","0","63","90","0","0","-31","0",".286","0.0%","-2.2","85.7","11489"
"Garrett Hampson","COL","7","0","1","114","253","0","0","-41","0",".286","0.0%","-0.9","90.9","19262"
"Tres Barrera","WSN","7","0","0","86","190","0","0","-28","0",".286","0.0%","-1.1","80.2","19977"
"Mike Siani","CIN","14","0","0","69","126","0","0","-33","0",".286","0.0%","-2.1","82.1","22557"
"Andrew Vaughn","CHW","18","0","0","29","100","140","0","-29","0",".233","0.0%","-2.7","86.2","26197"
"Harold Ramirez","TBR","21","0","0","46","107","0","0","-28","1",".243","6.7%","-3.1","88.7","14387"
"Yu Chang","BOS","6","0","0","0","225","209","0","-42","0",".167","0.0%","-1.0","87.4","14773"
"Elias Diaz","COL","16","0","0","69","166","0","0","-52","0",".258","0.0%","-3.0","92.9","11680"
"Matt Reynolds","CIN","7","0","0","0","63","171","0","-52","0",".143","0.0%","-1.3","75.8","13788"
"Miles Mastrobuoni","TBR","7","0","0","0","129","179","0","-42","0",".143","0.0%","-1.0","90.3","20017"
"Brian Serven","COL","10","0","0","114","265","0","0","-60","0",".222","0.0%","-1.9","73.6","19422"
"Ernie Clement","OAK","13","0","0","31","69","0","52","-43","1",".231","9.1%","-2.1","79.9","20352"
"Ryan McKenna","BAL","10","0","0","49","135","0","0","-54","1",".200","14.3%","-2.0","94.3","19928"
"Dermis Garcia","OAK","20","0","0","69","225","0","0","-49","0",".200","0.0%","-3.4","81.4","20926"
"Alejo Lopez","CIN","10","0","0","49","133","0","0","-59","0",".200","0.0%","-1.9","78.1","21127"
"Tyler Heineman","PIT","8","0","0","0","55","150","0","-54","0",".125","0.0%","-1.5","76.9","13897"
"C.J. Cron","COL","19","0","0","29","140","63","0","-71","1",".164","8.3%","-3.7","86.2","12546"
"Brian Anderson","MIA","17","0","0","0","182","141","0","-55","0",".118","0.0%","-3.1","72.6","18289"
"Bradley Zimmer","TOR","11","0","1","69","246","0","0","-60","0",".182","0.0%","-1.7","81.8","16221"
"Nicky Lopez","KCR","11","0","0","31","0","0","0","-64","0",".182","0.0%","-1.9","85.5","19339"
"Luis Campusano","SDP","11","0","0","49","161","0","0","-54","0",".182","0.0%","-2.0","87.4","22217"
"Ben DeLuzio","STL","9","0","0","0","98","0","0","-54","0",".111","0.0%","-1.4","73.0","19644"
"Jose Iglesias","COL","12","0","0","34","74","0","0","-77","0",".167","0.0%","-2.5","82.0","10231"
"Austin Romine","CIN","13","0","0","49","204","0","0","-73","1",".154","14.3%","-2.7","91.2","5491"
"Eddie Rosario","ATL","14","0","0","43","190","0","0","-72","0",".148","0.0%","-2.8","80.0","12155"
"Aledmys Diaz","HOU","14","0","0","29","64","0","0","-72","0",".143","0.0%","-2.9","79.1","15937"
"Francisco Mejia","TBR","14","0","0","31","96","0","0","-67","0",".143","0.0%","-2.7","84.5","16403"
"Trey Mancini","HOU","17","0","0","29","132","0","0","-80","1",".118","8.3%","-3.6","89.5","15149"
"Tommy Pham","BOS","19","0","0","0","95","66","0","-97","0",".053","0.0%","-4.3","89.3","2967"
"Matt Bush","MIL","0","0","0","","","","","","",".000","","0.0","","1246"
"Adam Ottavino","NYM","0","0","0","","","","","","",".000","","0.0","","1247"
"Matt Moore","TEX","0","0","0","","","","","","",".000","","0.0","","1890"
"Zack Greinke","KCR","0","0","0","","","","","","",".000","","0.0","","1943"
"Clayton Kershaw","LAD","0","0","0","","","","","","",".000","","0.0","","2036"
"Adam Wainwright","STL","0","0","0","","","","","","",".000","","0.0","","2233"
"Corey Kluber","TBR","0","0","0","","","","","","",".000","","0.0","","2429"
"Lance Lynn","CHW","0","0","0","","","","","","",".000","","0.0","","2520"
"Kenley Jansen","ATL","0","0","0","","","","","","",".000","","0.0","","3096"
"Max Scherzer","NYM","0","0","0","","","","","","",".000","","0.0","","3137"
"David Price","LAD","0","0","0","","","","","","",".000","","0.0","","3184"
"Zack Britton","NYY","0","0","0","","","","","","",".000","","0.0","","3240"
"Anibal Sanchez","WSN","0","0","0","","","","","","",".000","","0.0","","3284"
"Liam Hendriks","CHW","0","0","0","","","","","","",".000","","0.0","","3548"
"Mark Melancon","ARI","0","0","0","","","","","","",".000","","0.0","","4264"
"Charlie Morton","ATL","0","0","0","","","","","","",".000","","0.0","","4676"
"Rich Hill","BOS","0","0","0","","","","","","",".000","","0.0","","4806"
"Jake Diekman","CHW","0","0","0","","","","","","",".000","","0.0","","5003"
"Manny Banuelos","PIT","0","0","0","","","","","","",".000","","0.0","","5365"
"Jesse Chavez","ATL","0","0","0","","","","","","",".000","","0.0","","5448"
"Ryan Brasier","BOS","0","0","0","","","","","","",".000","","0.0","","5615"
"Huascar Brazoban","MIA","0","0","0","","","","","","",".000","","0.0","","6107"
"David Phelps","TOR","0","0","0","","","","","","",".000","","0.0","","6316"
"Jake Odorizzi","ATL","0","0","0","","","","","","",".000","","0.0","","6397"
"Trevor May","NYM","0","0","0","","","","","","",".000","","0.0","","6398"
"Jose Cisnero","DET","0","0","0","","","","","","",".000","","0.0","","6399"
"Steve Cishek","WSN","0","0","0","","","","","","",".000","","0.0","","6483"
"Alex Cobb","SFG","0","0","0","","","","","","",".000","","0.0","","6562"
"Carlos Carrasco","NYM","0","0","0","","","","","","",".000","","0.0","","6632"
"Craig Kimbrel","LAD","0","0","0","","","","","","",".000","","0.0","","6655"
"Alex Colome","COL","0","0","0","","","","","","",".000","","0.0","","6661"
"Johnny Cueto","CHW","0","0","0","","","","","","",".000","","0.0","","6893"
"Chase Anderson","CIN","0","0","0","","","","","","",".000","","0.0","","6895"
"Martin Perez","TEX","0","0","0","","","","","","",".000","","0.0","","6902"
"Luis Garcia","SDP","0","0","0","","","","","","",".000","","0.0","","6984"
"Ian Kennedy","ARI","0","0","0","","","","","","",".000","","0.0","","6986"
"Ryan Pressly","HOU","0","0","0","","","","","","",".000","","0.0","","7005"
"Yadier Molina","STL","9","0","0","0","98","0","0","-100","0",".000","0.0%","-2.3","74.4","7007"
"Fernando Cruz","CIN","0","0","0","","","","","","",".000","","0.0","","7048"
"Daniel Bard","COL","0","0","0","","","","","","",".000","","0.0","","7115"
"Craig Stammen","SDP","0","0","0","","","","","","",".000","","0.0","","7274"
"Collin McHugh","ATL","0","0","0","","","","","","",".000","","0.0","","7531"
"Jordan Lyles","BAL","0","0","0","","","","","","",".000","","0.0","","7593"
"Richard Bleier","MIA","0","0","0","","","","","","",".000","","0.0","","7803"
"Hunter Strickland","CIN","0","0","0","","","","","","",".000","","0.0","","7836"
"Anthony Bass","TOR","0","0","0","","","","","","",".000","","0.0","","7982"
"Will Smith","HOU","0","0","0","","","","","","",".000","","0.0","","8048"
"Bryan Shaw","CLE","0","0","0","","","","","","",".000","","0.0","","8110"
"David Robertson","PHI","0","0","0","","","","","","",".000","","0.0","","8241"
"Paolo Espino","WSN","0","0","0","","","","","","",".000","","0.0","","8246"
"Lucas Luetge","NYY","0","0","0","","","","","","",".000","","0.0","","8337"
"Justin Verlander","HOU","0","0","0","","","","","","",".000","","0.0","","8700"
"Wade Miley","CHC","0","0","0","","","","","","",".000","","0.0","","8779"
"Nathan Eovaldi","BOS","0","0","0","","","","","","",".000","","0.0","","9132"
"Patrick Corbin","WSN","0","0","0","","","","","","",".000","","0.0","","9323"
"Joe Kelly","CHW","0","0","0","","","","","","",".000","","0.0","","9761"
"Miles Mikolas","STL","0","0","0","","","","","","",".000","","0.0","","9803"
"Tyler Matzek","ATL","0","0","0","","","","","","",".000","","0.0","","10058"
"Brooks Raley","TBR","0","0","0","","","","","","",".000","","0.0","","10061"
"Caleb Thielbar","MIN","0","0","0","","","","","","",".000","","0.0","","10078"
"Kyle Gibson","PHI","0","0","0","","","","","","",".000","","0.0","","10123"
"Brad Boxberger","MIL","0","0","0","","","","","","",".000","","0.0","","10133"
"Shelby Miller","SFG","0","0","0","","","","","","",".000","","0.0","","10197"
"Aroldis Chapman","NYY","0","0","0","","","","","","",".000","","0.0","","10233"
"Ryan Tepera","LAA","0","0","0","","","","","","",".000","","0.0","","10291"
"Zack Wheeler","PHI","0","0","0","","","","","","",".000","","0.0","","10310"
"Erasmo Ramirez","WSN","0","0","0","","","","","","",".000","","0.0","","10314"
"Aaron Loup","LAA","0","0","0","","","","","","",".000","","0.0","","10343"
"Mychal Givens","NYM","0","0","0","","","","","","",".000","","0.0","","10430"
"Scott Alexander","SFG","0","0","0","","","","","","",".000","","0.0","","10591"
"Andrew Bellatti","PHI","0","0","0","","","","","","",".000","","0.0","","10657"
"Drew Hutchison","DET","0","0","0","","","","","","",".000","","0.0","","10732"
"Jacob deGrom","NYM","0","0","0","","","","","","",".000","","0.0","","10954"
"Casey Lawrence","TOR","0","0","0","","","","","","",".000","","0.0","","11121"
"Merrill Kelly","ARI","0","0","0","","","","","","",".000","","0.0","","11156"
"Vince Velasquez","CHW","0","0","0","","","","","","",".000","","0.0","","11189"
"Tommy Kahnle","LAD","0","0","0","","","","","","",".000","","0.0","","11384"
"Jose Quintana","STL","0","0","0","","","","","","",".000","","0.0","","11423"
"Robbie Ray","SEA","0","0","0","","","","","","",".000","","0.0","","11486"
"Joely Rodriguez","NYM","0","0","0","","","","","","",".000","","0.0","","11487"
"Aaron Sanchez","MIN","0","0","0","","","","","","",".000","","0.0","","11490"
"Jose Urena","COL","0","0","0","","","","","","",".000","","0.0","","11589"
"Jameson Taillon","NYY","0","0","0","","","","","","",".000","","0.0","","11674"
"Drew Smyly","CHC","0","0","0","","","","","","",".000","","0.0","","11760"
"Noah Syndergaard","PHI","0","0","0","","","","","","",".000","","0.0","","11762"
"Hector Neris","HOU","0","0","0","","","","","","",".000","","0.0","","11804"
"Taijuan Walker","NYM","0","0","0","","","","","","",".000","","0.0","","11836"
"Chris Martin","LAD","0","0","0","","","","","","",".000","","0.0","","11847"
"Yimi Garcia","TOR","0","0","0","","","","","","",".000","","0.0","","12095"
"Jorge Alfaro","SDP","3","0","0","0","147","0","0","-100","0",".000","0.0%","-0.7","79.5","12180"
"Chris Bassitt","NYM","0","0","0","","","","","","",".000","","0.0","","12304"
"Jacob Barnes","NYY","0","0","0","","","","","","",".000","","0.0","","12323"
"Seth Lugo","NYM","0","0","0","","","","","","",".000","","0.0","","12447"
"Nick Martinez","SDP","0","0","0","","","","","","",".000","","0.0","","12730"
"Rafael Montero","HOU","0","0","0","","","","","","",".000","","0.0","","12760"
"Chris Devenski","PHI","0","0","0","","","","","","",".000","","0.0","","12763"
"John Brebbia","SFG","0","0","0","","","","","","",".000","","0.0","","12777"
"Mike Clevinger","SDP","0","0","0","","","","","","",".000","","0.0","","12808"
"Shawn Armstrong","TBR","0","0","0","","","","","","",".000","","0.0","","12857"
"Matt Barnes","BOS","0","0","0","","","","","","",".000","","0.0","","12863"
"Tyler Anderson","LAD","0","0","0","","","","","","",".000","","0.0","","12880"
"Dylan Bundy","MIN","0","0","0","","","","","","",".000","","0.0","","12917"
"Joe Musgrove","SDP","0","0","0","","","","","","",".000","","0.0","","12970"
"Andrew Chafin","DET","0","0","0","","","","","","",".000","","0.0","","12988"
"Yu Darvish","SDP","0","0","0","","","","","","",".000","","0.0","","13074"
"Gerrit Cole","NYY","0","0","0","","","","","","",".000","","0.0","","13125"
"Derek Law","CIN","0","0","0","","","","","","",".000","","0.0","","13133"
"Eduardo Rodriguez","DET","0","0","0","","","","","","",".000","","0.0","","13164"
"Zach Davies","ARI","0","0","0","","","","","","",".000","","0.0","","13183"
"Jordan Weems","WSN","0","0","0","","","","","","",".000","","0.0","","13190"
"Michael Fulmer","MIN","0","0","0","","","","","","",".000","","0.0","","13218"
"Ross Stripling","TOR","0","0","0","","","","","","",".000","","0.0","","13273"
"Adrian Sampson","CHC","0","0","0","","","","","","",".000","","0.0","","13339"
"Luis Cessa","CIN","0","0","0","","","","","","",".000","","0.0","","13345"
"Hoby Milner","MIL","0","0","0","","","","","","",".000","","0.0","","13346"
"Tyler Naquin","NYM","15","0","0","0","206","0","0","-100","0",".000","0.0%","-3.5","85.1","13359"
"Steven Matz","STL","0","0","0","","","","","","",".000","","0.0","","13361"
"Dylan Floro","MIA","0","0","0","","","","","","",".000","","0.0","","13394"
"Sam Selman","OAK","0","0","0","","","","","","",".000","","0.0","","13397"
"Marcus Stroman","CHC","0","0","0","","","","","","",".000","","0.0","","13431"
"Pierce Johnson","SDP","0","0","0","","","","","","",".000","","0.0","","13435"
"Taylor Rogers","MIL","0","0","0","","","","","","",".000","","0.0","","13449"
"Daniel Norris","DET","0","0","0","","","","","","",".000","","0.0","","13475"
"Blake Snell","SDP","0","0","0","","","","","","",".000","","0.0","","13543"
"Robert Stephenson","PIT","0","0","0","","","","","","",".000","","0.0","","13594"
"Carl Edwards Jr.","WSN","0","0","0","","","","","","",".000","","0.0","","13607"
"Jakob Junis","SFG","0","0","0","","","","","","",".000","","0.0","","13619"
"Jharel Cotton","SFG","0","0","0","","","","","","",".000","","0.0","","13654"
"Max Fried","ATL","0","0","0","","","","","","",".000","","0.0","","13743"
"Chris Stratton","STL","0","0","0","","","","","","",".000","","0.0","","13761"
"JT Chargois","TBR","0","0","0","","","","","","",".000","","0.0","","13767"
"Zach Eflin","PHI","0","0","0","","","","","","",".000","","0.0","","13774"
"Matt Strahm","BOS","0","0","0","","","","","","",".000","","0.0","","13799"
"Paul Sewald","SEA","0","0","0","","","","","","",".000","","0.0","","13892"
"Chris Flexen","SEA","0","0","0","","","","","","",".000","","0.0","","13896"
"Brent Suter","MIL","0","0","0","","","","","","",".000","","0.0","","13942"
"Michael Wacha","BOS","0","0","0","","","","","","",".000","","0.0","","14078"
"Kevin Gausman","TOR","0","0","0","","","","","","",".000","","0.0","","14107"
"Lance McCullers Jr.","HOU","0","0","0","","","","","","",".000","","0.0","","14120"
"Jose Berrios","TOR","0","0","0","","","","","","",".000","","0.0","","14168"
"Josh Hader","SDP","0","0","0","","","","","","",".000","","0.0","","14212"
"Ty Blach","COL","0","0","0","","","","","","",".000","","0.0","","14361"
"Tyler Glasnow","TBR","0","0","0","","","","","","",".000","","0.0","","14374"
"Amir Garrett","KCR","0","0","0","","","","","","",".000","","0.0","","14375"
"Yunior Marte","SFG","0","0","0","","","","","","",".000","","0.0","","14416"
"Jackson Stephens","ATL","0","0","0","","","","","","",".000","","0.0","","14420"
"Jose Leclerc","TEX","0","0","0","","","","","","",".000","","0.0","","14524"
"Jorge Lopez","MIN","0","0","0","","","","","","",".000","","0.0","","14527"
"Jose Ruiz","CHW","0","0","0","","","","","","",".000","","0.0","","14552"
"Rowan Wick","CHC","0","0","0","","","","","","",".000","","0.0","","14646"
"Chi Chi Gonzalez","NYY","0","0","0","","","","","","",".000","","0.0","","14663"
"Duane Underwood Jr.","PIT","0","0","0","","","","","","",".000","","0.0","","14677"
"Andres Machado","WSN","0","0","0","","","","","","",".000","","0.0","","14681"
"Edwin Diaz","NYM","0","0","0","","","","","","",".000","","0.0","","14710"
"Julio Urias","LAD","0","0","0","","","","","","",".000","","0.0","","14765"
"Emilio Pagan","MIN","0","0","0","","","","","","",".000","","0.0","","14771"
"Buck Farmer","CIN","0","0","0","","","","","","",".000","","0.0","","14814"
"Michael Lorenzen","LAA","0","0","0","","","","","","",".000","","0.0","","14843"
"Joe Mantiply","ARI","0","0","0","","","","","","",".000","","0.0","","14857"
"Caleb Smith","ARI","0","0","0","","","","","","",".000","","0.0","","14875"
"Jon Gray","TEX","0","0","0","","","","","","",".000","","0.0","","14916"
"Reyes Moronta","ARI","0","0","0","","","","","","",".000","","0.0","","14966"
"Chad Kuhl","COL","0","0","0","","","","","","",".000","","0.0","","14975"
"Giovanny Gallegos","STL","0","0","0","","","","","","",".000","","0.0","","14986"
"Scott Barlow","KCR","0","0","0","","","","","","",".000","","0.0","","14993"
"Kyle Finnegan","WSN","0","0","0","","","","","","",".000","","0.0","","15009"
"Chase De Jong","PIT","0","0","0","","","","","","",".000","","0.0","","15036"
"German Marquez","COL","0","0","0","","","","","","",".000","","0.0","","15038"
"Tim Mayza","TOR","0","0","0","","","","","","",".000","","0.0","","15042"
"Lou Trivino","NYY","0","0","0","","","","","","",".000","","0.0","","15043"
"Trevor Gott","MIL","0","0","0","","","","","","",".000","","0.0","","15046"
"Austin Voth","BAL","0","0","0","","","","","","",".000","","0.0","","15047"
"Silvino Bracho","ATL","0","0","0","","","","","","",".000","","0.0","","15051"
"Yency Almonte","LAD","0","0","0","","","","","","",".000","","0.0","","15068"
"Rob Zastryzny","LAA","0","0","0","","","","","","",".000","","0.0","","15094"
"Collin Wiles","OAK","0","0","0","","","","","","",".000","","0.0","","15106"
"Tyler Danish","BOS","0","0","0","","","","","","",".000","","0.0","","15126"
"Justin Topa","MIL","0","0","0","","","","","","",".000","","0.0","","15145"
"Jimmy Yacabonis","TBR","0","0","0","","","","","","",".000","","0.0","","15157"
"Adam Cimber","TOR","0","0","0","","","","","","",".000","","0.0","","15288"
"Austin Pruitt","OAK","0","0","0","","","","","","",".000","","0.0","","15290"
"Kevin Herget","TBR","0","0","0","","","","","","",".000","","0.0","","15369"
"Andrew Heaney","LAD","0","0","0","","","","","","",".000","","0.0","","15423"
"Matthew Boyd","SEA","0","0","0","","","","","","",".000","","0.0","","15440"
"Zack Weiss","LAA","0","0","0","","","","","","",".000","","0.0","","15444"
"Nick Pivetta","BOS","0","0","0","","","","","","",".000","","0.0","","15454"
"Marco Gonzales","SEA","0","0","0","","","","","","",".000","","0.0","","15467"
"Lucas Giolito","CHW","0","0","0","","","","","","",".000","","0.0","","15474"
"Hunter Harvey","WSN","0","0","0","","","","","","",".000","","0.0","","15507"
"Kendall Graveman","CHW","0","0","0","","","","","","",".000","","0.0","","15514"
"Tyler Rogers","SFG","0","0","0","","","","","","",".000","","0.0","","15541"
"Mark Leiter Jr.","CHC","0","0","0","","","","","","",".000","","0.0","","15551"
"Miguel Castro","NYY","0","0","0","","","","","","",".000","","0.0","","15684"
"Luis Castillo","SEA","0","0","0","","","","","","",".000","","0.0","","15689"
"Brad Keller","KCR","0","0","0","","","","","","",".000","","0.0","","15734"
"Jose Godoy","PIT","2","0","0","","442","0","0","-100","0",".000","","-0.5","","15808"
"Devin Williams","MIL","0","0","0","","","","","","",".000","","0.0","","15816"
"Sean Manaea","SDP","0","0","0","","","","","","",".000","","0.0","","15873"
"Luis Severino","NYY","0","0","0","","","","","","",".000","","0.0","","15890"
"Ryne Stanek","HOU","0","0","0","","","","","","",".000","","0.0","","15947"
"Zach Thompson","PIT","0","0","0","","","","","","",".000","","0.0","","16094"
"Jordan Romano","TOR","0","0","0","","","","","","",".000","","0.0","","16122"
"Carlos Rodon","SFG","0","0","0","","","","","","",".000","","0.0","","16137"
"Aaron Nola","PHI","0","0","0","","","","","","",".000","","0.0","","16149"
"Brandon Woodruff","MIL","0","0","0","","","","","","",".000","","0.0","","16162"
"Kyle Freeland","COL","0","0","0","","","","","","",".000","","0.0","","16256"
"Aaron Bummer","CHW","0","0","0","","","","","","",".000","","0.0","","16258"
"Jesus Tinoco","TEX","0","0","0","","","","","","",".000","","0.0","","16300"
"Reynaldo Lopez","CHW","0","0","0","","","","","","",".000","","0.0","","16400"
"Jordan Montgomery","STL","0","0","0","","","","","","",".000","","0.0","","16511"
"Austin Gomber","COL","0","0","0","","","","","","",".000","","0.0","","16561"
"Erik Swanson","SEA","0","0","0","","","","","","",".000","","0.0","","16587"
"Bryan Abreu","HOU","0","0","0","","","","","","",".000","","0.0","","16609"
"Jeff Brigham","MIA","0","0","0","","","","","","",".000","","0.0","","16631"
"Tim Hill","SDP","0","0","0","","","","","","",".000","","0.0","","16814"
"Reed Garrett","WSN","0","0","0","","","","","","",".000","","0.0","","16866"
"Luke Weaver","KCR","0","0","0","","","","","","",".000","","0.0","","16918"
"Aramis Garcia","CIN","2","0","0","0","0","0","0","-100","0",".000","0.0%","-0.5","89.4","16925"
"Elieser Hernandez","MIA","0","0","0","","","","","","",".000","","0.0","","16933"
"Luis Ortiz","SFG","0","0","0","","","","","","",".000","","0.0","","16942"
"Trevor Williams","NYM","0","0","0","","","","","","",".000","","0.0","","16977"
"Pablo Lopez","MIA","0","0","0","","","","","","",".000","","0.0","","17085"
"Domingo Acevedo","OAK","0","0","0","","","","","","",".000","","0.0","","17092"
"Raisel Iglesias","ATL","0","0","0","","","","","","",".000","","0.0","","17130"
"Domingo German","NYY","0","0","0","","","","","","",".000","","0.0","","17149"
"Dinelson Lamet","COL","0","0","0","","","","","","",".000","","0.0","","17186"
"Ranger Suarez","PHI","0","0","0","","","","","","",".000","","0.0","","17277"
"Justus Sheffield","SEA","0","0","0","","","","","","",".000","","0.0","","17285"
"Javy Guerra","TBR","0","0","0","","","","","","",".000","","0.0","","17292"
"Framber Valdez","HOU","0","0","0","","","","","","",".000","","0.0","","17295"
"Erick Fedde","WSN","0","0","0","","","","","","",".000","","0.0","","17425"
"Jonathan Hernandez","TEX","0","0","0","","","","","","",".000","","0.0","","17464"
"Jack Flaherty","STL","0","0","0","","","","","","",".000","","0.0","","17479"
"Albert Abreu","NYY","0","0","0","","","","","","",".000","","0.0","","17485"
"Spenser Watkins","BAL","0","0","0","","","","","","",".000","","0.0","","17489"
"Diego Castillo","SEA","0","0","0","","","","","","",".000","","0.0","","17496"
"Jimmy Herget","LAA","0","0","0","","","","","","",".000","","0.0","","17556"
"JT Brubaker","PIT","0","0","0","","","","","","",".000","","0.0","","17578"
"Tanner Scott","MIA","0","0","0","","","","","","",".000","","0.0","","17586"
"Mitch Keller","PIT","0","0","0","","","","","","",".000","","0.0","","17594"
"Cristian Javier","HOU","0","0","0","","","","","","",".000","","0.0","","17606"
"Taylor Clarke","KCR","0","0","0","","","","","","",".000","","0.0","","17611"
"Justin Lawrence","COL","0","0","0","","","","","","",".000","","0.0","","17639"
"Jeffrey Springs","TBR","0","0","0","","","","","","",".000","","0.0","","17677"
"Vimael Machin","OAK","11","0","0","0","286","0","0","-100","0",".000","0.0%","-2.7","93.5","17684"
"Trevor Megill","MIN","0","0","0","","","","","","",".000","","0.0","","17722"
"Nabil Crismatt","SDP","0","0","0","","","","","","",".000","","0.0","","17732"
"Evan Phillips","LAD","0","0","0","","","","","","",".000","","0.0","","17734"
"Tyler Alexander","DET","0","0","0","","","","","","",".000","","0.0","","17735"
"Drew Smith","NYM","0","0","0","","","","","","",".000","","0.0","","17755"
"Jose Alvarado","PHI","0","0","0","","","","","","",".000","","0.0","","17780"
"Dillon Tate","BAL","0","0","0","","","","","","",".000","","0.0","","17796"
"Adbert Alzolay","CHC","0","0","0","","","","","","",".000","","0.0","","17859"
"Ian Gibaut","CIN","0","0","0","","","","","","",".000","","0.0","","17871"
"Nestor Cortes","NYY","0","0","0","","","","","","",".000","","0.0","","17874"
"Dennis Santana","TEX","0","0","0","","","","","","",".000","","0.0","","17878"
"Garrett Cleavinger","TBR","0","0","0","","","","","","",".000","","0.0","","17897"
"Trent Thornton","TOR","0","0","0","","","","","","",".000","","0.0","","17948"
"Brock Burke","TEX","0","0","0","","","","","","",".000","","0.0","","17968"
"Triston McKenzie","CLE","0","0","0","","","","","","",".000","","0.0","","18000"
"Phil Maton","HOU","0","0","0","","","","","","",".000","","0.0","","18064"
"Ryan Helsley","STL","0","0","0","","","","","","",".000","","0.0","","18138"
"Anthony Misiewicz","KCR","0","0","0","","","","","","",".000","","0.0","","18152"
"Jarlin Garcia","SFG","0","0","0","","","","","","",".000","","0.0","","18282"
"Taylor Hearn","TEX","0","0","0","","","","","","",".000","","0.0","","18325"
"James Kaprielian","OAK","0","0","0","","","","","","",".000","","0.0","","18331"
"Alex Young","SFG","0","0","0","","","","","","",".000","","0.0","","18333"
"Jaime Barria","LAA","0","0","0","","","","","","",".000","","0.0","","18356"
"Connor Overton","CIN","0","0","0","","","","","","",".000","","0.0","","18376"
"Scott Effross","NYY","0","0","0","","","","","","",".000","","0.0","","18384"
"Enyel De Los Santos","CLE","0","0","0","","","","","","",".000","","0.0","","18403"
"Jose Urquidy","HOU","0","0","0","","","","","","",".000","","0.0","","18413"
"Tyler Cyr","OAK","0","0","0","","","","","","",".000","","0.0","","18421"
"Junior Fernandez","PIT","0","0","0","","","","","","",".000","","0.0","","18496"
"Dylan Cease","CHW","0","0","0","","","","","","",".000","","0.0","","18525"
"Sam Hentges","CLE","0","0","0","","","","","","",".000","","0.0","","18548"
"A.J. Minter","ATL","0","0","0","","","","","","",".000","","0.0","","18655"
"Jake Woodford","STL","0","0","0","","","","","","",".000","","0.0","","18674"
"Freddy Peralta","MIL","0","0","0","","","","","","",".000","","0.0","","18679"
"Sandy Alcantara","MIA","0","0","0","","","","","","",".000","","0.0","","18684"
"Kolby Allard","TEX","0","0","0","","","","","","",".000","","0.0","","18694"
"Miguel Diaz","DET","0","0","0","","","","","","",".000","","0.0","","18815"
"Tommy Nance","MIA","0","0","0","","","","","","",".000","","0.0","","19178"
"Kirby Snead","OAK","0","0","0","","","","","","",".000","","0.0","","19179"
"Zack Collins","PIT","0","0","0","","","","","","",".000","","0.0","","19181"
"Jose Quijada","LAA","0","0","0","","","","","","",".000","","0.0","","19200"
"Dakota Hudson","STL","0","0","0","","","","","","",".000","","0.0","","19206"
"Mitch White","TOR","0","0","0","","","","","","",".000","","0.0","","19225"
"Cole Irvin","OAK","0","0","0","","","","","","",".000","","0.0","","19244"
"Seranthony Dominguez","PHI","0","0","0","","","","","","",".000","","0.0","","19249"
"Taylor Widener","ARI","0","0","0","","","","","","",".000","","0.0","","19266"
"Stone Garrett","ARI","8","0","0","0","221","0","0","-100","0",".000","0.0%","-2.0","81.3","19273"
"Zac Gallen","ARI","0","0","0","","","","","","",".000","","0.0","","19291"
"Trevor Richards","TOR","0","0","0","","","","","","",".000","","0.0","","19309"
"Cal Quantrill","CLE","0","0","0","","","","","","",".000","","0.0","","19312"
"Eric Lauer","MIL","0","0","0","","","","","","",".000","","0.0","","19316"
"Matthew Festa","SEA","0","0","0","","","","","","",".000","","0.0","","19330"
"A.J. Puk","OAK","0","0","0","","","","","","",".000","","0.0","","19343"
"Caleb Ferguson","LAD","0","0","0","","","","","","",".000","","0.0","","19349"
"Dean Kremer","BAL","0","0","0","","","","","","",".000","","0.0","","19350"
"Corbin Burnes","MIL","0","0","0","","","","","","",".000","","0.0","","19361"
"Keegan Akin","BAL","0","0","0","","","","","","",".000","","0.0","","19362"
"Tony Gonsolin","LAD","0","0","0","","","","","","",".000","","0.0","","19388"
"Colin Poche","TBR","0","0","0","","","","","","",".000","","0.0","","19403"
"Shane Bieber","CLE","0","0","0","","","","","","",".000","","0.0","","19427"
"Yohan Ramirez","PIT","0","0","0","","","","","","",".000","","0.0","","19444"
"Patrick Sandoval","LAA","0","0","0","","","","","","",".000","","0.0","","19447"
"Michael Rucker","CHC","0","0","0","","","","","","",".000","","0.0","","19454"
"Bryan Garcia","DET","0","0","0","","","","","","",".000","","0.0","","19457"
"Aaron Civale","CLE","0","0","0","","","","","","",".000","","0.0","","19479"
"Andrew Vasquez","SFG","0","0","0","","","","","","",".000","","0.0","","19482"
"Jason Foley","DET","0","0","0","","","","","","",".000","","0.0","","19531"
"Jimmy Lambert","CHW","0","0","0","","","","","","",".000","","0.0","","19541"
"Stephen Nogosek","NYM","0","0","0","","","","","","",".000","","0.0","","19545"
"David Bednar","PIT","0","0","0","","","","","","",".000","","0.0","","19569"
"JoJo Romero","STL","0","0","0","","","","","","",".000","","0.0","","19574"
"Norge Ruiz","OAK","0","0","0","","","","","","",".000","","0.0","","19580"
"Sean Poppen","ARI","0","0","0","","","","","","",".000","","0.0","","19583"
"Cionel Perez","BAL","0","0","0","","","","","","",".000","","0.0","","19614"
"Jordan Hicks","STL","0","0","0","","","","","","",".000","","0.0","","19618"
"Kyle Wright","ATL","0","0","0","","","","","","",".000","","0.0","","19665"
"Gregory Soto","DET","0","0","0","","","","","","",".000","","0.0","","19677"
"Darick Hall","PHI","7","0","0","0","253","0","0","-100","0",".000","0.0%","-1.8","93.6","19717"
"Jonathan Loaisiga","NYY","0","0","0","","","","","","",".000","","0.0","","19753"
"Reiver Sanmartin","CIN","0","0","0","","","","","","",".000","","0.0","","19754"
"Will Vest","DET","0","0","0","","","","","","",".000","","0.0","","19769"
"Keegan Thompson","CHC","0","0","0","","","","","","",".000","","0.0","","19795"
"Bryan Baker","BAL","0","0","0","","","","","","",".000","","0.0","","19804"
"Tucker Davidson","LAA","0","0","0","","","","","","",".000","","0.0","","19871"
"Kevin Ginkel","ARI","0","0","0","","","","","","",".000","","0.0","","19876"
"Alex Lange","DET","0","0","0","","","","","","",".000","","0.0","","19883"
"Clarke Schmidt","NYY","0","0","0","","","","","","",".000","","0.0","","19899"
"Jose Suarez","LAA","0","0","0","","","","","","",".000","","0.0","","19911"
"Trevor Stephan","CLE","0","0","0","","","","","","",".000","","0.0","","19932"
"Jesus Luzardo","MIA","0","0","0","","","","","","",".000","","0.0","","19959"
"Taylor Trammell","SEA","4","0","0","0","113","0","0","-100","0",".000","0.0%","-1.0","85.0","19960"
"Joey Wentz","DET","0","0","0","","","","","","",".000","","0.0","","19962"
"Tyson Miller","TEX","0","0","0","","","","","","",".000","","0.0","","19976"
"Zach Plesac","CLE","0","0","0","","","","","","",".000","","0.0","","19979"
"Bryse Wilson","PIT","0","0","0","","","","","","",".000","","0.0","","19990"
"Joel Kuhnel","CIN","0","0","0","","","","","","",".000","","0.0","","19995"
"Dylan Lee","ATL","0","0","0","","","","","","",".000","","0.0","","19996"
"John Schreiber","BOS","0","0","0","","","","","","",".000","","0.0","","20020"
"Adrian Morejon","SDP","0","0","0","","","","","","",".000","","0.0","","20039"
"Jake Fishman","MIA","0","0","0","","","","","","",".000","","0.0","","20060"
"Kaleb Ort","BOS","0","0","0","","","","","","",".000","","0.0","","20061"
"Bailey Falter","PHI","0","0","0","","","","","","",".000","","0.0","","20070"
"Adam Oller","OAK","0","0","0","","","","","","",".000","","0.0","","20132"
"James Karinchak","CLE","0","0","0","","","","","","",".000","","0.0","","20151"
"Nick Nelson","PHI","0","0","0","","","","","","",".000","","0.0","","20153"
"Zach Pop","TOR","0","0","0","","","","","","",".000","","0.0","","20185"
"Chad Smith","COL","0","0","0","","","","","","",".000","","0.0","","20190"
"Eli Morgan","CLE","0","0","0","","","","","","",".000","","0.0","","20203"
"Mike Baumann","BAL","0","0","0","","","","","","",".000","","0.0","","20206"
"Griffin Jax","MIN","0","0","0","","","","","","",".000","","0.0","","20253"
"Cory Abbott","WSN","0","0","0","","","","","","",".000","","0.0","","20277"
"David Peterson","NYM","0","0","0","","","","","","",".000","","0.0","","20302"
"Erich Uelmen","CHC","0","0","0","","","","","","",".000","","0.0","","20323"
"Zack Kelly","BOS","0","0","0","","","","","","",".000","","0.0","","20349"
"Steven Wilson","SDP","0","0","0","","","","","","",".000","","0.0","","20353"
"Brusdar Graterol","LAD","0","0","0","","","","","","",".000","","0.0","","20367"
"Andres Munoz","SEA","0","0","0","","","","","","",".000","","0.0","","20373"
"Greg Weissert","NYY","0","0","0","","","","","","",".000","","0.0","","20375"
"Josh Fleming","TBR","0","0","0","","","","","","",".000","","0.0","","20418"
"Jovani Moran","MIN","0","0","0","","","","","","",".000","","0.0","","20422"
"Nick Sandlin","CLE","0","0","0","","","","","","",".000","","0.0","","20517"
"Kirk McCarty","CLE","0","0","0","","","","","","",".000","","0.0","","20555"
"Yusei Kikuchi","TOR","0","0","0","","","","","","",".000","","0.0","","20633"
"Felix Bautista","BAL","0","0","0","","","","","","",".000","","0.0","","20666"
"Cristopher Sanchez","PHI","0","0","0","","","","","","",".000","","0.0","","20778"
"Manuel Rodriguez","CHC","0","0","0","","","","","","",".000","","0.0","","20794"
"Elvin Rodriguez","DET","0","0","0","","","","","","",".000","","0.0","","20962"
"Eduard Bazardo","BOS","0","0","0","","","","","","",".000","","0.0","","20997"
"Adrian Martinez","OAK","0","0","0","","","","","","",".000","","0.0","","21023"
"Emmanuel Clase","CLE","0","0","0","","","","","","",".000","","0.0","","21032"
"Thomas Szapucki","SFG","0","0","0","","","","","","",".000","","0.0","","21065"
"Nick Vespi","BAL","0","0","0","","","","","","",".000","","0.0","","21093"
"Alexis Diaz","CIN","0","0","0","","","","","","",".000","","0.0","","21132"
"Connor Brogdon","PHI","0","0","0","","","","","","",".000","","0.0","","21205"
"Bailey Ober","MIN","0","0","0","","","","","","",".000","","0.0","","21224"
"Jake Bird","COL","0","0","0","","","","","","",".000","","0.0","","21267"
"Andre Jackson","LAD","0","0","0","","","","","","",".000","","0.0","","21298"
"Tylor Megill","NYM","0","0","0","","","","","","",".000","","0.0","","21318"
"Glenn Otto","TEX","0","0","0","","","","","","",".000","","0.0","","21366"
"Peter Strzelecki","MIL","0","0","0","","","","","","",".000","","0.0","","21367"
"Joe Ryan","MIN","0","0","0","","","","","","",".000","","0.0","","21390"
"Ryan Feltner","COL","0","0","0","","","","","","",".000","","0.0","","21446"
"Davis Martin","CHW","0","0","0","","","","","","",".000","","0.0","","21448"
"Kris Bubic","KCR","0","0","0","","","","","","",".000","","0.0","","21455"
"Cole Sands","MIN","0","0","0","","","","","","",".000","","0.0","","21461"
"Sean Hjelle","SFG","0","0","0","","","","","","",".000","","0.0","","21481"
"Shane McClanahan","TBR","0","0","0","","","","","","",".000","","0.0","","21483"
"Daniel Lynch","KCR","0","0","0","","","","","","",".000","","0.0","","21537"
"Jake Cousins","MIL","0","0","0","","","","","","",".000","","0.0","","21620"
"Edward Cabrera","MIA","0","0","0","","","","","","",".000","","0.0","","21690"
"Sebastian Rivero","KCR","5","0","0","0","180","0","0","-100","0",".000","0.0%","-1.2","90.5","21735"
"Javier Assad","CHC","0","0","0","","","","","","",".000","","0.0","","21741"
"Jonathan Aranda","TBR","16","0","0","0","169","0","0","-100","0",".000","0.0%","-3.7","86.6","21837"
"Braxton Garrett","MIA","0","0","0","","","","","","",".000","","0.0","","21844"
"Cole Ragans","TEX","0","0","0","","","","","","",".000","","0.0","","21846"
"Mason Thompson","WSN","0","0","0","","","","","","",".000","","0.0","","21850"
"Bo Naylor","CLE","8","0","0","0","281","0","0","-100","0",".000","0.0%","-2.0","93.9","21865"
"Yerry Rodriguez","TEX","0","0","0","","","","","","",".000","","0.0","","21955"
"Max Castillo","KCR","0","0","0","","","","","","",".000","","0.0","","21956"
"Camilo Doval","SFG","0","0","0","","","","","","",".000","","0.0","","21992"
"John King","TEX","0","0","0","","","","","","",".000","","0.0","","22051"
"Easton McGee","TBR","0","0","0","","","","","","",".000","","0.0","","22176"
"Hunter Greene","CIN","0","0","0","","","","","","",".000","","0.0","","22182"
"DL Hall","BAL","0","0","0","","","","","","",".000","","0.0","","22207"
"Jon Heasley","KCR","0","0","0","","","","","","",".000","","0.0","","22224"
"Logan Gilbert","SEA","0","0","0","","","","","","",".000","","0.0","","22250"
"Dylan Coleman","KCR","0","0","0","","","","","","",".000","","0.0","","22276"
"Matthew Liberatore","STL","0","0","0","","","","","","",".000","","0.0","","22294"
"Joe Barlow","TEX","0","0","0","","","","","","",".000","","0.0","","22296"
"Angel De Jesus","DET","0","0","0","","","","","","",".000","","0.0","","22323"
"Josh Winckowski","BOS","0","0","0","","","","","","",".000","","0.0","","22387"
"Logan Gillaspie","BAL","0","0","0","","","","","","",".000","","0.0","","22461"
"Johan Oviedo","PIT","0","0","0","","","","","","",".000","","0.0","","22487"
"Carlos Hernandez","KCR","0","0","0","","","","","","",".000","","0.0","","22713"
"Roansy Contreras","PIT","0","0","0","","","","","","",".000","","0.0","","22810"
"Michael Plassmeyer","PHI","0","0","0","","","","","","",".000","","0.0","","23191"
"Michael Grove","LAD","0","0","0","","","","","","",".000","","0.0","","23221"
"Collin Snider","KCR","0","0","0","","","","","","",".000","","0.0","","23307"
"Beau Sulser","BAL","0","0","0","","","","","","",".000","","0.0","","23420"
"JP Sears","OAK","0","0","0","","","","","","",".000","","0.0","","23429"
"Brandon Hughes","CHC","0","0","0","","","","","","",".000","","0.0","","23460"
"Tommy Romero","WSN","0","0","0","","","","","","",".000","","0.0","","23465"
"Ron Marinaccio","NYY","0","0","0","","","","","","",".000","","0.0","","23488"
"Aaron Ashby","MIL","0","0","0","","","","","","",".000","","0.0","","23550"
"Luis Garcia","HOU","0","0","0","","","","","","",".000","","0.0","","23735"
"Brayan Bello","BOS","0","0","0","","","","","","",".000","","0.0","","23920"
"Ronny Henriquez","MIN","0","0","0","","","","","","",".000","","0.0","","24094"
"Simeon Woods Richardson","MIN","0","0","0","","","","","","",".000","","0.0","","24494"
"Kyle Bradish","BAL","0","0","0","","","","","","",".000","","0.0","","24586"
"Josh Winder","MIN","0","0","0","","","","","","",".000","","0.0","","24606"
"Frank German","BOS","0","0","0","","","","","","",".000","","0.0","","24750"
"Andrew Wantz","LAA","0","0","0","","","","","","",".000","","0.0","","24933"
"Alex Vesia","LAD","0","0","0","","","","","","",".000","","0.0","","25007"
"Garrett Hill","DET","0","0","0","","","","","","",".000","","0.0","","25097"
"Penn Murfee","SEA","0","0","0","","","","","","",".000","","0.0","","25174"
"Michael Stefanic","LAA","2","0","0","0","0","0","0","-100","0",".000","0.0%","-0.5","92.1","25353"
"Nick Mears","PIT","0","0","0","","","","","","",".000","","0.0","","25376"
"Brady Singer","KCR","0","0","0","","","","","","",".000","","0.0","","25377"
"Drew Rasmussen","TBR","0","0","0","","","","","","",".000","","0.0","","25385"
"Cody Morris","CLE","0","0","0","","","","","","",".000","","0.0","","25388"
"Nash Walters","LAA","0","0","0","","","","","","",".000","","0.0","","25413"
"Gavin Hollowell","COL","0","0","0","","","","","","",".000","","0.0","","25427"
"George Kirby","SEA","0","0","0","","","","","","",".000","","0.0","","25436"
"Cole Waites","SFG","0","0","0","","","","","","",".000","","0.0","","25665"
"Matt Brash","SEA","0","0","0","","","","","","",".000","","0.0","","25756"
"Noah Davis","COL","0","0","0","","","","","","",".000","","0.0","","25862"
"Hunter Brown","HOU","0","0","0","","","","","","",".000","","0.0","","25880"
"Yennier Cano","BAL","0","0","0","","","","","","",".000","","0.0","","25911"
"Zack Thompson","STL","0","0","0","","","","","","",".000","","0.0","","25918"
"Andrew Nardi","MIA","0","0","0","","","","","","",".000","","0.0","","25942"
"Andre Pallante","STL","0","0","0","","","","","","",".000","","0.0","","26108"
"Drey Jameson","ARI","0","0","0","","","","","","",".000","","0.0","","26260"
"Tommy Henry","ARI","0","0","0","","","","","","",".000","","0.0","","26285"
"Bryan Hoeing","MIA","0","0","0","","","","","","",".000","","0.0","","26304"
"Nick Lodolo","CIN","0","0","0","","","","","","",".000","","0.0","","26378"
"Alek Manoah","TOR","0","0","0","","","","","","",".000","","0.0","","26410"
"Reid Detmers","LAA","0","0","0","","","","","","",".000","","0.0","","27468"
"Jared Koenig","OAK","0","0","0","","","","","","",".000","","0.0","","27517"
"Graham Ashcraft","CIN","0","0","0","","","","","","",".000","","0.0","","27552"
"Hayden Wesneski","CHC","0","0","0","","","","","","",".000","","0.0","","27581"
"Luis Ortiz","PIT","0","0","0","","","","","","",".000","","0.0","","27646"
"Ken Waldichuk","OAK","0","0","0","","","","","","",".000","","0.0","","27681"
"Louie Varland","MIN","0","0","0","","","","","","",".000","","0.0","","27691"
"Bryce Elder","ATL","0","0","0","","","","","","",".000","","0.0","","27779"
"Robert Suarez","SDP","0","0","0","","","","","","",".000","","0.0","","30115"
