"Name","Team","PA","HR","SB","Off","wRC+","wOBA","ISO+","Barrel%","BsR","Spd","SwStr%","TTO%","BB%+","K%+","Oppo%+","EV","maxEV","xwOBA","HardHit%","playerid"
"Aaron Judge","NYY","696","62","16","86.1","207",".458","251","26.2%","2.1","4.0","11.8%","50.0%","200","113","84","95.8","118.4",".463","60.9%","15640"
"Yordan Alvarez","HOU","561","37","1","52.9","185",".427","205","21.0%","-0.6","3.0","9.0%","39.4%","175","85","85","95.2","117.4",".462","59.8%","19556"
"Paul Goldschmidt","STL","651","35","7","61.7","177",".419","168","11.5%","3.0","3.6","9.9%","39.2%","145","96","105","90.7","112.3",".367","46.9%","9218"
"Mike Trout","LAA","499","40","1","42.4","176",".418","232","19.7%","-0.3","3.3","11.8%","46.7%","136","125","109","91.6","114.4",".395","50.3%","10155"
"Jose Altuve","HOU","604","28","18","41.9","164",".397","156","7.7%","-1.5","5.0","6.8%","30.0%","137","65","66","85.9","109.8",".354","29.5%","5417"
"Joey Meneses","WSN","240","13","1","12.8","156",".395","154","9.9%","-2.8","2.4","10.2%","33.3%","75","96","109","91.4","110.9",".332","47.1%","14366"
"Freddie Freeman","LAD","708","21","13","52.6","157",".393","120","10.1%","5.4","4.8","8.3%","29.2%","142","64","122","91.3","112.3",".403","48.0%","5361"
"Manny Machado","SDP","644","32","9","41.9","152",".382","151","9.8%","3.0","4.3","11.8%","35.4%","117","91","102","91.5","112.4",".338","49.0%","11493"
"Nolan Arenado","STL","620","30","5","35.4","151",".381","155","8.2%","-1.6","2.6","8.6%","24.8%","100","51","80","88.7","111.4",".339","38.9%","9777"
"Albert Pujols","STL","351","24","1","14.0","151",".380","181","12.0%","-6.6","1.4","9.2%","30.5%","95","69","71","91.2","111.7",".365","47.3%","1177"
"Austin Riley","ATL","693","38","2","32.5","142",".377","165","15.7%","-1.7","3.0","13.2%","38.0%","98","107","98","92.5","115.9",".378","50.8%","18360"
"Juan Soto","- - -","664","27","6","32.0","145",".376","135","12.4%","-2.4","3.5","6.0%","38.9%","243","64","97","91.0","113.2",".401","47.3%","20123"
"Mookie Betts","LAD","639","35","12","37.3","144",".373","170","9.7%","4.3","6.0","6.7%","30.4%","103","72","85","90.5","109.0",".344","44.7%","13611"
"Joc Pederson","SFG","433","23","3","22.6","144",".373","160","15.1%","0.4","4.0","10.1%","38.1%","116","102","103","93.1","112.8",".367","51.8%","11899"
"Rafael Devers","BOS","614","27","3","26.8","141",".373","151","11.5%","-1.2","3.1","14.2%","31.1%","102","84","107","93.1","113.7",".361","50.9%","17350"
"Trayce Thompson","- - -","255","13","4","15.8","142",".370","162","16.4%","3.2","4.9","14.6%","54.1%","150","161","64","92.3","111.9",".366","46.9%","9952"
"William Contreras","ATL","376","20","2","14.0","138",".370","147","13.4%","-2.6","3.4","14.0%","43.4%","124","122","89","90.4","115.2",".347","46.6%","20503"
"Eloy Jimenez","CHW","327","16","0","14.7","144",".370","138","14.7%","-1.4","1.0","14.3%","35.5%","108","99","90","92.8","113.4",".365","54.9%","17484"
"Shohei Ohtani","LAA","666","34","11","31.8","142",".370","165","16.8%","0.3","4.7","12.6%","40.1%","136","109","112","92.9","119.1",".385","49.8%","19755"
"Bryce Harper","PHI","426","18","11","18.1","138",".369","146","12.8%","-0.9","4.6","14.8%","35.4%","129","90","101","92.1","114.3",".380","47.9%","11579"
"Nathaniel Lowe","TEX","645","27","2","27.3","143",".368","128","9.9%","-3.9","2.7","11.1%","34.4%","93","103","121","90.3","113.0",".344","44.8%","19566"
"Michael Harris II","ATL","441","19","20","24.4","136",".368","140","10.1%","5.9","7.2","13.8%","33.3%","57","107","100","89.5","112.8",".335","45.1%","25931"
"Julio Rodriguez","SEA","560","28","25","33.4","146",".366","151","13.1%","4.3","6.2","14.4%","38.0%","90","117","93","92.0","117.2",".337","50.7%","23697"
"Yandy Diaz","TBR","558","9","3","23.9","146",".366","85","4.8%","-5.3","2.2","5.3%","26.3%","176","48","129","92.2","114.3",".365","48.6%","16578"
"Pete Alonso","NYM","685","40","5","32.0","143",".366","159","12.3%","-2.5","2.9","10.7%","34.3%","117","83","98","89.8","116.5",".354","44.6%","19251"
"Jeff McNeil","NYM","589","9","4","31.4","143",".365","82","2.7%","2.0","3.3","7.5%","18.7%","81","46","105","86.9","110.0",".323","30.2%","15362"
"Jazz Chisholm Jr.","MIA","241","14","12","14.1","139",".365","182","16.6%","3.1","7.9","13.7%","41.9%","104","121","76","90.2","109.6",".345","45.7%","20454"
"Vinnie Pasquantino","KCR","298","10","1","10.5","137",".365","104","8.8%","-2.1","1.5","6.6%","26.5%","148","51","87","91.2","112.7",".374","46.9%","27676"
"Andres Gimenez","CLE","557","17","20","28.4","140",".364","113","6.2%","3.4","5.8","13.0%","29.3%","77","91","94","87.8","109.9",".326","37.6%","19950"
"Danny Jansen","TOR","248","15","1","12.0","140",".364","171","13.1%","0.8","2.5","9.2%","33.9%","127","80","66","90.4","109.3",".368","46.6%","16535"
"Xander Bogaerts","BOS","631","15","8","28.7","134",".363","100","6.5%","4.7","3.5","10.6%","30.1%","113","84","103","88.1","113.0",".323","39.5%","12161"
"Jose Ramirez","CLE","685","29","20","36.0","139",".363","157","6.6%","6.0","5.3","6.4%","26.3%","127","54","84","87.7","114.2",".320","36.6%","13510"
"Carlos Correa","MIN","590","22","0","20.7","140",".362","118","11.4%","-6.0","1.7","9.0%","34.6%","130","92","83","89.9","114.6",".363","44.7%","14162"
"Taylor Ward","LAA","564","23","5","23.9","137",".362","129","12.1%","0.7","3.4","8.3%","36.0%","134","96","97","89.9","112.6",".361","42.4%","17548"
"Jose Abreu","CHW","679","15","0","26.9","138",".361","95","9.5%","-1.7","1.4","9.8%","27.5%","115","73","104","92.2","113.0",".373","51.7%","15676"
"Alex Bregman","HOU","656","23","1","23.7","136",".358","131","7.3%","-3.0","2.0","5.6%","28.5%","167","53","76","88.9","109.2",".350","37.6%","17678"
"Willson Contreras","CHC","487","22","4","15.2","132",".357","144","10.5%","-2.8","4.2","14.4%","34.9%","111","94","97","90.4","116.2",".364","47.9%","11609"
"Byron Buxton","MIN","382","28","6","19.6","136",".356","203","16.4%","4.3","6.5","14.6%","46.6%","112","137","68","92.9","113.5",".358","50.2%","14161"
"Starling Marte","NYM","505","16","18","20.8","136",".355","114","6.8%","-0.2","6.5","10.8%","27.5%","62","85","97","86.8","113.3",".336","33.9%","9241"
"Kyle Schwarber","PHI","669","46","10","21.3","128",".355","185","20.1%","-0.8","5.2","11.0%","49.6%","154","132","78","93.3","114.8",".375","54.4%","16478"
"J.T. Realmuto","PHI","562","22","21","24.9","128",".354","131","11.3%","6.6","6.9","11.4%","32.4%","87","94","110","90.3","110.4",".351","46.7%","11739"
"Adley Rutschman","BAL","470","13","4","22.5","133",".354","128","7.9%","5.0","4.2","6.3%","34.9%","174","82","82","87.9","110.9",".342","36.8%","26288"
"Brandon Nimmo","NYM","673","16","3","26.6","134",".353","102","7.0%","-0.3","4.7","7.6%","30.2%","126","76","119","89.4","111.9",".342","39.8%","12927"
"Anthony Rizzo","NYY","548","32","6","16.4","133",".352","171","10.9%","-3.6","3.7","9.8%","34.9%","133","83","90","89.4","113.3",".349","40.7%","3473"
"George Springer","TOR","583","25","14","25.7","132",".352","137","8.3%","4.6","6.0","13.3%","30.7%","116","77","94","88.7","113.6",".342","41.9%","12856"
"Jake Fraley","CIN","247","12","4","7.6","121",".352","134","7.3%","1.6","3.6","10.9%","37.2%","126","97","107","85.1","110.0",".333","27.4%","19260"
"Vladimir Guerrero Jr.","TOR","706","32","8","19.3","132",".351","138","11.2%","-6.0","3.1","10.9%","29.2%","103","74","92","92.8","118.4",".348","50.4%","19611"
"Trea Turner","LAD","708","21","27","29.6","128",".350","109","7.6%","6.5","6.4","12.8%","27.8%","76","82","89","88.9","112.5",".335","41.4%","16252"
"Brandon Drury","- - -","568","28","2","11.5","123",".350","148","10.4%","-3.6","3.5","8.6%","33.8%","80","98","92","89.1","112.4",".316","41.7%","11615"
"Luis Arraez","MIN","603","8","4","21.0","131",".350","70","3.6%","-0.2","3.0","2.5%","16.7%","104","32","123","88.9","107.3",".333","30.2%","18568"
"Daniel Vogelbach","- - -","461","18","0","11.7","128",".349","125","10.6%","-3.3","1.5","5.9%","44.5%","190","109","97","89.4","110.9",".350","39.9%","14130"
"Bryan Reynolds","PIT","614","27","7","16.0","125",".349","129","7.9%","-2.1","4.5","13.0%","36.5%","109","102","100","90.2","113.2",".329","42.9%","19326"
"Brendan Donovan","STL","468","5","2","14.0","129",".349","63","3.4%","-1.9","2.9","5.4%","28.8%","153","66","123","87.7","107.0",".339","37.7%","24679"
"Will Smith","LAD","578","24","1","14.9","127",".349","132","10.3%","-3.6","2.9","7.2%","30.4%","116","73","103","89.9","109.0",".352","43.0%","19197"
"Teoscar Hernandez","TOR","535","25","6","15.0","129",".348","150","15.0%","-2.5","3.8","15.6%","39.4%","80","128","102","92.6","114.1",".351","52.7%","13066"
"Kyle Tucker","HOU","609","30","25","23.9","129",".348","148","10.1%","4.0","4.9","9.8%","30.2%","122","70","91","90.0","111.3",".353","41.9%","18345"
"Bo Bichette","TOR","697","24","13","20.1","129",".347","120","9.6%","-2.7","3.8","11.4%","31.6%","74","100","137","91.9","112.4",".334","50.3%","19612"
"Alejandro Kirk","TOR","541","14","0","10.4","129",".347","87","6.7%","-7.1","1.1","5.8%","25.0%","146","48","119","90.5","110.1",".351","45.0%","22581"
"Hunter Renfroe","MIL","522","29","1","12.9","124",".347","152","10.9%","-1.6","2.2","11.8%","36.2%","89","103","95","90.5","112.5",".323","43.3%","15464"
"Christian Walker","ARI","667","36","2","16.9","122",".346","152","11.5%","-0.3","2.7","10.2%","35.4%","124","87","95","90.0","112.6",".359","44.0%","13419"
"Rhys Hoskins","PHI","672","30","2","13.8","122",".345","139","11.1%","-3.4","2.8","9.9%","40.3%","128","111","92","90.1","112.2",".338","44.2%","16472"
"Michael Brantley","HOU","277","5","1","7.7","127",".345","85","6.0%","-0.7","2.5","4.8%","23.8%","141","49","84","89.8","108.2",".374","45.1%","4106"
"Eugenio Suarez","SEA","629","31","0","19.3","131",".344","149","14.8%","-2.5","2.2","12.8%","47.7%","146","140","95","89.8","111.4",".339","43.5%","12552"
"Austin Slater","SFG","325","7","12","12.7","124",".344","93","10.5%","3.5","6.8","12.8%","41.8%","147","121","98","89.0","109.4",".351","39.5%","16153"
"Matt Olson","ATL","699","34","0","15.4","120",".344","153","13.6%","-0.8","1.2","12.8%","39.9%","128","108","90","92.9","116.8",".347","50.9%","14344"
"Josh Bell","- - -","647","17","0","11.3","123",".344","101","7.2%","-5.6","2.4","8.8%","30.9%","150","70","104","88.9","112.2",".349","40.5%","13145"
"Mark Canha","NYM","542","13","3","16.7","128",".343","88","4.9%","-1.0","3.1","8.5%","29.2%","106","79","117","87.7","108.0",".323","36.3%","11445"
"Travis d'Arnaud","ATL","426","18","0","6.1","120",".343","132","8.5%","-3.6","2.5","13.3%","29.8%","53","93","101","88.5","112.3",".313","38.6%","7739"
"J.D. Martinez","BOS","596","16","0","5.8","119",".343","117","12.4%","-7.3","2.1","14.6%","35.7%","110","110","118","89.1","111.6",".349","41.4%","6184"
"Justin Turner","LAD","532","13","3","11.4","123",".343","103","8.0%","-3.1","2.8","8.9%","28.6%","112","74","119","89.5","108.9",".339","40.6%","5235"
"Lars Nootbaar","STL","347","14","4","11.3","125",".342","142","12.1%","1.4","5.5","8.6%","39.2%","176","90","85","91.7","113.0",".346","46.0%","21454"
"Andrew Benintendi","- - -","521","5","8","13.6","122",".342","64","5.1%","0.6","4.1","8.9%","25.7%","125","67","115","89.2","109.8",".334","38.5%","17901"
"Francisco Lindor","NYM","706","26","16","25.4","127",".342","116","8.3%","3.3","5.6","10.0%","30.9%","100","83","98","89.3","110.7",".331","41.1%","12916"
"Steven Kwan","CLE","638","6","19","22.0","124",".341","68","1.4%","4.9","6.2","3.1%","20.1%","122","42","136","85.1","107.1",".312","20.8%","24610"
"Oscar Gonzalez","CLE","382","11","1","8.3","122",".339","111","7.3%","-1.3","1.6","14.4%","26.4%","49","88","77","88.6","113.3",".320","39.8%","20970"
"Ian Happ","CHC","641","17","9","15.2","120",".339","109","6.5%","0.7","3.9","11.9%","34.9%","108","103","101","89.7","113.9",".306","40.2%","17919"
"Dylan Moore","SEA","255","6","21","10.1","126",".338","108","12.8%","2.5","8.3","9.5%","45.1%","167","132","92","87.2","110.5",".322","36.1%","18042"
"Dansby Swanson","ATL","696","25","18","15.8","116",".337","110","10.8%","3.1","4.8","13.9%","36.8%","84","116","102","90.2","109.6",".337","46.1%","18314"
"Ty France","SEA","613","20","0","14.9","126",".337","108","5.4%","-2.8","1.5","9.3%","24.3%","72","69","111","87.6","110.4",".321","36.3%","17982"
"Jake McCarthy","ARI","354","8","23","14.3","116",".337","92","4.8%","7.7","7.6","13.3%","30.2%","78","95","103","87.4","108.3",".298","33.3%","21622"
"Kolten Wong","MIL","497","15","17","13.0","117",".336","116","5.4%","3.4","6.1","8.2%","30.0%","111","78","104","87.0","109.7",".305","35.2%","12532"
"Anthony Santander","BAL","647","33","0","15.0","120",".336","144","11.6%","0.3","1.6","9.2%","32.5%","107","85","81","90.1","112.0",".352","43.3%","14551"
"Randy Arozarena","TBR","645","20","32","13.8","125",".336","122","7.9%","-4.3","5.6","12.2%","34.4%","90","109","91","89.9","114.1",".301","40.7%","19290"
"Ronald Acuna Jr.","ATL","533","15","29","13.7","114",".335","95","12.8%","4.8","4.9","10.9%","36.4%","119","105","83","91.2","116.6",".366","49.7%","18401"
"C.J. Cron","COL","632","29","0","1.5","101",".335","136","10.8%","0.5","2.4","10.8%","37.3%","81","115","107","88.6","115.5",".321","42.2%","12546"
"Seiya Suzuki","CHC","446","14","9","8.0","116",".334","111","11.0%","-0.4","4.5","8.0%","37.2%","113","109","130","89.6","111.3",".327","40.3%","30116"
"Keston Hiura","MIL","266","14","5","5.3","115",".334","143","15.3%","0.7","5.1","18.4%","55.6%","103","185","98","91.7","111.0",".317","45.2%","20003"
"J.D. Davis","- - -","365","12","1","5.2","119",".333","110","16.2%","-3.1","2.9","18.0%","47.4%","128","148","103","92.4","112.7",".353","55.6%","16219"
"Jorge Polanco","MIN","445","16","3","10.5","119",".333","114","10.2%","0.9","2.3","9.7%","39.3%","181","96","85","89.0","111.0",".358","38.4%","13152"
"Gio Urshela","MIN","551","13","1","5.6","119",".332","96","7.0%","-6.2","3.0","10.0%","27.2%","93","78","107","88.9","110.3",".323","37.6%","10681"
"Josh Naylor","CLE","498","20","6","5.8","117",".331","131","8.6%","-3.6","2.9","9.5%","27.7%","96","72","83","89.4","113.0",".327","42.5%","18839"
"Sean Murphy","OAK","612","18","1","13.8","122",".331","118","10.5%","-1.4","2.7","11.0%","32.4%","115","91","92","88.7","114.0",".344","41.1%","19352"
"Corey Seager","TEX","663","33","3","15.1","117",".331","141","10.5%","2.6","3.2","13.7%","29.3%","110","70","95","91.1","111.3",".372","45.5%","13624"
"Matt Chapman","TOR","621","27","2","15.1","117",".331","137","12.9%","3.1","2.9","10.8%","42.7%","138","123","71","92.2","112.7",".341","50.7%","16505"
"Garrett Cooper","MIA","469","9","0","6.2","115",".330","100","10.7%","-2.2","1.8","9.9%","35.8%","102","112","112","89.6","112.6",".341","43.3%","15279"
"Evan Longoria","SFG","298","14","0","2.8","115",".330","133","12.4%","-2.3","0.9","12.2%","41.6%","108","123","94","91.1","109.6",".324","46.8%","9368"
"Cal Raleigh","SEA","415","27","1","8.7","121",".330","186","15.4%","-1.0","2.5","15.3%","45.1%","115","132","89","90.9","114.0",".324","43.5%","21534"
"DJ LeMahieu","NYY","541","12","4","6.0","116",".329","77","5.3%","-4.0","2.8","5.0%","27.7%","156","59","145","89.2","110.9",".344","40.6%","9874"
"Jose Miranda","MIN","483","15","1","4.6","117",".329","106","6.2%","-4.5","1.5","11.6%","27.7%","73","85","91","89.3","109.4",".317","42.1%","20538"
"Gleyber Torres","NYY","572","24","10","9.8","115",".328","130","10.7%","-0.2","4.1","12.4%","33.6%","86","102","119","90.4","111.3",".319","44.9%","16997"
"Gavin Lux","LAD","471","6","7","10.5","113",".328","80","6.1%","3.2","6.2","9.1%","31.4%","119","89","86","88.0","108.1",".314","39.8%","19955"
"Christian Yelich","MIL","671","14","19","11.9","111",".328","84","8.2%","3.4","6.0","9.8%","39.3%","157","107","123","91.5","117.2",".339","48.1%","11477"
"Harold Ramirez","TBR","435","6","3","7.1","119",".327","70","4.8%","-2.3","2.2","13.4%","22.3%","55","74","76","88.5","113.7",".314","40.9%","14387"
"Rowdy Tellez","MIL","599","35","2","0.7","110",".327","156","12.9%","-6.6","1.8","9.4%","36.4%","124","89","77","91.1","116.9",".349","45.7%","15679"
"Giancarlo Stanton","NYY","452","31","0","4.8","115",".327","168","19.2%","-2.6","0.9","14.7%","48.2%","139","136","105","95.0","119.8",".351","52.1%","4949"
"Luis Urias","MIL","472","16","1","5.9","110",".327","106","8.3%","0.2","2.3","8.6%","35.0%","127","93","90","87.3","109.7",".326","34.9%","16622"
"Lourdes Gurriel Jr.","TOR","493","5","3","3.8","114",".327","72","3.8%","-4.1","2.7","9.7%","24.1%","79","76","112","90.6","109.5",".321","45.3%","19238"
"Andrew Vaughn","CHW","555","17","0","4.9","113",".327","106","7.9%","-3.2","1.8","9.0%","25.9%","70","78","111","90.8","112.1",".319","48.4%","26197"
"Chas McCormick","HOU","407","14","4","5.2","114",".326","108","10.2%","-1.1","3.8","13.9%","40.8%","142","117","121","88.1","109.9",".325","39.0%","19599"
"Josh Rojas","ARI","510","9","23","11.3","108",".326","79","4.5%","6.2","5.6","8.2%","31.8%","129","85","129","88.8","109.1",".308","36.1%","19734"
"Ryan McMahon","COL","597","20","7","-1.3","95",".326","109","10.4%","2.1","4.2","11.3%","39.9%","120","117","118","91.7","113.7",".330","46.3%","15112"
"Willy Adames","MIL","617","31","8","8.8","109",".325","142","13.0%","2.4","3.6","12.9%","39.9%","95","119","101","88.9","110.6",".323","43.4%","15986"
"Adolis Garcia","TEX","657","27","25","14.8","112",".324","138","12.9%","6.0","6.6","16.8%","38.1%","76","125","87","92.1","113.0",".322","47.4%","19287"
"Luis Robert","CHW","401","12","11","9.5","111",".324","95","8.9%","4.4","4.6","15.2%","26.4%","53","86","113","89.3","117.8",".327","42.4%","20043"
"Salvador Perez","KCR","473","23","0","1.4","109",".324","141","11.2%","-3.2","1.5","16.9%","31.7%","48","104","88","91.4","112.5",".326","49.0%","7304"
"Wander Franco","TBR","344","6","8","10.3","116",".323","94","4.6%","4.0","6.4","6.1%","18.9%","95","43","110","87.3","112.4",".331","35.4%","23667"
"Seby Zavala","CHW","205","2","0","1.8","111",".323","75","9.2%","-0.7","1.4","18.2%","41.5%","116","141","115","88.8","105.8",".283","37.0%","18887"
"Seth Brown","OAK","555","25","11","12.8","117",".323","143","13.0%","2.4","4.7","13.1%","40.0%","115","118","94","89.2","112.9",".338","40.8%","18171"
"T.J. Friedl","CIN","258","8","7","1.3","101",".323","126","4.7%","0.9","7.2","8.0%","26.4%","93","69","96","87.2","107.2",".283","29.3%","19522"
"Yonathan Daza","COL","408","2","0","-3.2","93",".323","54","1.9%","-0.1","3.4","8.9%","21.1%","76","63","112","84.8","106.0",".308","25.0%","15794"
"Isaac Paredes","TBR","381","20","0","6.2","116",".323","154","6.4%","-0.7","1.7","5.9%","34.4%","145","79","82","87.4","110.4",".297","37.6%","20036"
"Tim Anderson","CHW","351","6","13","6.9","110",".323","63","5.8%","2.8","5.6","11.8%","21.4%","50","71","122","88.2","108.7",".340","41.2%","15172"
"Daulton Varsho","ARI","592","27","16","7.7","106",".323","134","10.2%","3.4","5.7","11.7%","36.8%","93","108","65","87.7","110.3",".298","35.3%","19918"
"Christopher Morel","CHC","425","16","10","6.0","108",".322","128","13.4%","1.9","5.9","18.1%","44.9%","107","143","69","89.6","112.9",".324","39.7%","21897"
"Eric Haase","DET","351","14","0","3.1","112",".322","126","8.7%","-1.5","2.1","16.0%","38.5%","86","124","102","87.7","109.9",".302","42.4%","14111"
"Ji-Man Choi","TBR","419","11","0","4.6","116",".322","103","11.9%","-2.7","0.7","12.5%","45.8%","174","132","97","92.2","111.1",".337","47.5%","5452"
"Nick Gordon","MIN","443","9","6","4.9","111",".321","104","9.4%","-0.6","4.9","15.2%","30.0%","54","107","106","90.6","110.7",".333","44.3%","16337"
"Brendan Rodgers","COL","581","13","0","-7.1","92",".321","92","7.2%","-1.7","2.6","10.1%","27.5%","95","77","127","90.0","112.2",".326","45.9%","17907"
"Orlando Arcia","ATL","234","9","0","1.0","104",".321","111","7.5%","-0.1","1.1","11.4%","34.6%","107","96","86","90.7","107.9",".329","42.5%","13185"
"Oneil Cruz","PIT","361","17","10","4.5","106",".320","140","15.5%","2.0","6.4","13.7%","47.4%","93","154","89","91.9","122.4",".304","45.6%","21711"
"Jurickson Profar","SDP","658","15","5","6.3","110",".320","95","4.0%","-1.4","4.0","7.4%","29.0%","133","69","100","87.5","109.4",".315","34.3%","10815"
"Sam Haggerty","SEA","201","5","13","5.3","114",".320","99","4.0%","2.2","7.4","12.8%","37.8%","112","119","102","86.0","109.0",".285","24.6%","18054"
"Jean Segura","PHI","387","10","13","0.4","105",".320","71","4.4%","-1.6","4.0","8.2%","24.0%","77","66","122","87.6","111.0",".303","38.4%","5933"
"Nico Hoerner","CHC","517","10","20","6.0","106",".320","83","2.6%","2.3","6.4","6.6%","18.4%","65","49","121","87.2","109.7",".301","32.9%","21479"
"Juan Yepez","STL","274","12","0","1.2","109",".319","125","9.2%","-1.7","0.9","12.8%","32.5%","70","98","85","86.5","114.4",".286","33.7%","18400"
"Alex Verdugo","BOS","644","11","1","0.8","103",".319","84","6.0%","-1.1","2.2","6.3%","21.6%","82","60","103","89.1","111.0",".329","37.8%","17027"
"Mitch Haniger","SEA","247","11","0","2.7","113",".319","123","11.8%","-0.9","1.5","12.4%","38.9%","102","118","88","91.9","111.0",".328","47.2%","14274"
"Donovan Solano","CIN","304","4","0","-2.6","98",".319","65","5.9%","-2.0","0.7","9.3%","27.6%","75","89","106","88.3","107.3",".315","39.7%","8623"
"Christian Arroyo","BOS","300","6","5","-2.4","102",".319","86","6.4%","-3.2","4.5","10.4%","22.7%","54","74","100","88.9","112.2",".330","42.1%","16434"
"Jake Cronenworth","SDP","684","17","3","13.7","109",".318","98","5.6%","6.8","4.3","6.6%","31.9%","122","85","121","87.6","108.6",".303","33.8%","18036"
"Max Muncy","LAD","565","21","2","6.3","106",".318","121","13.4%","2.1","3.0","9.6%","44.6%","191","110","79","90.3","111.2",".339","44.7%","13301"
"Tommy Edman","STL","630","13","32","14.2","108",".318","87","6.2%","8.4","7.2","8.8%","27.0%","87","78","96","88.6","112.8",".308","37.6%","19470"
"Thairo Estrada","SFG","541","14","21","6.2","106",".317","90","4.4%","2.4","5.8","9.1%","25.1%","73","73","88","86.2","109.3",".299","30.6%","16426"
"Marcus Semien","TEX","724","26","25","12.6","107",".317","121","6.8%","7.0","6.2","9.0%","27.5%","92","75","91","87.3","110.1",".306","34.9%","12533"
"Ketel Marte","ARI","558","12","5","0.6","102",".317","108","6.1%","-0.9","4.2","8.7%","30.1%","118","80","85","90.1","115.0",".315","41.9%","13613"
"Charlie Blackmon","COL","577","16","4","-5.9","89",".317","100","4.4%","1.4","4.5","9.6%","27.2%","66","84","91","86.2","109.5",".301","30.6%","7859"
"Patrick Wisdom","CHC","534","25","8","3.1","104",".316","142","14.2%","0.6","3.7","16.1%","48.9%","119","152","79","90.7","112.6",".295","46.0%","13602"
"Trevor Story","BOS","396","16","13","3.1","100",".316","131","11.3%","2.9","5.4","13.7%","42.9%","102","139","101","88.9","113.4",".301","40.6%","12564"
"Ryan Mountcastle","BAL","609","22","4","5.1","106",".316","116","15.0%","0.7","3.0","15.5%","36.0%","89","114","119","91.3","112.0",".362","45.8%","18373"
"Nolan Gorman","STL","313","14","1","2.4","107",".316","125","14.4%","-0.1","3.0","16.0%","46.3%","107","146","93","89.2","110.6",".341","43.3%","22263"
"Rodolfo Castro","PIT","278","11","5","1.1","103",".315","125","6.7%","0.3","5.3","14.8%","38.5%","95","118","102","87.3","111.6",".280","35.0%","21987"
"Cedric Mullins II","BAL","672","16","34","7.6","106",".315","97","4.9%","3.3","6.6","9.6%","28.1%","88","84","95","88.8","109.4",".288","36.7%","17929"
"Yadiel Hernandez","WSN","327","9","2","-4.7","101",".315","91","8.6%","-5.2","2.2","14.0%","31.2%","70","100","105","88.8","108.0",".310","42.1%","19334"
"Austin Barnes","LAD","212","8","2","-1.1","104",".315","108","4.8%","-2.1","3.6","6.6%","34.0%","152","77","121","87.4","107.8",".298","35.2%","12158"
"David Peralta","- - -","490","12","1","2.4","104",".315","107","8.5%","0.1","2.5","12.3%","34.1%","102","104","88","90.3","113.0",".313","44.1%","2136"
"Randal Grichuk","COL","538","19","4","-8.9","88",".315","107","6.8%","-1.2","4.4","11.6%","31.6%","53","104","108","90.0","111.6",".281","43.6%","10243"
"Tyrone Taylor","MIL","405","17","3","2.1","102",".314","135","9.9%","1.2","4.6","12.7%","34.8%","65","111","86","88.0","109.3",".307","37.6%","13675"
"Austin Hays","BAL","582","16","2","3.8","105",".314","109","5.2%","0.6","3.0","11.2%","28.2%","73","88","93","87.7","109.0",".298","37.7%","19363"
"Jonathan India","CIN","431","10","3","-3.5","95",".314","84","4.8%","-1.0","3.5","8.7%","31.3%","86","96","85","85.1","111.3",".301","28.8%","21523"
"Connor Joe","COL","467","7","6","-7.4","87",".314","78","4.5%","-0.3","5.3","7.7%","34.0%","141","92","104","85.3","110.1",".311","33.8%","16572"
"Luis Rengifo","LAA","511","17","6","2.9","103",".314","111","5.4%","1.4","4.0","11.3%","22.1%","42","70","69","86.9","109.3",".296","33.3%","19858"
"Bryan De La Cruz","MIA","355","13","4","0.4","104",".313","116","11.9%","-1.2","3.5","12.8%","34.4%","64","112","94","90.8","111.2",".355","47.1%","19600"
"Ramon Urias","BAL","445","16","1","2.2","104",".313","111","9.6%","0.0","2.7","12.5%","32.4%","85","99","100","89.4","110.0",".320","46.5%","18795"
"Eric Hosmer","- - -","419","8","0","-3.0","104",".313","73","5.7%","-5.1","0.9","8.2%","26.0%","106","68","106","88.4","112.9",".311","39.7%","3516"
"Ha-seong Kim","SDP","582","11","12","5.4","105",".313","85","4.2%","1.9","4.8","7.2%","27.8%","105","76","71","86.7","109.4",".309","32.3%","27506"
"Jesse Winker","SEA","547","14","0","1.0","109",".313","84","7.6%","-4.3","0.9","8.1%","36.7%","193","85","104","87.7","110.0",".345","34.3%","13590"
"Wilmer Flores","SFG","602","19","0","0.5","103",".312","107","6.3%","-1.4","2.1","7.9%","30.1%","117","76","90","87.8","108.3",".310","35.2%","5827"
"Trey Mancini","- - -","587","18","0","-0.4","104",".312","102","9.5%","-3.0","1.5","12.2%","35.1%","113","104","92","89.5","111.8",".327","40.1%","15149"
"Christian Vazquez","- - -","426","9","1","-10.2","99",".312","84","5.1%","-9.9","1.8","7.4%","23.5%","65","73","112","87.9","109.5",".301","36.4%","9774"
"Jose Iglesias","COL","467","3","2","-11.2","85",".312","57","0.5%","-3.3","2.2","6.4%","16.3%","44","53","91","83.8","109.9",".281","27.5%","10231"
"Luis Guillorme","NYM","335","2","1","-3.7","106",".311","43","2.4%","-6.1","2.9","4.3%","24.5%","121","61","119","86.2","110.3",".302","24.9%","16451"
"Luke Voit","- - -","568","22","1","-4.9","102",".311","114","14.7%","-6.2","1.5","18.7%","45.1%","116","139","80","89.8","111.3",".322","44.3%","14811"
"Eduardo Escobar","NYM","542","20","0","7.0","106",".311","123","9.4%","3.1","3.1","12.7%","34.9%","88","105","87","88.3","111.5",".314","37.4%","6153"
"Jack Suwinski","PIT","372","19","4","0.4","100",".311","135","12.2%","0.6","3.1","11.7%","46.8%","132","136","90","88.3","112.4",".307","39.9%","22244"
"Amed Rosario","CLE","670","11","18","3.5","103",".311","81","4.5%","1.5","6.7","9.9%","21.9%","47","75","110","88.4","115.8",".310","38.5%","15518"
"Bobby Witt Jr.","KCR","632","20","30","6.3","99",".311","117","8.7%","6.8","7.2","11.6%","29.3%","60","96","103","89.7","113.7",".313","38.6%","25764"
"Wil Myers","SDP","286","7","2","2.4","104",".311","89","7.3%","1.2","2.5","13.4%","39.9%","88","133","121","88.5","109.4",".288","37.6%","10047"
"MJ Melendez","KCR","534","18","2","-1.1","99",".310","118","10.4%","-0.3","3.1","11.4%","40.3%","155","110","91","90.7","110.8",".332","43.5%","22197"
"Elvis Andrus","- - -","577","17","18","9.3","105",".310","104","4.5%","6.0","4.5","8.8%","25.6%","85","72","97","87.9","109.9",".293","34.5%","8709"
"Alec Bohm","PHI","631","13","2","-2.2","98",".310","76","6.8%","-0.5","3.4","9.6%","24.4%","59","77","121","90.2","110.8",".333","43.0%","21618"
"Joey Votto","CIN","376","11","0","-7.5","92",".310","106","11.1%","-4.1","1.5","12.6%","40.4%","140","114","98","89.7","111.9",".322","40.9%","4314"
"Jeremy Pena","HOU","558","22","11","4.9","102",".309","116","9.6%","3.7","5.3","15.7%","32.1%","50","109","92","88.1","110.5",".300","36.2%","21636"
"Andrew McCutchen","MIL","580","17","8","-5.3","98",".309","95","8.6%","-4.1","3.0","10.1%","34.1%","118","95","76","89.1","110.6",".325","40.0%","9847"
"Kyle Farmer","CIN","583","14","4","-10.3","92",".309","85","4.4%","-4.6","3.0","9.1%","25.0%","68","75","100","85.5","106.6",".311","33.6%","14813"
"Mitch Garver","TEX","215","10","1","0.5","101",".308","132","8.8%","0.4","2.0","9.4%","40.0%","134","111","80","88.9","111.4",".319","38.7%","15161"
"Manuel Margot","TBR","363","4","7","4.6","106",".308","68","3.7%","2.3","4.4","11.5%","26.4%","83","84","108","89.5","110.4",".299","37.9%","14712"
"Carlos Santana","- - -","506","19","0","2.0","102",".308","117","9.3%","1.0","1.0","8.3%","35.2%","176","78","74","90.7","111.3",".352","44.9%","2396"
"Nick Fortes","MIA","240","9","5","0.0","100",".308","104","7.0%","0.0","5.8","9.3%","30.0%","90","83","97","89.3","108.4",".319","37.8%","21538"
"Gavin Sheets","CHW","410","15","0","-2.7","100",".308","114","6.5%","-2.6","0.7","9.4%","31.2%","83","94","100","88.6","109.7",".283","36.1%","19901"
"Lane Thomas","WSN","548","17","8","-3.0","96",".308","105","6.5%","-0.6","4.1","8.3%","34.7%","90","107","90","86.4","110.1",".286","34.0%","16939"
"Ben Gamel","PIT","423","9","5","0.0","97",".308","89","6.2%","1.4","4.1","9.5%","36.6%","136","102","95","88.8","109.2",".316","37.2%","12160"
"Tyler O'Neill","STL","383","14","14","1.9","101",".307","106","11.3%","1.4","5.9","12.7%","40.5%","119","119","89","89.8","110.3",".331","43.3%","15711"
"Mike Yastrzemski","SFG","558","17","5","1.8","99",".307","114","11.1%","2.6","4.7","8.7%","39.2%","131","112","94","89.9","109.7",".314","42.5%","14854"
"P.J. Higgins","CHC","229","6","0","-2.0","97",".306","100","3.4%","-1.2","2.2","10.4%","37.6%","115","112","122","86.0","104.3",".264","25.2%","18433"
"Dylan Carlson","STL","488","8","5","4.0","100",".306","93","4.4%","3.8","4.9","10.5%","30.1%","110","85","106","86.1","109.2",".301","27.2%","20126"
"Emmanuel Rivera","- - -","359","12","1","-2.7","95",".306","116","9.3%","-0.9","4.0","11.8%","32.9%","78","103","104","90.4","110.9",".310","38.3%","19890"
"Brandon Lowe","TBR","266","8","1","3.3","104",".306","108","10.3%","2.0","4.2","17.2%","36.1%","128","103","101","89.4","112.2",".320","38.9%","18882"
"Jace Peterson","MIL","328","8","12","3.7","96",".306","94","7.2%","5.2","6.6","9.6%","38.4%","120","115","90","88.6","108.8",".303","36.1%","12325"
"J.P. Crawford","SEA","603","6","3","1.5","104",".306","62","2.0%","-1.0","3.2","5.2%","25.5%","142","60","111","85.1","109.3",".315","29.2%","15491"
"Jonah Heim","TEX","450","16","2","-2.4","99",".306","115","6.9%","-1.8","3.2","9.7%","32.0%","114","87","64","89.3","112.4",".291","39.6%","16930"
"Santiago Espinal","TOR","491","7","6","-1.9","99",".305","69","3.4%","-1.5","2.7","6.5%","22.6%","92","62","95","86.1","107.5",".298","31.4%","19997"
"Josh Harrison","CHW","425","7","2","-2.7","98",".305","76","3.8%","-1.6","4.0","10.2%","23.3%","62","75","100","87.4","106.0",".284","32.3%","8202"
"Jorge Soler","MIA","306","13","0","-1.4","98",".305","124","12.1%","-0.8","1.6","13.2%","43.8%","121","130","65","91.2","117.6",".322","43.4%","14221"
"Rafael Ortega","CHC","371","7","12","-5.2","96",".305","76","4.8%","-3.5","4.2","8.2%","33.7%","142","88","99","87.2","108.4",".307","33.5%","10323"
"Ozzie Albies","ATL","269","8","3","-0.7","93",".305","104","5.4%","1.5","3.3","12.7%","26.4%","71","77","72","87.1","106.6",".297","26.5%","16556"
"Franchy Cordero","BOS","275","8","4","0.2","92",".304","119","12.3%","2.6","5.1","16.5%","46.5%","128","151","105","89.7","117.9",".313","45.5%","14567"
"Nick Castellanos","PHI","558","13","7","-6.8","94",".304","81","6.6%","-2.8","3.4","17.0%","30.8%","62","103","127","87.5","110.1",".302","34.6%","11737"
"Tommy Pham","- - -","622","17","8","-5.6","89",".304","90","7.9%","1.9","4.5","9.8%","38.6%","109","120","101","92.2","112.6",".311","48.2%","2967"
"Tyler Naquin","- - -","334","11","4","-0.5","93",".303","125","9.6%","2.3","6.5","15.9%","36.8%","68","123","104","90.3","112.7",".317","40.8%","13359"
"Brandon Belt","SFG","298","8","1","-2.3","96",".303","89","12.6%","-1.0","2.9","13.3%","42.3%","149","120","117","88.4","108.3",".326","38.5%","10264"
"Luis Garcia","WSN","377","7","3","-5.6","93",".303","86","7.5%","-2.5","2.9","13.5%","27.1%","35","99","98","87.3","113.4",".305","36.7%","20391"
"Riley Greene","DET","418","5","1","-1.1","98",".303","73","9.3%","-0.1","4.2","9.8%","38.5%","108","129","112","89.5","112.1",".316","45.2%","25976"
"Corey Dickerson","STL","297","6","0","-1.2","98",".303","85","3.8%","-0.4","2.0","12.1%","22.2%","48","71","118","87.7","112.1",".292","32.3%","10762"
"Kevin Newman","PIT","309","2","8","0.7","94",".303","63","1.6%","3.0","5.4","6.6%","21.4%","62","69","85","85.6","108.2",".285","27.2%","17696"
"Luis Gonzalez","SFG","350","4","10","-1.3","95",".302","68","2.9%","0.6","5.2","10.0%","31.1%","103","95","143","86.9","109.7",".268","32.0%","20332"
"Cavan Biggio","TOR","303","6","2","1.0","97",".302","99","6.9%","2.2","4.9","9.6%","42.6%","158","126","88","87.9","107.6",".288","32.8%","19252"
"Ildemaro Vargas","- - -","222","4","3","-1.5","92",".302","83","2.1%","0.5","3.9","5.0%","15.8%","43","46","91","87.0","109.2",".255","29.3%","13324"
"Josh Donaldson","NYY","546","15","2","-6.6","97",".302","102","9.8%","-4.5","2.2","14.8%","39.7%","124","122","68","90.7","111.7",".299","43.2%","5038"
"Aledmys Diaz","HOU","327","12","1","-5.2","96",".301","108","6.3%","-3.8","2.1","11.0%","25.4%","69","73","76","86.6","112.0",".308","36.6%","15937"
"Christian Bethancourt","- - -","333","11","5","-0.8","101",".301","105","11.7%","-1.0","4.0","19.9%","30.9%","45","108","86","90.1","113.4",".318","44.4%","10028"
"Keibert Ruiz","WSN","433","7","6","-5.2","90",".299","70","3.7%","-0.2","3.0","7.0%","20.1%","83","51","68","88.0","109.4",".328","32.3%","19610"
"Max Kepler","MIN","446","9","3","-1.8","95",".298","81","7.1%","0.8","3.4","8.1%","27.8%","138","67","88","89.1","113.9",".338","39.9%","12144"
"Jon Berti","MIA","404","4","41","4.9","93",".298","63","5.9%","8.0","7.7","9.6%","33.4%","124","97","113","88.0","109.1",".306","36.7%","12037"
"Chris Taylor","LAD","454","10","10","-0.4","93",".298","98","10.2%","3.4","5.6","18.9%","47.1%","116","156","101","87.4","108.5",".277","38.0%","13757"
"Jesus Sanchez","MIA","343","13","1","-4.1","93",".298","122","9.9%","-1.5","4.2","12.9%","38.2%","91","119","110","89.5","114.7",".298","40.5%","19913"
"Marcell Ozuna","ATL","507","23","2","-9.4","89",".298","121","13.1%","-2.6","2.4","13.3%","34.7%","73","106","85","89.4","113.9",".337","43.8%","10324"
"LaMonte Wade Jr.","SFG","251","8","1","-1.4","93",".298","98","9.5%","0.8","3.8","7.4%","33.9%","124","90","87","87.7","109.3",".321","33.7%","18126"
"Hunter Dozier","KCR","500","12","4","-14.1","90",".298","101","7.7%","-8.4","4.2","14.0%","34.2%","85","113","91","88.5","110.7",".301","38.2%","15117"
"A.J. Pollock","CHW","527","14","3","-6.0","92",".297","96","9.4%","-1.5","3.5","11.8%","27.3%","76","84","94","88.8","110.8",".317","42.0%","9256"
"Michael A. Taylor","KCR","456","9","4","-4.7","90",".297","70","6.8%","0.6","4.1","13.8%","33.6%","96","108","105","86.3","109.4",".289","32.3%","11489"
"Leody Taveras","TEX","341","5","11","-0.6","93",".297","70","4.3%","2.2","5.6","12.9%","33.4%","77","116","111","89.4","112.9",".270","36.1%","18900"
"Reese McGuire","- - -","274","3","1","-5.1","90",".297","67","2.5%","-1.9","3.2","9.5%","25.9%","55","92","112","87.0","109.6",".267","29.1%","15674"
"Harold Castro","DET","443","7","0","-4.8","94",".297","73","6.1%","-1.6","2.2","9.8%","23.3%","48","80","131","87.0","107.3",".316","33.2%","14691"
"Brandon Marsh","- - -","461","11","10","-2.9","89",".296","92","7.4%","2.5","5.6","13.0%","42.7%","76","154","107","89.2","109.0",".287","38.2%","20202"
"Adam Duvall","ATL","315","12","0","-2.2","87",".295","121","12.8%","2.7","3.2","14.0%","42.5%","80","142","76","88.3","110.1",".293","40.4%","10950"
"Ke'Bryan Hayes","PIT","560","7","20","-6.8","88",".294","65","3.9%","0.9","5.3","8.2%","31.6%","103","96","131","91.0","113.0",".303","46.8%","18577"
"Whit Merrifield","- - -","550","11","16","-4.6","88",".294","84","4.2%","2.6","5.2","9.1%","24.4%","87","70","116","87.1","107.6",".288","30.9%","11281"
"Joey Bart","SFG","291","11","2","-4.8","90",".294","96","10.1%","-1.5","2.9","16.9%","51.2%","107","170","93","87.3","114.3",".296","43.0%","21524"
"Ramon Laureano","OAK","383","13","11","1.2","96",".294","110","11.6%","3.0","4.8","13.1%","37.1%","82","122","105","88.7","110.2",".307","38.4%","17128"
"Pavin Smith","ARI","277","9","1","-3.8","87",".294","95","9.9%","0.5","1.9","7.6%","37.5%","121","107","103","87.9","109.2",".304","35.9%","19892"
"Brian Anderson","MIA","383","8","1","-4.5","90",".293","80","9.7%","-0.1","3.3","14.1%","38.1%","116","117","97","88.7","112.0",".309","42.0%","18289"
"Matt Reynolds","- - -","272","3","5","-5.8","81",".293","56","3.0%","0.3","5.3","11.0%","39.3%","114","127","122","90.2","106.7",".272","41.9%","13788"
"Jose Trevino","NYY","353","11","2","-4.9","91",".293","94","5.1%","-1.2","3.3","9.7%","24.9%","53","79","97","87.9","109.4",".281","35.0%","16725"
"Raimel Tapia","TOR","433","7","8","-2.6","90",".293","77","5.1%","2.0","5.3","10.8%","24.0%","46","84","118","87.6","111.7",".286","37.5%","14350"
"Aaron Hicks","NYY","453","8","10","-2.6","90",".292","65","5.8%","2.5","5.0","9.8%","39.5%","172","108","103","87.9","109.6",".303","33.1%","5297"
"Nelson Cruz","WSN","507","10","4","-11.8","85",".292","66","9.3%","-3.1","3.0","15.0%","35.1%","116","104","116","90.9","113.8",".320","45.7%","2434"
"Nelson Velazquez","CHC","206","6","5","-3.0","87",".291","108","13.3%","0.1","6.3","16.5%","43.7%","110","140","78","89.2","111.2",".305","41.7%","23359"
"Darin Ruf","- - -","388","11","2","-4.7","89",".291","87","8.6%","0.2","3.4","9.9%","41.5%","139","120","105","89.2","112.1",".310","40.5%","9929"
"Javier Baez","DET","590","17","9","-4.3","90",".291","104","8.0%","2.5","5.2","18.6%","32.2%","55","112","100","87.9","112.1",".285","38.0%","12979"
"Jorge Alfaro","SDP","274","7","1","-3.2","90",".291","88","11.2%","0.0","2.4","21.7%","42.3%","48","158","111","89.4","115.2",".295","38.5%","12180"
"Gary Sanchez","MIN","471","16","2","-8.3","89",".290","115","13.5%","-2.6","2.3","12.4%","40.8%","107","130","85","90.5","115.1",".321","49.3%","11442"
"Austin Nola","SDP","397","4","2","-5.9","89",".290","50","2.4%","-0.8","2.5","5.7%","24.7%","102","67","94","89.4","109.1",".305","39.4%","15941"
"Bryson Stott","PHI","466","10","12","-4.2","84",".289","80","4.4%","4.7","5.5","6.7%","29.0%","92","84","129","88.1","108.4",".284","36.2%","26294"
"Brandon Crawford","SFG","458","9","1","-5.3","87",".289","73","6.7%","1.8","3.2","15.1%","31.9%","102","95","97","88.1","109.0",".287","34.5%","5343"
"Victor Caratini","MIL","314","9","0","-8.9","84",".289","93","6.3%","-3.2","0.9","7.9%","34.1%","118","94","112","89.4","112.8",".309","43.5%","14968"
"Joey Wendle","MIA","371","3","12","-5.6","87",".289","65","1.7%","0.0","4.5","8.2%","18.3%","48","60","126","87.5","107.6",".276","36.2%","13853"
"Jesus Aguilar","- - -","507","16","1","-10.7","86",".288","93","6.7%","-2.8","1.5","12.4%","32.1%","66","104","101","87.8","108.1",".298","35.4%","11342"
"Tony Kemp","OAK","558","7","11","-1.4","91",".287","66","1.6%","4.1","5.1","5.7%","21.7%","101","56","91","84.4","103.2",".267","14.9%","14894"
"Ryan Jeffers","MIN","236","7","0","-4.7","87",".287","104","13.2%","-1.3","2.4","9.4%","39.0%","122","118","104","88.2","113.2",".315","42.4%","24618"
"Bobby Dalbec","BOS","353","12","3","-6.3","80",".287","104","11.8%","1.7","5.0","15.5%","45.0%","103","150","99","90.3","113.9",".296","45.3%","19966"
"Owen Miller","CLE","472","6","2","-6.8","85",".287","73","3.5%","1.0","3.6","7.8%","27.8%","85","89","97","85.8","109.1",".291","31.2%","24655"
"Harrison Bader","- - -","313","5","17","-0.7","86",".286","69","3.4%","4.2","7.4","9.9%","26.2%","58","88","75","83.4","109.6",".270","26.3%","18030"
"Kevin Kiermaier","TBR","221","7","6","0.7","90",".286","94","6.9%","3.2","4.9","14.9%","37.1%","80","124","134","87.9","109.9",".305","38.6%","11038"
"Joey Gallo","- - -","410","19","3","-6.3","85",".286","130","17.6%","0.5","4.7","18.1%","58.0%","169","178","71","89.6","113.0",".295","50.5%","14128"
"Mike Moustakas","CIN","285","7","2","-8.5","76",".286","84","6.1%","-0.5","3.3","15.0%","37.2%","101","116","84","87.6","111.7",".270","33.9%","4892"
"Willi Castro","DET","392","8","9","-4.7","86",".285","84","3.5%","1.6","5.5","15.3%","26.8%","48","94","112","84.8","111.7",".290","31.0%","17338"
"Isiah Kiner-Falefa","NYY","531","4","22","-7.8","85",".285","44","1.2%","1.1","5.2","4.5%","20.9%","83","61","117","86.2","109.8",".290","29.8%","16512"
"Matt Vierling","PHI","357","6","7","-7.5","81",".285","67","5.0%","0.5","5.1","8.0%","27.7%","77","87","115","91.2","112.1",".327","47.1%","21558"
"Alfonso Rivas","CHC","287","3","6","-3.9","83",".285","46","4.2%","2.0","5.3","10.1%","41.5%","121","134","127","86.9","108.0",".281","35.3%","21560"
"Yuli Gurriel","HOU","584","8","8","-10.9","85",".285","79","1.9%","-0.8","3.8","6.2%","19.0%","65","56","119","88.2","109.6",".271","35.4%","19198"
"Elias Diaz","COL","381","9","0","-18.6","67",".284","90","5.9%","-3.9","2.1","10.9%","30.4%","79","95","111","88.4","111.8",".274","39.3%","11680"
"Cody Bellinger","LAD","550","19","14","-6.2","83",".284","115","8.3%","4.5","6.3","12.0%","37.6%","83","121","79","89.4","107.3",".278","38.1%","15998"
"Victor Reyes","DET","336","3","2","-6.1","85",".284","72","5.0%","-0.3","3.7","14.0%","27.7%","49","103","113","87.9","110.9",".292","36.8%","15487"
"Jarren Duran","BOS","223","3","7","-5.1","78",".284","95","7.7%","0.5","7.3","12.1%","35.9%","79","127","111","89.3","110.4",".282","37.3%","24617"
"Robbie Grossman","- - -","477","7","6","-9.8","82",".283","67","3.5%","-0.2","3.4","9.2%","40.3%","145","121","81","86.7","105.8",".281","30.1%","5254"
"Cesar Hernandez","WSN","617","1","10","-15.8","79",".283","45","2.4%","-0.8","5.0","9.0%","25.9%","87","82","125","84.8","110.8",".290","29.7%","10556"
"Kyle Higashioka","NYY","248","10","0","-4.8","83",".282","108","9.8%","-0.1","1.9","12.7%","29.8%","61","94","62","90.9","109.1",".317","48.1%","5517"
"Michael Chavis","PIT","426","14","1","-9.7","80",".282","103","7.5%","0.3","3.3","16.3%","37.3%","53","131","82","85.4","111.3",".261","38.4%","17321"
"Ezequiel Duran","TEX","220","5","4","-4.7","82",".282","87","4.5%","-0.2","5.2","14.4%","32.3%","69","110","118","85.9","110.2",".256","31.2%","23733"
"Luke Maile","CLE","206","3","0","-5.4","81",".281","70","5.4%","-1.1","1.3","11.3%","36.9%","116","118","90","84.5","106.5",".263","25.4%","13355"
"Jorge Mateo","BAL","533","13","35","-5.1","82",".281","106","5.9%","5.8","8.4","15.4%","35.1%","64","124","112","86.8","111.3",".272","32.5%","17273"
"Calvin Mitchell","PIT","232","5","3","-4.6","79",".281","79","4.9%","1.1","3.1","12.4%","32.3%","93","99","93","89.9","107.3",".292","40.7%","22169"
"Jordan Luplow","ARI","234","11","5","-5.8","78",".281","120","7.5%","0.3","4.1","12.8%","41.0%","128","113","84","87.2","108.8",".288","32.9%","16424"
"Chad Pinder","OAK","379","12","2","-6.0","86",".281","100","6.5%","-0.2","2.9","16.6%","38.0%","46","140","97","87.5","109.8",".280","40.5%","15191"
"Trent Grisham","SDP","524","17","7","-4.6","83",".280","102","8.1%","5.8","4.9","9.2%","42.7%","130","127","101","88.3","111.1",".295","35.5%","18564"
"Enrique Hernandez","BOS","402","6","0","-12.0","75",".280","78","5.8%","-0.7","2.4","11.2%","27.6%","106","79","86","87.8","112.3",".296","35.0%","10472"
"Franmil Reyes","- - -","473","14","2","-13.6","80",".280","95","11.3%","-2.7","3.2","16.4%","42.5%","78","149","111","92.0","112.4",".275","45.8%","14566"
"Gilberto Celestino","MIN","347","2","4","-11.7","82",".280","43","2.5%","-4.6","3.8","9.4%","32.0%","116","100","149","87.3","107.6",".270","33.9%","20233"
"Francisco Mejia","TBR","299","6","0","-7.3","85",".279","93","2.7%","-2.4","1.8","13.8%","26.1%","29","98","84","86.8","108.5",".262","27.6%","16403"
"Matt Duffy","LAA","247","2","0","-7.8","78",".279","41","2.8%","-1.8","0.6","8.7%","27.9%","86","91","143","87.1","105.8",".280","25.8%","13836"
"Albert Almora Jr.","CIN","235","5","3","-10.9","71",".279","81","1.8%","-3.0","4.4","11.1%","28.9%","87","87","78","84.0","108.6",".270","25.1%","14109"
"Rougned Odor","BAL","472","13","6","-9.3","80",".278","101","6.5%","1.4","5.1","12.5%","32.6%","85","104","79","87.8","109.7",".277","33.3%","12282"
"Jared Walsh","LAA","454","15","2","-12.2","78",".278","106","9.5%","-0.7","3.2","12.5%","39.6%","75","137","91","90.1","112.1",".280","42.5%","18607"
"Jose Azocar","SDP","216","0","5","-6.3","81",".278","48","2.5%","-1.6","5.9","11.8%","25.9%","66","90","145","88.3","108.2",".272","30.0%","18821"
"Jo Adell","LAA","285","8","4","-6.5","77",".278","100","9.8%","0.8","4.7","17.3%","44.2%","48","169","88","87.4","112.2",".251","37.4%","20220"
"Frank Schwindel","CHC","292","8","0","-10.0","78",".278","83","4.7%","-2.5","0.8","12.6%","29.1%","78","88","93","88.1","109.3",".278","35.3%","15351"
"Jeimer Candelario","DET","467","13","0","-13.2","80",".277","97","8.3%","-2.7","2.8","12.0%","32.1%","75","105","102","87.2","111.3",".292","34.0%","13621"
"Miguel Cabrera","DET","433","5","1","-15.8","79",".275","42","4.7%","-5.4","1.3","12.1%","30.9%","81","105","113","89.9","111.0",".275","38.2%","1744"
"Andrew Knizner","STL","293","4","0","-9.0","79",".275","55","3.5%","-1.8","1.7","10.0%","31.4%","106","94","106","86.0","110.2",".280","32.7%","19514"
"David Fletcher","LAA","228","2","1","-7.9","75",".275","53","0.0%","-1.5","3.4","5.5%","11.0%","39","32","134","82.1","99.0",".295","6.9%","17992"
"Yoan Moncada","CHW","433","12","2","-10.2","76",".275","94","9.8%","1.3","3.1","12.1%","36.5%","93","118","102","88.7","111.5",".289","37.2%","17232"
"Carson Kelly","ARI","354","7","2","-11.4","73",".275","79","5.2%","-0.4","3.4","8.1%","30.2%","98","89","89","87.7","109.4",".288","36.8%","13620"
"Adam Frazier","SEA","602","3","11","-13.1","81",".274","48","1.5%","-0.2","4.9","6.3%","20.3%","96","55","110","85.1","105.1",".297","23.8%","15223"
"Diego Castillo","PIT","283","11","1","-9.2","73",".272","113","9.9%","-0.4","2.3","11.0%","35.3%","59","117","87","89.1","109.6",".292","38.2%","19906"
"Spencer Torkelson","DET","404","8","0","-14.0","76",".272","78","8.4%","-3.2","2.4","10.5%","35.6%","115","110","104","90.5","111.5",".305","41.4%","27465"
"Alek Thomas","ARI","411","8","4","-11.8","71",".272","73","3.8%","1.8","3.7","11.5%","25.3%","64","80","117","87.4","111.3",".277","34.6%","23792"
"Nick Senzel","CIN","420","5","8","-17.5","66",".272","48","3.2%","-0.9","3.7","9.3%","26.4%","85","80","95","87.2","109.5",".299","32.4%","19293"
"Yan Gomes","CHC","293","8","2","-11.2","73",".271","84","3.4%","-2.0","2.7","9.8%","21.5%","33","71","86","85.3","107.5",".287","28.9%","9627"
"Omar Narvaez","MIL","296","4","0","-10.2","71",".269","64","2.4%","-0.3","1.6","10.1%","30.4%","117","85","110","84.7","106.4",".268","18.4%","13338"
"Sergio Alcantara","- - -","224","6","1","-7.8","70",".269","88","1.9%","-0.1","3.8","9.2%","33.5%","64","113","121","86.6","104.1",".244","31.2%","16417"
"Jose Siri","- - -","325","7","14","-3.4","75",".268","85","6.2%","5.6","7.8","17.5%","41.5%","77","150","100","87.2","112.0",".261","33.0%","17452"
"Miguel Rojas","MIA","507","6","9","-19.9","73",".268","56","1.9%","-4.0","3.9","7.0%","18.3%","61","53","128","86.1","109.1",".293","26.8%","7802"
"Vimael Machin","OAK","253","1","1","-7.7","77",".268","45","3.9%","-1.2","2.4","7.4%","28.9%","124","84","126","89.3","108.5",".301","39.1%","17684"
"Nick Madrigal","CHC","228","0","3","-8.2","70",".267","22","0.0%","-0.4","3.2","4.0%","18.0%","73","52","119","85.9","106.5",".283","23.9%","20521"
"CJ Abrams","- - -","302","2","7","-8.5","71",".267","50","2.1%","1.7","5.8","11.7%","18.9%","20","73","106","86.5","109.6",".266","30.7%","25768"
"Garrett Hampson","COL","226","2","12","-10.3","55",".267","62","4.3%","1.6","8.5","10.4%","38.1%","111","123","107","86.5","107.0",".261","27.7%","19262"
"Aristides Aquino","CIN","276","10","2","-10.4","63",".267","107","8.2%","1.6","2.1","20.0%","46.4%","74","162","87","85.6","113.6",".243","34.2%","15482"
"J.J. Bleday","MIA","238","5","4","-7.1","72",".266","92","8.6%","0.8","5.3","11.7%","42.9%","151","124","76","86.3","107.9",".280","33.8%","26368"
"Jacob Stallings","MIA","384","4","0","-18.2","71",".265","45","3.4%","-5.3","1.0","9.2%","30.2%","90","96","131","86.7","109.5",".274","32.0%","13723"
"Kyle Isbel","KCR","278","5","9","-11.1","67",".265","86","4.9%","-0.8","7.3","8.8%","34.5%","72","121","86","89.7","111.2",".266","44.6%","21614"
"Tomas Nido","NYM","313","3","0","-16.3","74",".265","55","6.3%","-7.0","1.7","19.3%","29.7%","54","107","115","86.4","107.4",".287","32.9%","13755"
"Martin Maldonado","HOU","379","15","0","-16.6","70",".264","111","8.1%","-3.9","1.7","14.8%","40.4%","73","138","98","88.4","109.2",".253","40.2%","6887"
"Yasmani Grandal","CHW","376","5","1","-19.7","68",".263","45","4.8%","-6.2","1.0","7.8%","34.3%","150","95","124","90.0","110.2",".290","39.6%","11368"
"Brad Miller","TEX","241","7","4","-9.6","69",".263","72","7.8%","-1.1","2.9","17.1%","39.4%","94","131","129","91.1","110.7",".269","39.9%","12775"
"Brian Serven","COL","205","6","0","-12.3","52",".263","83","2.7%","-0.9","2.3","14.1%","30.7%","76","95","89","84.5","105.8",".254","28.8%","19422"
"Cooper Hummel","ARI","201","3","4","-8.1","65",".262","84","7.1%","0.1","6.6","10.3%","44.8%","137","141","79","87.6","110.9",".292","35.4%","19458"
"Josh Smith","TEX","253","2","4","-8.9","68",".262","35","2.4%","0.3","3.1","8.3%","31.6%","139","89","101","87.0","105.4",".296","28.6%","26396"
"Maikel Franco","WSN","388","9","1","-19.8","64",".261","73","4.7%","-3.6","2.0","13.8%","24.7%","37","85","87","87.0","112.1",".272","34.4%","12179"
"Kole Calhoun","TEX","424","12","3","-16.7","67",".260","90","9.8%","-0.8","3.3","18.5%","41.3%","80","144","73","90.8","109.9",".294","48.2%","11200"
"Victor Robles","WSN","407","6","15","-14.3","64",".260","56","3.2%","2.8","6.1","13.6%","31.2%","50","113","106","84.6","109.7",".244","23.8%","18363"
"Avisail Garcia","MIA","380","8","4","-16.1","66",".258","60","6.4%","-1.2","3.3","20.6%","35.3%","54","127","102","88.7","116.8",".281","44.8%","5760"
"Eddie Rosario","ATL","270","5","3","-10.8","62",".258","75","5.4%","1.3","4.6","15.5%","33.3%","75","111","70","87.7","107.3",".250","33.0%","12155"
"Max Stassi","LAA","375","9","0","-18.1","63",".258","82","9.4%","-2.7","1.9","13.6%","42.4%","127","134","96","88.6","107.5",".266","38.6%","10059"
"Myles Straw","CLE","596","0","21","-16.4","64",".257","35","0.7%","7.6","6.5","4.4%","23.7%","114","66","146","87.0","104.8",".275","26.4%","17620"
"Marwin Gonzalez","NYY","207","6","3","-9.2","65",".257","91","5.9%","-1.1","4.2","10.9%","35.7%","85","117","102","88.0","107.0",".282","37.0%","5497"
"Akil Baddoo","DET","225","2","9","-6.6","65",".256","43","3.6%","2.2","6.6","11.9%","40.0%","134","128","135","85.0","108.5",".253","27.0%","22168"
"Adam Engel","CHW","260","2","12","-8.6","63",".256","57","1.8%","2.1","6.8","14.7%","34.2%","53","132","110","87.9","111.2",".246","32.5%","15082"
"Sheldon Neuse","OAK","293","4","6","-9.6","67",".253","49","3.1%","1.3","5.4","13.1%","35.5%","86","123","135","89.1","108.3",".254","38.2%","19635"
"Tucker Barnhart","DET","308","1","0","-14.6","63",".253","31","1.9%","-1.7","0.6","8.9%","32.5%","102","108","116","84.5","105.2",".244","25.5%","10200"
"Geraldo Perdomo","ARI","500","5","9","-18.7","59",".253","43","2.0%","5.4","5.5","7.0%","31.6%","120","91","97","85.0","104.7",".269","24.9%","22799"
"Taylor Walls","TBR","466","8","10","-14.5","66",".252","76","6.2%","3.2","5.5","10.1%","38.6%","140","116","119","86.3","105.7",".270","28.1%","22458"
"Jackie Bradley Jr.","- - -","370","4","2","-18.9","56",".252","72","4.8%","-0.7","2.7","13.4%","28.4%","81","94","92","87.6","107.6",".268","37.2%","12984"
"Didi Gregorius","PHI","232","1","1","-9.3","58",".251","60","2.8%","2.1","5.1","12.6%","21.6%","67","69","95","84.5","106.5",".275","22.8%","6012"
"Robinson Chirinos","BAL","220","4","1","-10.9","61",".251","72","6.9%","-1.2","1.6","15.9%","40.9%","108","137","59","84.8","107.6",".245","33.1%","3142"
"Sam Hilliard","COL","200","2","5","-11.2","44",".251","52","9.2%","1.8","6.3","14.6%","41.0%","138","126","85","92.0","115.1",".303","48.7%","17954"
"Nicky Lopez","KCR","480","0","13","-18.2","57",".251","31","1.6%","5.2","6.3","7.4%","19.2%","76","59","130","84.9","106.7",".273","22.4%","19339"
"Jonathan Villar","- - -","220","3","7","-8.4","58",".250","61","2.7%","2.2","7.3","15.4%","35.0%","83","119","100","89.6","109.5",".247","39.7%","10071"
"Mauricio Dubon","- - -","265","5","2","-13.2","59",".248","65","2.3%","-0.8","3.3","7.7%","18.1%","61","51","91","84.7","107.6",".272","29.9%","16530"
"Abraham Toro","SEA","352","10","2","-16.3","62",".246","93","6.8%","-1.1","4.1","9.3%","27.6%","79","83","78","87.0","108.2",".284","29.7%","19844"
"Jonathan Schoop","DET","510","11","5","-24.5","58",".245","81","4.8%","-0.2","4.4","13.9%","26.9%","47","94","82","87.0","111.6",".268","38.6%","11265"
"Nick Allen","OAK","326","4","3","-13.8","61",".245","56","1.2%","0.5","3.2","11.4%","26.7%","73","88","147","83.9","104.6",".238","22.3%","22277"
"Paul DeJong","STL","237","6","3","-13.0","55",".241","83","9.8%","-0.7","3.0","16.3%","44.7%","106","147","125","87.6","110.3",".267","37.6%","18015"
"Andrew Velazquez","LAA","349","9","17","-15.1","50",".239","73","6.6%","4.6","6.1","17.0%","41.0%","54","153","103","88.0","109.1",".246","33.5%","14196"
"Yadier Molina","STL","270","5","2","-19.7","51",".235","57","3.1%","-4.4","2.9","11.4%","18.5%","22","66","97","84.7","107.8",".254","26.0%","7007"
"Austin Hedges","CLE","338","7","2","-25.8","42",".225","57","3.1%","-3.6","2.9","11.9%","32.5%","93","104","86","84.2","107.1",".240","22.3%","12976"
"Leury Garcia","CHW","315","3","2","-19.5","39",".221","38","4.2%","2.2","4.3","13.1%","23.8%","28","93","106","87.0","109.2",".258","34.2%","5913"
"Brett Phillips","- - -","225","5","7","-11.9","38",".213","70","4.5%","3.8","5.9","15.5%","51.1%","89","188","83","88.5","107.8",".220","28.6%","14735"
"Cristian Pache","OAK","260","3","2","-20.8","35",".207","50","3.4%","-1.7","4.1","14.1%","33.8%","72","121","72","89.4","108.6",".259","40.8%","19948"
