"Name","Team","G","GS","IP","SV","xFIP-","SwStr%","F-Strike%","Barrel%","HardHit%","CSW%","K%+","BB%+","xERA","EV","ER","playerid"
"J.P. Feyereisen","TBR","22","2","24.1","1","90","16.3%","65.1%","7.1%","39.3%","29.9%","131","72","2.43","89.4","0","16610"
"Tyler Kinley","COL","25","0","24.0","0","79","16.7%","57.0%","1.5%","42.4%","29.4%","119","72","2.57","88.7","2","18297"
"Hunter Brown","HOU","7","2","20.1","0","70","10.0%","63.8%","5.9%","47.1%","31.4%","124","109","2.96","93.2","2","25880"
"Yency Almonte","LAD","33","0","35.1","1","92","14.2%","60.7%","4.5%","25.0%","33.3%","108","89","3.01","83.4","4","15068"
"Jose Cisnero","DET","28","0","25.0","0","130","11.9%","53.3%","0.0%","27.4%","27.4%","99","225","3.91","85.7","3","6399"
"Pete Fairbanks","TBR","24","0","24.0","8","27","17.0%","65.5%","2.2%","26.1%","34.4%","197","43","1.03","87.3","3","17998"
"Evan Phillips","LAD","64","0","63.0","2","69","12.2%","67.4%","4.3%","31.2%","32.7%","146","78","2.18","86.1","8","17734"
"Ryne Stanek","HOU","59","0","54.2","1","100","15.5%","59.8%","3.8%","41.2%","28.8%","125","172","3.19","88.9","7","15947"
"Ryan Helsley","STL","54","0","64.2","19","66","18.4%","63.2%","8.8%","39.2%","32.7%","174","101","2.04","88.8","9","18138"
"Edwin Diaz","NYM","61","0","62.0","32","27","24.7%","71.1%","4.1%","38.1%","42.1%","222","92","1.69","85.5","9","14710"
"Emmanuel Clase","CLE","77","0","72.2","42","55","16.7%","64.6%","2.2%","32.2%","30.4%","128","46","1.97","86.3","11","21032"
"Cionel Perez","BAL","66","0","57.2","1","90","11.4%","61.5%","6.4%","38.9%","27.9%","106","112","3.62","89.1","9","19614"
"Drey Jameson","ARI","4","4","24.1","0","75","11.4%","58.2%","7.6%","48.5%","27.6%","108","86","4.49","88.9","4","26260"
"Anthony Bass","- - -","73","0","70.1","0","84","14.5%","66.5%","6.0%","33.5%","32.2%","118","89","3.03","87.6","12","7982"
"Jason Adam","TBR","67","0","63.1","8","80","17.9%","64.1%","5.0%","27.3%","35.2%","142","89","2.09","85.2","11","11861"
"Erik Swanson","SEA","57","1","53.2","3","68","15.3%","65.0%","6.4%","30.4%","30.2%","153","60","2.30","85.0","10","16587"
"Justin Verlander","HOU","28","28","175.0","0","82","11.6%","62.0%","6.3%","34.8%","26.5%","125","54","2.66","87.8","34","8700"
"Daniel Bard","COL","57","0","60.1","34","83","11.3%","59.2%","4.7%","37.8%","30.6%","125","123","2.49","87.7","12","7115"
"Caleb Ferguson","LAD","37","1","34.2","0","97","11.4%","56.3%","3.5%","30.2%","29.3%","115","144","3.05","84.8","7","19349"
"Alexis Diaz","CIN","59","0","63.2","10","99","16.5%","60.4%","7.5%","32.8%","30.6%","144","156","2.76","86.7","13","21132"
"Jhoan Duran","MIN","57","0","67.2","8","53","18.1%","63.5%","4.5%","35.0%","32.6%","151","75","2.22","88.2","14","21029"
"Devin Williams","MIL","65","0","60.2","15","60","18.4%","57.9%","0.9%","27.0%","33.9%","177","151","2.04","84.3","13","15816"
"Bryan Abreu","HOU","55","0","60.1","2","68","17.6%","56.5%","3.8%","32.3%","30.5%","160","131","2.96","86.6","13","16609"
"Matt Moore","TEX","63","0","74.0","5","98","14.8%","59.2%","4.4%","31.3%","29.3%","123","156","2.83","87.7","16","1890"
"Brock Burke","TEX","52","0","82.1","0","88","11.1%","60.1%","7.1%","39.2%","28.2%","124","91","3.31","88.6","18","17968"
"Ron Marinaccio","NYY","40","0","44.0","0","103","13.9%","58.6%","5.3%","25.3%","31.4%","139","165","2.70","84.5","10","23488"
"Adam Ottavino","NYM","66","0","65.2","3","70","12.6%","60.5%","3.2%","29.7%","32.8%","135","75","2.35","84.8","15","1247"
"A.J. Minter","ATL","75","0","70.0","5","68","15.7%","66.1%","8.8%","34.0%","31.0%","153","67","2.39","88.3","16","18655"
"James Karinchak","CLE","38","0","39.0","3","78","12.5%","55.0%","5.3%","40.8%","32.8%","174","164","2.92","91.0","9","20151"
"Zack Thompson","STL","22","1","34.2","1","99","7.5%","58.8%","6.3%","37.9%","26.1%","88","124","3.72","87.0","8","25918"
"Seth Martinez","HOU","29","0","38.2","0","99","11.0%","67.1%","5.9%","32.4%","28.9%","110","113","2.76","86.6","9","21045"
"Jordan Romano","TOR","63","0","64.0","36","87","14.7%","69.0%","6.9%","45.6%","30.6%","127","101","3.31","90.3","15","16122"
"Dylan Lee","ATL","46","0","50.2","0","78","19.0%","60.7%","5.3%","37.9%","31.6%","130","60","2.57","88.6","12","19996"
"Tony Gonsolin","LAD","24","24","130.1","0","93","12.3%","63.3%","5.6%","34.4%","28.7%","106","85","3.12","89.0","31","19388"
"Alex Vesia","LAD","63","0","54.1","1","76","14.8%","60.4%","6.6%","34.4%","30.6%","154","128","2.79","87.0","13","25007"
"Julio Urias","LAD","31","31","175.0","0","95","11.1%","66.6%","6.7%","30.2%","28.2%","107","72","2.81","86.7","42","14765"
"Jesus Tinoco","TEX","17","2","20.2","0","121","10.6%","58.3%","5.5%","38.2%","29.1%","96","148","3.51","87.8","5","16300"
"Scott Barlow","KCR","69","0","74.1","24","87","14.4%","61.0%","6.9%","29.8%","33.2%","120","95","2.96","86.4","18","14993"
"Hayden Wesneski","CHC","6","4","33.0","0","91","11.7%","62.9%","4.5%","25.8%","27.2%","111","64","2.18","84.5","8","27581"
"Kyle Nelson","ARI","43","1","37.0","0","110","11.3%","57.6%","7.7%","38.5%","26.0%","88","112","4.02","88.5","9","20515"
"Felix Bautista","BAL","65","0","65.2","15","70","15.1%","60.5%","8.5%","36.2%","30.2%","157","113","2.66","86.8","16","20666"
"Dylan Cease","CHW","32","32","184.0","0","89","15.0%","58.2%","6.2%","31.2%","29.9%","137","130","2.70","86.8","45","18525"
"Jovani Moran","MIN","31","0","40.2","1","73","16.5%","56.1%","5.4%","28.3%","32.0%","148","137","2.28","85.0","10","20422"
"John Schreiber","BOS","64","0","65.0","8","76","13.3%","55.6%","5.0%","38.8%","30.3%","130","92","2.57","87.2","16","20020"
"Daniel Hudson","LAD","25","0","24.1","5","61","16.3%","53.6%","3.3%","36.7%","27.6%","137","62","2.74","88.3","6","7146"
"Jake Woodford","STL","27","1","48.1","0","105","8.2%","60.1%","5.3%","36.2%","23.8%","56","71","4.00","88.0","12","18674"
"Alek Manoah","TOR","31","31","196.2","0","101","11.2%","61.7%","5.4%","31.5%","27.5%","103","81","3.31","87.5","49","26410"
"Matt Wisler","TBR","39","5","44.0","1","125","10.8%","64.2%","11.8%","30.7%","27.5%","90","99","3.24","87.5","11","12804"
"Nick Sandlin","CLE","46","0","44.0","0","107","11.8%","53.9%","4.5%","37.5%","27.8%","103","166","3.36","86.5","11","20517"
"Lance McCullers Jr.","HOU","8","8","47.2","0","91","11.1%","53.8%","4.9%","31.7%","29.0%","115","141","3.57","87.7","12","14120"
"Robert Suarez","SDP","45","0","47.2","1","82","11.9%","60.7%","8.6%","34.3%","26.7%","141","133","3.27","88.4","12","30115"
"Clayton Kershaw","LAD","22","22","126.1","0","71","13.9%","68.6%","4.2%","33.2%","31.0%","123","56","2.51","87.1","32","2036"
"Cody Morris","CLE","7","5","23.2","0","106","13.9%","63.0%","12.3%","36.9%","25.2%","104","150","4.94","88.0","6","25388"
"Sandy Alcantara","MIA","32","32","228.2","0","83","12.2%","62.4%","5.2%","38.5%","27.5%","103","68","2.92","87.8","58","18684"
"Max Scherzer","NYM","23","23","145.1","0","81","14.8%","66.4%","8.4%","33.9%","30.8%","135","51","2.87","87.8","37","3137"
"Michael King","NYY","34","0","51.0","1","61","14.4%","63.8%","6.8%","35.9%","34.7%","149","100","2.83","86.2","13","19853"
"Sam Hentges","CLE","57","0","62.0","1","67","13.6%","61.6%","5.3%","35.1%","30.2%","132","97","2.79","88.8","16","18548"
"Shohei Ohtani","LAA","28","28","166.0","0","67","14.9%","60.6%","6.3%","33.2%","31.6%","149","83","2.68","87.1","43","19755"
"Aaron Bummer","CHW","32","0","26.2","2","71","10.1%","53.0%","6.7%","45.3%","31.3%","115","106","3.97","90.2","7","16258"
"Alex Young","- - -","25","1","26.2","0","101","15.5%","62.1%","2.4%","38.6%","29.2%","80","114","3.64","88.9","7","18333"
"Rafael Montero","HOU","71","0","68.1","14","81","11.4%","61.9%","2.9%","32.6%","29.0%","122","106","2.70","86.3","18","12760"
"David Robertson","- - -","58","0","63.2","20","93","14.0%","65.9%","7.6%","37.9%","33.0%","136","160","3.05","88.6","17","8241"
"Tommy Hunter","NYM","18","0","22.1","0","99","11.2%","70.2%","13.6%","45.5%","24.9%","103","77","4.53","90.6","6","1157"
"JT Chargois","TBR","21","3","22.1","0","98","10.5%","67.4%","6.5%","37.1%","29.6%","89","72","2.59","87.2","6","13767"
"Nestor Cortes","NYY","28","28","158.1","0","92","11.1%","67.3%","5.3%","34.5%","28.3%","119","77","2.70","87.9","43","17874"
"David Price","LAD","40","0","40.1","2","81","8.1%","66.5%","7.4%","38.0%","27.0%","98","65","3.83","89.5","11","3184"
"Stephen Nogosek","NYM","12","0","22.0","0","113","9.3%","62.1%","7.6%","37.9%","23.3%","98","89","3.89","89.5","6","19545"
"Jeffrey Springs","TBR","33","25","135.1","0","83","13.5%","64.1%","5.9%","37.3%","29.8%","118","70","3.27","87.5","37","17677"
"Raisel Iglesias","- - -","67","0","62.0","17","76","16.5%","60.6%","10.6%","33.8%","32.6%","142","70","3.10","87.3","17","17130"
"Max Fried","ATL","30","30","185.1","0","78","12.0%","61.5%","4.0%","31.9%","27.5%","103","53","2.85","86.2","51","13743"
"Jimmy Herget","LAA","49","1","69.0","9","88","11.1%","62.4%","6.5%","36.2%","30.6%","107","70","2.92","88.1","19","17556"
"Andres Munoz","SEA","64","0","65.0","4","51","21.6%","68.1%","5.3%","36.1%","35.6%","174","75","1.84","86.2","18","20373"
"Hunter Harvey","WSN","38","0","39.1","0","85","12.0%","62.4%","5.0%","44.0%","28.4%","127","92","2.76","90.4","11","15507"
"Camilo Doval","SFG","68","0","67.2","27","77","13.7%","53.5%","4.6%","36.4%","29.6%","124","127","2.90","85.9","19","21992"
"Jorge Lopez","- - -","67","0","71.0","23","93","10.9%","62.1%","4.8%","33.0%","29.7%","109","130","3.31","87.3","20","14527"
"Scott Effross","- - -","60","1","56.2","4","80","10.4%","65.9%","4.0%","37.1%","31.2%","120","80","2.51","87.3","16","18384"
"Cristian Javier","HOU","30","25","148.2","0","89","13.8%","55.9%","7.2%","33.3%","28.3%","149","111","2.43","88.4","42","17606"
"Shane McClanahan","TBR","28","28","166.1","0","65","15.5%","62.7%","6.4%","32.5%","32.8%","136","74","2.79","87.6","47","21483"
"Zac Gallen","ARI","31","31","184.0","0","83","10.1%","64.6%","7.8%","36.1%","27.8%","119","79","3.17","87.8","52","19291"
"Clay Holmes","NYY","62","0","63.2","20","73","12.6%","55.4%","1.8%","42.8%","30.4%","113","96","2.41","89.0","18","13649"
"Tyler Anderson","LAD","30","28","178.2","0","103","11.8%","66.1%","4.9%","28.5%","28.1%","86","58","3.10","85.0","51","12880"
"Wily Peralta","DET","28","1","38.1","0","122","8.4%","57.1%","4.5%","38.7%","25.4%","86","178","4.14","88.8","11","7738"
"Collin McHugh","ATL","58","0","69.1","0","82","12.6%","65.1%","5.1%","30.9%","28.7%","122","62","3.05","86.6","20","7531"
"Jaime Barria","LAA","35","1","79.1","0","112","10.8%","68.4%","10.0%","35.8%","26.4%","77","75","4.11","88.3","23","18356"
"David Bednar","PIT","45","0","51.2","19","71","15.3%","60.0%","7.3%","46.0%","31.5%","145","92","3.22","90.5","15","19569"
"Chase De Jong","PIT","42","0","71.2","1","124","10.6%","59.7%","8.5%","39.2%","26.9%","89","123","3.89","88.4","21","15036"
"Spencer Strider","ATL","31","20","131.2","0","58","15.5%","60.2%","6.1%","36.0%","31.1%","169","103","2.39","88.0","39","27498"
"Lucas Luetge","NYY","50","0","57.1","2","100","12.2%","58.2%","5.3%","22.9%","28.5%","108","84","3.57","85.2","17","8337"
"Paul Sewald","SEA","65","0","64.0","20","91","14.9%","60.7%","9.4%","33.6%","31.2%","134","88","2.64","86.3","19","13892"
"Brooks Raley","TBR","60","0","53.2","6","83","11.7%","63.5%","2.2%","28.5%","30.1%","125","85","2.79","86.7","16","10061"
"Trevor Stephan","CLE","66","0","63.2","3","71","16.2%","64.4%","3.1%","34.4%","31.5%","138","84","2.34","87.5","19","19932"
"Wandy Peralta","NYY","56","0","56.1","4","91","16.3%","58.7%","4.4%","31.6%","27.8%","95","95","2.66","85.5","17","14295"
"Connor Overton","CIN","6","4","33.0","0","124","6.0%","62.9%","3.0%","41.4%","25.4%","50","107","3.41","90.2","10","18376"
"Reynaldo Lopez","CHW","61","1","65.1","0","83","13.9%","61.4%","5.0%","38.5%","29.3%","112","54","2.92","89.4","20","16400"
"Carl Edwards Jr.","WSN","57","0","62.0","2","102","10.7%","61.3%","4.6%","35.6%","27.0%","97","118","3.31","87.7","19","13607"
"Zach Pop","- - -","35","0","39.0","0","87","8.2%","61.1%","5.6%","45.2%","25.0%","71","31","3.36","88.2","12","20185"
"Dylan Coleman","KCR","68","0","68.0","0","111","13.1%","54.3%","6.9%","36.6%","28.5%","111","160","3.78","86.4","21","22276"
"Brad Hand","PHI","55","0","45.0","5","122","7.3%","56.1%","5.3%","26.7%","28.8%","85","140","4.40","87.2","14","9111"
"Adam Cimber","TOR","77","0","70.2","4","98","9.0%","64.8%","5.1%","38.8%","26.8%","89","55","3.64","89.1","22","15288"
"Jalen Beeks","TBR","42","7","61.0","2","82","14.0%","64.8%","8.3%","37.2%","28.9%","126","110","3.70","86.7","19","17192"
"Liam Hendriks","CHW","58","0","57.2","37","66","18.2%","63.4%","9.1%","39.4%","32.8%","163","85","2.59","90.5","18","3548"
"Framber Valdez","HOU","31","31","201.1","0","76","11.3%","59.3%","5.8%","41.4%","28.8%","106","101","3.31","89.8","63","17295"
"Zack Wheeler","PHI","26","26","153.0","0","77","11.4%","67.2%","7.7%","34.5%","27.7%","119","68","3.10","85.7","48","10310"
"Andrew Chafin","DET","64","0","57.1","3","83","13.9%","63.4%","8.4%","33.8%","30.0%","124","97","2.92","87.5","18","12988"
"David Phelps","TOR","65","1","63.2","1","108","6.9%","59.9%","5.2%","34.7%","26.9%","106","142","3.91","88.4","20","6316"
"Peter Strzelecki","MIL","30","0","35.0","1","95","12.4%","62.2%","7.6%","38.0%","30.6%","119","122","3.39","88.1","11","21367"
"Jose Leclerc","TEX","39","0","47.2","7","111","17.4%","65.2%","6.7%","32.5%","29.8%","123","132","3.17","86.6","15","14524"
"Drew Rasmussen","TBR","28","28","146.0","0","90","12.1%","62.7%","6.6%","37.9%","25.9%","96","66","3.46","88.9","46","25385"
"Joe Mantiply","ARI","69","0","60.0","2","64","14.2%","63.0%","4.0%","37.0%","32.6%","111","30","3.22","86.5","19","14857"
"Shane Bieber","CLE","31","31","200.0","0","75","13.8%","66.0%","7.2%","42.9%","31.4%","113","57","3.51","89.9","64","19427"
"Carlos Rodon","SFG","31","31","178.0","0","73","14.1%","61.5%","6.5%","39.7%","30.6%","148","88","2.64","89.0","57","16137"
"Martin Perez","TEX","32","32","196.1","0","96","8.4%","62.6%","4.3%","34.5%","27.2%","93","105","3.59","88.2","63","6902"
"Logan Webb","SFG","32","32","192.1","0","83","10.6%","65.3%","5.5%","38.9%","29.3%","92","75","3.59","88.9","62","17995"
"Patrick Sandoval","LAA","27","27","148.2","0","93","13.3%","58.0%","5.7%","33.9%","29.2%","107","117","3.91","87.3","48","19447"
"Sam Moll","OAK","53","0","43.1","0","103","9.8%","50.8%","5.2%","35.3%","29.2%","111","147","2.96","87.6","14","14874"
"Erasmo Ramirez","WSN","60","2","86.1","0","99","10.3%","64.8%","4.9%","35.7%","26.1%","78","49","3.49","88.7","28","10314"
"Mason Thompson","WSN","24","0","24.2","1","114","10.3%","58.4%","3.9%","32.9%","24.5%","66","107","3.72","86.1","8","21850"
"Jose Quintana","- - -","32","32","165.2","0","93","10.6%","61.4%","5.5%","35.8%","25.3%","89","83","3.86","86.5","54","11423"
"Joe Musgrove","SDP","30","30","181.0","0","87","11.0%","64.5%","6.0%","32.4%","30.8%","110","68","3.27","86.4","59","12970"
"Corbin Burnes","MIL","33","33","202.0","0","72","15.1%","58.0%","5.7%","34.1%","32.1%","135","77","3.05","87.2","66","19361"
"Nabil Crismatt","SDP","50","1","67.1","0","87","11.6%","58.6%","5.2%","36.1%","30.0%","103","95","3.49","87.7","22","17732"
"Brad Boxberger","MIL","70","0","64.0","1","102","9.5%","66.0%","6.4%","33.9%","30.7%","112","122","3.44","86.4","21","10133"
"Triston McKenzie","CLE","31","30","191.1","0","95","13.0%","62.5%","9.8%","40.4%","27.6%","115","74","3.54","90.2","63","18000"
"Jonathan Hernandez","TEX","29","0","30.1","4","101","12.5%","54.2%","4.7%","50.0%","27.4%","93","162","4.08","90.3","10","17464"
"Ryan Pressly","HOU","50","0","48.1","33","55","17.7%","64.8%","5.8%","37.5%","33.2%","161","89","2.62","89.0","16","7005"
"Steven Okert","MIA","60","0","51.1","0","104","13.0%","57.0%","5.6%","29.6%","30.6%","126","142","3.22","86.8","17","13580"
"Penn Murfee","SEA","64","1","69.1","0","91","11.4%","65.4%","5.1%","30.1%","29.8%","126","82","2.64","85.7","23","25174"
"Luis Castillo","- - -","25","25","150.1","0","81","12.6%","61.0%","6.8%","37.2%","28.4%","121","89","3.31","89.0","50","15689"
"Seranthony Dominguez","PHI","54","0","51.0","9","82","14.1%","58.0%","8.1%","45.5%","27.2%","130","128","3.36","90.2","17","19249"
"Zach Jackson","OAK","54","0","48.0","3","105","13.0%","52.5%","10.0%","39.0%","29.5%","149","204","3.59","89.4","16","19493"
"Edward Cabrera","MIA","14","14","71.2","0","103","13.3%","56.0%","8.6%","33.3%","30.6%","114","137","4.05","86.7","24","21690"
"Ross Stripling","TOR","32","24","134.1","1","93","11.0%","70.3%","9.2%","37.2%","27.5%","93","46","3.57","88.9","45","13273"
"Dylan Floro","MIA","56","0","53.2","10","90","9.3%","64.1%","5.1%","32.5%","28.2%","96","82","3.05","87.4","18","13394"
"Joey Wentz","DET","7","7","32.2","0","116","8.6%","58.5%","7.4%","35.1%","24.1%","90","120","3.62","88.8","11","19962"
"Enyel De Los Santos","CLE","50","0","53.1","1","80","14.0%","65.6%","9.6%","45.2%","28.9%","128","99","3.91","90.6","18","18403"
"Giovanny Gallegos","STL","57","0","59.0","14","88","17.3%","67.2%","9.0%","35.4%","31.8%","137","92","2.92","89.8","20","14986"
"Brandon Woodruff","MIL","27","27","153.1","0","79","14.1%","65.6%","7.0%","36.8%","31.0%","135","82","3.15","88.7","52","16162"
"Chris Martin","- - -","60","0","56.0","2","51","13.3%","77.8%","8.3%","41.4%","29.0%","145","27","2.55","88.2","19","11847"
"Dillon Tate","BAL","67","0","73.2","5","86","10.6%","64.7%","5.3%","37.8%","29.6%","92","68","3.15","87.1","25","17796"
"Tanner Banks","CHW","35","0","53.0","0","91","8.9%","68.2%","7.4%","40.9%","27.0%","102","103","4.08","88.1","18","16990"
"Steven Wilson","SDP","50","1","53.0","1","116","12.7%","61.2%","7.2%","35.5%","28.8%","110","113","2.83","87.6","18","20353"
"Jacob deGrom","NYM","11","11","64.1","0","39","21.1%","69.9%","9.3%","31.8%","35.4%","189","40","2.24","89.3","22","10954"
"Sonny Gray","MIN","24","24","119.2","0","93","9.2%","60.5%","5.5%","39.2%","29.4%","108","92","3.67","88.1","41","12768"
"Huascar Brazoban","MIA","27","0","32.0","0","98","17.0%","55.3%","5.1%","26.9%","29.8%","125","180","3.62","83.2","11","6107"
"Andrew Heaney","LAD","16","14","72.2","0","71","16.8%","67.7%","11.0%","47.7%","32.5%","157","74","3.39","91.2","25","15423"
"Yu Darvish","SDP","30","30","194.2","0","90","11.4%","64.2%","9.0%","37.0%","29.6%","113","58","3.49","88.5","67","13074"
"Yimi Garcia","TOR","61","0","61.0","1","104","10.5%","61.5%","6.5%","33.1%","26.9%","106","81","2.90","86.5","21","12095"
"Adrian Sampson","CHC","21","19","104.1","0","110","9.3%","57.7%","6.7%","35.9%","23.6%","75","76","4.40","87.9","36","13339"
"Javier Assad","CHC","9","8","37.2","0","123","10.1%","59.6%","5.2%","33.6%","25.1%","80","145","4.49","87.5","13","21741"
"A.J. Puk","OAK","62","0","66.1","4","93","12.9%","60.9%","8.7%","34.9%","30.8%","122","102","3.70","86.9","23","19343"
"Clarke Schmidt","NYY","29","3","57.2","2","100","11.9%","58.1%","9.7%","37.4%","30.4%","107","121","3.51","89.1","20","19899"
"Brandon Hughes","CHC","57","0","57.2","8","95","15.0%","66.9%","11.1%","37.5%","30.6%","126","106","3.86","88.8","20","23460"
"Tim Mayza","TOR","63","0","48.2","2","74","9.4%","62.2%","7.4%","39.0%","27.9%","103","77","4.17","88.6","17","15042"
"Tanner Houck","BOS","32","4","60.0","8","93","12.9%","51.4%","4.9%","39.3%","28.6%","102","111","3.86","89.7","21","19879"
"Andrew Kittredge","TBR","17","0","20.0","5","96","13.3%","70.7%","8.5%","35.6%","26.6%","84","33","2.94","88.4","7","12828"
"Wade Miley","CHC","9","8","37.0","0","110","10.6%","66.0%","5.2%","35.7%","29.2%","78","106","3.86","86.7","13","8779"
"Bryce Elder","ATL","10","9","54.0","0","104","9.9%","55.9%","5.8%","34.4%","26.2%","92","122","4.25","88.2","19","27779"
"Andre Pallante","STL","47","10","108.0","0","93","7.4%","60.0%","3.2%","42.0%","24.5%","71","106","3.78","89.4","38","26108"
"Luis Severino","NYY","19","19","102.0","0","86","12.3%","64.0%","6.9%","41.3%","28.1%","124","92","2.94","89.4","36","15890"
"Justin Steele","CHC","24","24","119.0","0","87","10.1%","59.8%","3.9%","33.3%","26.0%","109","118","3.59","87.2","42","17312"
"John Brebbia","SFG","76","11","68.0","0","112","11.2%","68.8%","6.5%","38.6%","26.1%","83","75","3.49","87.8","24","12777"
"Jose Alvarado","PHI","59","0","51.0","2","55","16.9%","60.7%","6.5%","33.3%","32.3%","167","135","2.53","87.2","18","17780"
"Kendall Graveman","CHW","65","0","65.0","6","87","11.2%","60.0%","4.2%","34.7%","29.3%","104","114","3.51","88.1","23","15514"
"Kyle Wright","ATL","30","30","180.1","0","83","11.9%","64.6%","6.8%","41.0%","29.7%","104","87","3.89","89.0","64","19665"
"Keegan Akin","BAL","45","1","81.2","2","84","12.0%","63.2%","6.5%","36.8%","29.0%","105","76","3.62","87.8","29","19362"
"Logan Gilbert","SEA","32","32","185.2","0","96","10.8%","63.7%","7.1%","45.6%","25.1%","102","80","4.11","91.0","66","22250"
"Trevor Williams","NYM","30","9","89.2","1","99","10.2%","68.3%","7.7%","36.8%","24.9%","100","75","3.67","87.8","32","16977"
"Bailey Ober","MIN","11","11","56.0","0","106","13.3%","67.8%","11.7%","36.8%","27.3%","101","60","4.71","90.1","20","21224"
"Johan Oviedo","- - -","21","8","56.0","0","104","11.2%","59.9%","6.2%","37.7%","27.7%","99","115","3.17","87.3","20","22487"
"Andrew Wantz","LAA","42","1","50.1","0","111","13.1%","55.9%","10.9%","34.9%","28.8%","115","128","3.89","87.8","18","24933"
"Brady Singer","KCR","27","24","153.1","0","83","9.3%","60.1%","8.2%","40.9%","30.3%","109","70","3.97","89.3","55","25377"
"Dean Kremer","BAL","22","21","125.1","0","112","10.1%","65.2%","7.3%","38.9%","25.2%","76","83","4.46","88.4","45","19350"
"Joel Payamps","- - -","41","0","55.2","0","103","9.7%","52.7%","7.7%","43.4%","24.7%","77","83","3.86","89.0","20","14332"
"Aaron Nola","PHI","32","32","205.0","0","70","12.6%","70.1%","7.1%","31.6%","32.4%","129","43","2.74","87.7","74","16149"
"Jimmy Lambert","CHW","42","2","47.0","0","117","11.5%","61.8%","4.5%","32.1%","26.9%","99","147","3.05","86.6","17","19541"
"Albert Abreu","- - -","33","0","38.2","0","109","10.2%","56.4%","5.5%","35.8%","27.7%","99","159","4.40","87.6","14","17485"
"Brusdar Graterol","LAD","46","1","49.2","4","78","10.4%","66.0%","4.3%","25.5%","25.6%","97","61","2.47","85.5","18","20367"
"Connor Brogdon","PHI","47","0","44.0","2","87","15.6%","66.0%","6.3%","29.4%","30.3%","118","71","3.17","87.4","16","21205"
"Gregory Soto","DET","64","0","60.1","30","117","11.2%","56.7%","6.2%","43.2%","26.0%","103","161","4.08","91.4","22","19677"
"Miles Mikolas","STL","33","32","202.1","0","95","8.2%","63.4%","6.9%","35.7%","26.0%","84","58","3.89","87.8","74","9803"
"Tanner Rainey","WSN","29","0","30.0","12","100","16.1%","56.3%","10.1%","43.0%","28.4%","124","122","3.97","89.4","11","17610"
"Andrew Bellatti","PHI","59","1","54.1","2","85","16.2%","55.7%","12.7%","35.7%","30.4%","150","131","3.64","88.3","20","10657"
"Jesus Luzardo","MIA","18","18","100.1","0","78","13.8%","65.3%","6.6%","39.1%","31.0%","133","106","3.39","89.0","37","19959"
"Michael Wacha","BOS","23","23","127.1","0","101","9.5%","60.8%","9.6%","35.4%","24.7%","91","75","4.56","88.2","47","14078"
"Domingo Acevedo","OAK","70","0","67.2","4","98","15.8%","59.0%","7.4%","32.4%","27.9%","98","80","3.46","86.7","25","17092"
"Drew Smith","NYM","44","0","46.0","0","93","13.8%","57.2%","11.8%","50.4%","29.0%","125","97","3.78","90.1","17","17755"
"Andres Machado","WSN","51","0","59.1","0","114","10.9%","60.9%","8.6%","42.2%","26.1%","78","120","5.31","89.5","22","14681"
"Ralph Garza","TBR","19","0","35.0","0","135","8.4%","68.6%","6.8%","38.1%","25.9%","50","130","5.63","87.3","13","17682"
"Kevin Gausman","TOR","31","31","174.2","0","69","15.5%","68.0%","8.1%","38.5%","29.8%","127","48","3.34","89.0","65","14107"
"Johnny Cueto","CHW","25","24","158.1","0","111","7.7%","66.7%","7.3%","35.9%","23.3%","71","63","4.02","87.7","59","6893"
"Griffin Jax","MIN","65","0","72.1","1","84","13.2%","64.5%","6.9%","37.0%","32.0%","121","86","3.17","88.1","27","20253"
"Merrill Kelly","ARI","33","33","200.1","0","97","9.7%","62.3%","8.3%","36.3%","26.7%","97","92","3.62","88.5","75","11156"
"Blake Snell","SDP","24","24","128.0","0","81","14.7%","64.7%","7.4%","38.9%","29.0%","141","115","3.19","90.1","48","13543"
"Kenley Jansen","ATL","65","0","64.0","41","87","11.4%","68.5%","7.3%","32.5%","29.9%","145","102","2.34","87.1","24","3096"
"Eli Morgan","CLE","50","1","66.2","0","90","11.8%","70.3%","8.9%","34.9%","27.9%","127","63","2.90","87.8","25","20203"
"Jeff Brigham","MIA","16","0","24.0","1","97","11.9%","63.4%","6.3%","33.3%","29.6%","123","119","3.94","89.5","9","16631"
"Kevin Ginkel","ARI","30","0","29.1","1","90","11.7%","66.9%","4.9%","32.9%","31.3%","107","107","2.90","89.0","11","19876"
"Mychal Givens","- - -","59","1","61.1","2","92","10.7%","57.3%","8.2%","37.7%","28.6%","121","116","3.70","87.6","23","10430"
"Cal Quantrill","CLE","32","32","186.1","0","111","8.2%","63.9%","7.5%","35.6%","23.8%","75","76","4.31","87.6","70","19312"
"George Kirby","SEA","25","25","130.0","0","84","9.7%","67.7%","8.6%","38.0%","25.9%","110","51","3.31","89.3","49","25436"
"Michael Fulmer","- - -","67","0","63.2","3","113","12.1%","54.3%","4.4%","36.8%","27.5%","99","126","3.78","88.3","24","13218"
"Luis Garcia","SDP","64","0","61.0","3","78","13.8%","59.8%","4.1%","38.5%","29.8%","116","79","2.83","89.0","23","6984"
"Dany Jimenez","OAK","34","0","34.1","11","114","14.1%","64.1%","4.3%","43.0%","34.3%","106","155","2.81","89.4","13","21170"
"Alex Lange","DET","71","0","63.1","0","82","19.1%","54.6%","5.2%","35.3%","34.4%","136","143","3.29","86.1","24","19883"
"Chris Bassitt","NYM","30","30","181.2","0","93","10.0%","60.9%","6.6%","32.8%","29.2%","99","79","3.46","85.7","69","12304"
"Corey Knebel","PHI","46","0","44.2","12","121","11.3%","56.2%","5.7%","39.0%","26.8%","93","174","3.80","88.5","17","15010"
"Matt Manning","DET","12","12","63.0","0","111","9.4%","57.4%","6.2%","36.9%","24.7%","82","90","4.00","89.1","24","20369"
"Garrett Whitlock","BOS","31","9","78.1","6","81","13.7%","65.9%","8.0%","39.0%","30.4%","119","60","3.17","88.8","30","20191"
"Ryan Pepiot","LAD","9","7","36.1","0","133","10.9%","62.5%","10.2%","40.9%","27.5%","116","204","4.31","89.0","14","26221"
"Matt Bush","- - -","65","6","59.2","3","83","12.3%","64.3%","5.4%","39.6%","33.7%","136","91","2.64","90.3","23","1246"
"Drew Smyly","CHC","22","22","106.1","0","105","12.4%","68.5%","8.6%","34.5%","27.5%","90","70","4.17","86.7","41","11760"
"Nick Martinez","SDP","47","10","106.1","8","101","11.9%","65.4%","8.1%","37.0%","29.2%","94","110","3.83","86.5","41","12730"
"Carlos Estevez","COL","62","0","57.0","2","107","9.0%","60.0%","7.6%","38.9%","21.3%","102","118","4.17","89.6","22","14542"
"Jordan Montgomery","- - -","32","32","178.1","0","87","12.9%","65.7%","7.1%","37.4%","28.6%","98","61","4.00","88.5","69","16511"
"Bryan Baker","BAL","66","2","69.2","1","90","10.6%","63.6%","4.8%","41.4%","28.0%","118","111","3.22","89.8","27","19804"
"Caleb Thielbar","MIN","67","0","59.1","1","78","15.0%","68.6%","6.8%","25.9%","30.1%","147","92","2.53","84.9","23","10078"
"Taijuan Walker","NYM","29","29","157.1","0","97","10.0%","62.7%","7.3%","39.9%","26.6%","90","84","3.94","89.3","61","11836"
"Joe Jimenez","DET","62","0","56.2","2","68","14.5%","62.3%","7.8%","39.7%","30.5%","150","70","2.90","88.6","22","15761"
"Gerrit Cole","NYY","33","33","200.2","0","70","14.3%","61.3%","9.5%","39.9%","31.9%","146","79","3.31","89.4","78","13125"
"Tyler Matzek","ATL","42","0","43.2","1","140","11.4%","56.5%","7.7%","38.5%","24.3%","87","190","4.25","88.9","17","10058"
"Marcus Stroman","CHC","25","25","138.2","0","88","9.2%","66.8%","6.6%","40.7%","28.0%","92","76","3.94","89.0","54","13431"
"Kyle Finnegan","WSN","66","0","66.2","11","81","12.6%","61.6%","8.0%","43.8%","28.7%","115","99","3.29","90.2","26","15009"
"Tarik Skubal","DET","21","21","117.2","0","86","11.7%","65.0%","5.5%","39.4%","27.7%","110","84","3.34","89.3","46","22267"
"Bryan Garcia","DET","4","4","20.1","0","126","11.0%","56.0%","13.0%","37.0%","27.8%","91","148","5.31","88.8","8","19457"
"Michael Kopech","CHW","25","25","119.1","0","123","9.9%","56.7%","8.8%","41.3%","27.2%","96","144","3.94","89.9","47","17282"
"Joe Ryan","MIN","27","27","147.0","0","110","11.4%","64.4%","8.6%","35.4%","27.3%","113","97","3.57","88.2","58","21390"
"Richard Bleier","MIA","55","1","50.2","1","94","9.2%","65.8%","4.5%","40.8%","25.1%","64","54","3.78","89.6","20","7803"
"Jharel Cotton","- - -","30","0","43.0","0","125","11.6%","58.0%","7.5%","30.8%","25.9%","97","137","3.83","88.6","17","13654"
"Tim Hill","SDP","55","0","48.0","0","108","6.8%","54.8%","1.3%","34.0%","24.0%","56","85","3.08","88.2","19","16814"
"Tyler Rogers","SFG","68","0","75.2","0","103","8.1%","63.9%","3.7%","32.2%","29.0%","68","87","3.36","84.2","30","15541"
"Freddy Peralta","MIL","18","17","78.0","0","92","12.2%","58.0%","3.5%","31.3%","29.6%","120","103","2.70","87.1","31","18679"
"Braxton Garrett","MIA","17","17","88.0","0","88","11.8%","66.0%","7.2%","38.6%","30.9%","107","78","4.05","89.4","35","21844"
"Jose Cuas","KCR","47","0","37.2","1","124","10.5%","60.6%","3.4%","34.5%","29.0%","85","166","4.34","85.8","15","17701"
"Seth Lugo","NYM","62","0","65.0","3","88","9.1%","61.4%","8.2%","32.4%","29.4%","112","80","3.46","88.5","26","12447"
"Domingo German","NYY","15","14","72.1","0","110","11.3%","65.8%","6.9%","40.6%","28.5%","88","79","3.78","89.4","29","17149"
"Ryan Tepera","LAA","59","0","57.1","6","108","13.0%","59.1%","5.5%","27.6%","26.2%","91","107","3.24","87.4","23","10291"
"Sammy Long","SFG","28","6","42.1","1","117","11.2%","61.3%","6.8%","36.1%","28.4%","81","93","4.28","88.6","17","25379"
"Beau Sulser","- - -","10","0","22.1","0","109","8.9%","65.7%","5.7%","37.1%","22.5%","86","111","3.22","86.6","9","23420"
"Diego Castillo","SEA","59","0","54.1","7","98","12.1%","56.3%","7.6%","29.7%","27.8%","107","123","2.96","86.4","22","17496"
"Ranger Suarez","PHI","29","29","155.1","0","96","8.8%","57.6%","6.8%","34.7%","25.5%","86","106","3.78","87.5","63","17277"
"Nick Lodolo","CIN","19","19","103.1","0","88","12.3%","67.3%","9.1%","38.5%","29.8%","131","107","3.97","88.7","42","26378"
"Zack Greinke","KCR","26","26","137.0","0","115","7.3%","64.8%","6.8%","39.6%","25.0%","56","58","4.78","88.9","56","1943"
"Eric Lauer","MIL","29","29","158.2","0","102","9.8%","61.7%","7.9%","37.7%","27.4%","105","108","4.02","88.8","65","19316"
"Jackson Stephens","ATL","39","1","53.2","2","102","9.4%","59.6%","4.9%","31.5%","25.7%","88","118","3.86","87.0","22","14420"
"Oliver Ortega","LAA","27","0","34.0","1","100","11.1%","57.4%","7.3%","43.8%","24.2%","100","152","5.04","90.4","14","21025"
"Adam Wainwright","STL","32","32","191.2","0","103","6.7%","62.6%","6.5%","36.4%","27.9%","79","81","4.53","87.8","79","2233"
"Devin Smeltzer","MIN","15","12","70.1","0","127","7.4%","60.6%","7.0%","38.8%","25.2%","63","82","4.34","88.8","29","19487"
"Robbie Ray","SEA","32","32","189.0","0","91","13.5%","64.1%","7.9%","39.1%","26.5%","123","100","3.59","89.7","78","11486"
"Luis Garcia","HOU","28","28","157.1","0","97","13.0%","58.2%","7.8%","36.3%","28.7%","110","91","3.59","88.4","65","23735"
"Hector Neris","HOU","70","0","65.1","3","83","14.2%","59.3%","6.8%","44.7%","31.1%","135","81","3.29","89.7","27","11804"
"Chris Flexen","SEA","33","22","137.2","2","128","9.6%","58.8%","9.0%","39.6%","22.5%","72","108","4.62","89.1","57","13896"
"Alex Cobb","SFG","28","28","149.2","0","73","10.4%","64.5%","3.7%","40.8%","29.4%","106","82","3.15","89.3","62","6562"
"Hirokazu Sawamura","BOS","49","0","50.2","0","114","11.1%","53.8%","7.1%","44.8%","25.4%","81","152","4.31","88.9","21","27515"
"Jarlin Garcia","SFG","58","0","65.0","1","106","11.1%","60.0%","10.8%","41.5%","27.9%","92","80","4.28","88.8","27","18282"
"Pablo Lopez","MIA","32","32","180.0","0","89","12.7%","62.9%","9.0%","35.1%","28.1%","105","87","3.75","87.9","75","17085"
"Craig Kimbrel","LAD","63","0","60.0","22","101","12.2%","63.1%","9.0%","43.9%","29.4%","122","130","3.51","90.7","25","6655"
"Keegan Thompson","CHC","29","17","115.0","1","107","10.0%","57.3%","8.6%","38.8%","26.8%","98","107","4.46","89.0","48","19795"
"Hoby Milner","MIL","67","0","64.2","0","85","9.5%","56.6%","3.2%","33.3%","30.8%","104","67","3.39","85.1","27","13346"
"Jesse Chavez","- - -","60","1","69.1","0","84","9.8%","67.1%","8.1%","46.2%","30.6%","112","83","4.31","90.1","29","5448"
"Reid Detmers","LAA","25","25","129.0","0","107","11.1%","60.1%","8.0%","38.3%","27.0%","102","106","4.05","89.3","54","27468"
"Brent Suter","MIL","54","0","66.2","0","105","11.9%","62.9%","5.7%","30.4%","27.7%","86","98","3.72","85.7","28","13942"
"Roansy Contreras","PIT","21","18","95.0","0","112","12.7%","60.8%","11.0%","45.9%","29.8%","93","115","4.43","90.1","40","22810"
"Ryan Thompson","TBR","47","0","42.2","3","90","10.2%","59.1%","4.7%","36.4%","30.3%","97","76","3.05","87.8","18","16647"
"Luis Perdomo","MIL","14","0","23.2","0","95","11.9%","62.5%","8.8%","51.3%","28.1%","55","38","4.91","89.5","10","14682"
"Justin Bruihl","LAD","24","0","23.2","1","129","10.9%","62.0%","6.4%","24.4%","23.2%","57","72","3.72","86.2","10","23779"
"Louie Varland","MIN","5","5","26.0","0","105","8.5%","64.2%","6.4%","41.0%","26.3%","89","71","4.56","88.7","11","27691"
"Colin Holderman","- - -","24","0","28.1","0","120","9.5%","62.7%","6.6%","32.9%","24.3%","90","143","3.59","87.3","12","22361"
"Jeff Hoffman","CIN","35","1","44.2","0","126","10.5%","52.8%","8.7%","38.9%","25.8%","101","141","4.20","89.3","19","17432"
"Matt Strahm","BOS","50","0","44.2","4","102","9.9%","61.7%","7.6%","33.6%","28.7%","121","110","3.34","87.5","19","13799"
"Buck Farmer","CIN","44","0","47.0","2","97","12.7%","63.3%","5.0%","38.7%","28.5%","120","152","3.51","88.2","20","14814"
"David Peterson","NYM","28","19","105.2","0","83","12.8%","52.2%","7.7%","41.4%","27.7%","123","128","3.94","89.7","45","20302"
"Aaron Loup","LAA","65","0","58.2","1","104","11.3%","58.1%","5.6%","34.3%","27.4%","90","105","4.34","88.0","25","10343"
"Phil Maton","HOU","67","0","65.2","0","97","13.7%","58.7%","6.3%","29.5%","29.9%","117","106","4.28","85.1","28","18064"
"Joe Barlow","TEX","35","0","35.0","13","124","13.0%","63.0%","10.9%","42.6%","28.7%","86","111","5.28","91.4","15","22296"
"JP Sears","- - -","17","11","70.0","0","116","8.0%","63.5%","9.0%","43.4%","27.2%","80","100","4.49","90.5","30","23429"
"Bailey Falter","PHI","20","16","84.0","0","103","11.0%","66.2%","8.3%","38.5%","30.3%","94","59","4.62","89.0","36","20070"
"Cody Poteet","MIA","12","2","28.0","0","103","14.1%","58.8%","6.1%","41.5%","27.5%","81","116","4.74","91.3","12","18769"
"Jandel Gustave","MIL","27","0","28.0","0","102","6.9%","64.2%","6.3%","42.5%","26.2%","99","111","4.00","90.8","12","14665"
"Nathan Eovaldi","BOS","20","20","109.1","0","87","12.4%","68.0%","10.7%","44.9%","28.4%","101","54","4.31","89.7","47","9132"
"Jason Foley","DET","60","0","60.1","0","90","8.1%","64.8%","4.5%","42.0%","24.8%","76","54","3.62","90.7","26","19531"
"Konnor Pilkington","CLE","15","11","58.0","0","123","11.3%","54.3%","12.1%","44.3%","23.8%","87","155","4.81","89.2","25","21453"
"Joey Krehbiel","BAL","56","0","57.2","1","110","9.5%","53.7%","7.3%","33.7%","25.8%","83","92","4.08","86.8","25","13707"
"Mitch Keller","PIT","31","29","159.0","0","100","8.7%","56.8%","7.1%","37.3%","25.8%","89","105","4.23","87.9","69","17594"
"Jameson Taillon","NYY","32","32","177.1","0","96","9.9%","63.6%","8.3%","35.7%","26.3%","93","55","4.20","88.5","77","11674"
"Garrett Cleavinger","- - -","17","0","23.0","0","68","13.0%","57.6%","7.7%","40.4%","35.4%","156","94","3.29","88.2","10","17897"
"Noah Syndergaard","- - -","25","24","134.2","0","108","9.1%","65.3%","7.8%","34.0%","26.3%","75","68","4.43","87.1","59","11762"
"Jose Urquidy","HOU","29","28","164.1","0","110","10.0%","65.3%","9.4%","40.8%","25.8%","89","70","4.56","89.7","72","18413"
"Michael Rucker","CHC","41","0","54.2","0","102","11.1%","55.5%","8.2%","37.1%","25.6%","97","105","3.64","89.8","24","19454"
"Jon Gray","TEX","24","24","127.1","0","88","11.6%","67.4%","6.1%","38.0%","29.3%","116","93","3.59","88.0","56","14916"
"Jose Suarez","LAA","22","20","109.0","0","98","11.7%","64.5%","8.4%","38.2%","27.0%","100","89","3.67","88.7","48","19911"
"Will Smith","- - -","65","0","59.0","5","104","14.9%","66.3%","5.9%","41.4%","30.7%","111","116","3.57","88.9","26","8048"
"Carlos Carrasco","NYM","29","29","152.0","0","87","13.0%","68.4%","7.0%","39.4%","27.1%","104","77","4.08","88.5","67","6632"
"Cole Irvin","OAK","30","30","181.0","0","110","9.6%","66.8%","9.6%","39.5%","25.7%","78","61","4.40","89.4","80","19244"
"Jose Quijada","LAA","42","0","40.2","3","105","14.9%","61.5%","10.6%","38.3%","28.2%","138","155","2.87","88.1","18","19200"
"Colin Poche","TBR","65","0","58.2","7","103","12.7%","55.5%","8.9%","31.0%","26.6%","118","112","3.51","86.0","26","19403"
"Mark Leiter Jr.","CHC","35","4","67.2","3","91","11.9%","59.2%","6.2%","34.5%","30.1%","114","107","3.91","87.2","30","15551"
"Lance Lynn","CHW","21","21","121.2","0","87","13.3%","65.4%","6.7%","38.7%","26.7%","109","46","3.62","88.4","54","2520"
"Will Vest","DET","59","2","63.0","1","88","10.5%","61.8%","7.1%","44.0%","26.5%","104","101","4.02","87.8","28","19769"
"Dominic Leone","SFG","55","0","49.1","3","103","18.5%","60.8%","6.2%","41.1%","28.6%","104","130","3.72","89.9","22","13763"
"Walker Buehler","LAD","12","12","65.0","0","91","11.7%","62.0%","6.6%","41.6%","26.2%","94","75","4.28","87.9","29","19374"
"Garrett Hill","DET","17","8","60.1","0","142","8.0%","60.8%","9.5%","38.4%","24.4%","68","137","5.75","88.8","27","25097"
"Chris Paddack","MIN","5","5","22.1","0","80","10.4%","65.6%","5.7%","41.4%","27.2%","97","27","3.10","88.7","10","20099"
"John King","TEX","39","0","51.1","0","93","8.8%","59.5%","6.2%","44.6%","25.0%","61","79","4.20","90.7","23","22051"
"Miguel Castro","NYY","34","0","29.0","0","107","13.0%","51.9%","11.1%","32.1%","32.6%","107","143","4.87","88.3","13","15684"
"Daniel Castano","MIA","10","7","35.2","0","109","7.1%","64.7%","6.4%","33.6%","23.1%","57","70","4.81","86.9","16","19805"
"Taylor Clarke","KCR","47","0","49.0","3","92","12.2%","66.5%","6.2%","39.0%","23.1%","106","49","3.15","89.5","22","17611"
"Zach Eflin","PHI","20","13","75.2","1","96","9.9%","67.1%","6.1%","31.1%","27.6%","92","58","3.27","85.3","34","13774"
"Frankie Montas","- - -","27","27","144.1","0","91","12.6%","60.7%","7.9%","33.8%","25.6%","105","88","4.02","87.6","65","14309"
"Eduardo Rodriguez","DET","17","17","91.0","0","112","7.5%","63.9%","7.1%","36.0%","23.8%","83","108","4.20","87.5","41","13164"
"Zach Davies","ARI","27","27","134.1","0","114","8.5%","55.8%","8.0%","34.3%","26.7%","79","110","4.56","87.4","61","13183"
"Nick Vespi","BAL","25","0","26.1","1","84","15.0%","58.9%","10.7%","40.0%","31.6%","113","89","5.49","87.7","12","21093"
"Trent Thornton","TOR","32","0","46.0","0","114","8.6%","66.7%","6.7%","44.0%","28.6%","88","112","5.17","90.1","21","17948"
"Caleb Smith","ARI","44","1","70.0","0","129","12.9%","62.6%","6.6%","29.9%","26.9%","95","156","3.86","86.0","32","14875"
"Jonathan Loaisiga","NYY","50","0","48.0","2","96","11.8%","61.6%","2.0%","29.9%","26.8%","82","117","3.46","83.9","22","19753"
"Marco Gonzales","SEA","32","32","183.0","0","124","8.4%","63.1%","7.2%","34.5%","23.5%","59","80","4.59","86.7","84","15467"
"Trevor Gott","MIL","45","0","45.2","0","96","10.5%","57.0%","7.9%","31.5%","28.3%","105","78","2.94","86.7","21","15046"
"Brett Martin","TEX","55","1","50.0","3","96","11.5%","63.2%","5.2%","39.6%","27.2%","85","106","3.83","89.5","23","17369"
"Darren O'Day","ATL","28","0","21.2","0","104","12.2%","63.8%","5.3%","33.3%","26.0%","122","128","2.70","85.6","10","3321"
"Matthew Festa","SEA","53","0","54.0","2","88","14.0%","60.3%","7.4%","31.1%","31.0%","132","102","3.72","87.2","25","19330"
"Lucas Gilbreath","COL","47","0","43.0","0","102","11.7%","59.4%","2.8%","40.7%","28.1%","116","168","4.17","88.5","20","21290"
"Beau Brieske","DET","15","15","81.2","0","121","8.2%","59.9%","10.4%","41.3%","22.1%","72","92","5.60","89.2","38","26079"
"Steve Cishek","WSN","69","0","66.1","1","104","10.2%","59.9%","8.7%","37.0%","29.6%","114","113","4.56","87.3","31","6483"
"Rowan Wick","CHC","64","0","64.0","9","93","10.1%","59.2%","10.3%","40.0%","27.6%","104","119","5.35","88.5","30","14646"
"Austin Pruitt","OAK","39","1","55.1","1","106","11.5%","67.9%","9.7%","34.1%","27.2%","76","50","3.94","88.0","26","15290"
"James Kaprielian","OAK","26","26","134.0","0","129","9.5%","58.1%","8.0%","35.9%","24.9%","76","127","4.65","88.4","63","18331"
"Adrian Morejon","SDP","26","0","34.0","0","114","11.7%","61.0%","8.7%","37.9%","23.9%","88","77","3.94","90.0","16","20039"
"Michael Lorenzen","LAA","18","18","97.2","0","106","11.2%","62.5%","6.8%","37.1%","25.5%","93","133","3.91","88.1","46","14843"
"Jack Flaherty","STL","9","8","36.0","0","123","10.4%","54.5%","5.6%","30.8%","25.5%","87","159","4.94","87.2","17","17479"
"Tyler Wells","BAL","23","23","103.2","0","117","11.3%","61.9%","7.9%","38.8%","26.5%","81","82","3.78","88.3","49","20000"
"Chris Stratton","- - -","60","1","63.1","2","101","11.5%","60.6%","5.7%","41.1%","27.5%","95","108","4.14","89.7","30","13761"
"Rich Hill","BOS","26","26","124.1","0","105","9.2%","63.3%","8.2%","34.0%","29.4%","93","88","4.08","88.2","59","4806"
"Anibal Sanchez","WSN","14","14","69.1","0","132","7.9%","57.2%","7.7%","37.2%","22.6%","73","136","4.65","88.5","33","3284"
"Paul Blackburn","OAK","21","21","111.1","0","99","9.6%","63.6%","7.0%","40.5%","27.4%","86","80","4.14","88.2","53","14739"
"Reyes Moronta","- - -","39","0","37.2","2","120","11.5%","57.8%","6.8%","35.0%","28.5%","104","135","3.27","86.4","18","14966"
"Zach Plesac","CLE","25","24","131.2","0","112","10.2%","61.4%","9.6%","40.9%","24.2%","79","83","5.28","89.5","63","19979"
"Tanner Scott","MIA","67","0","62.2","20","89","15.5%","54.7%","5.4%","32.9%","31.3%","138","192","4.17","86.1","30","17586"
"Matt Barnes","BOS","44","0","39.2","8","126","11.3%","62.5%","8.5%","44.9%","28.7%","87","149","4.28","91.1","19","12863"
"Tommy Nance","MIA","35","2","43.2","0","85","12.3%","58.2%","4.4%","36.0%","30.4%","129","129","3.94","88.5","21","19178"
"Mike Clevinger","SDP","23","22","114.1","0","119","10.6%","60.6%","9.5%","38.7%","26.3%","83","87","4.65","88.2","55","12808"
"Corey Kluber","TBR","31","31","164.0","0","99","11.4%","68.4%","6.9%","34.7%","29.7%","91","38","4.00","87.2","79","2429"
"Austin Voth","- - -","41","17","101.2","0","110","10.9%","62.0%","8.5%","37.1%","26.4%","91","87","4.40","88.4","49","15047"
"Charlie Morton","ATL","31","31","172.0","0","90","12.2%","58.7%","9.5%","42.1%","30.6%","125","104","4.11","89.3","83","4676"
"Anthony Misiewicz","- - -","32","0","29.0","0","107","10.5%","59.5%","11.9%","41.7%","26.9%","100","103","4.05","90.1","14","18152"
"Shawn Armstrong","- - -","50","3","61.2","2","87","12.5%","64.3%","7.7%","33.5%","28.2%","110","78","3.27","87.4","30","12857"
"Wil Crowe","PIT","60","1","76.0","4","107","12.0%","56.9%","4.9%","32.7%","27.1%","91","138","4.20","87.6","37","19800"
"Manny Banuelos","- - -","35","0","41.0","1","100","11.6%","65.1%","3.7%","36.7%","26.6%","106","145","3.70","85.6","20","5365"
"Duane Underwood Jr.","PIT","51","1","57.1","1","98","12.6%","57.5%","3.5%","36.0%","26.7%","97","116","4.11","87.8","28","14677"
"Sean Poppen","ARI","29","0","28.2","0","122","6.4%","60.8%","7.1%","36.5%","27.3%","81","121","3.57","89.1","14","19583"
"Matt Foster","CHW","48","0","45.0","1","111","9.6%","64.2%","6.0%","33.6%","23.4%","98","110","4.20","88.2","22","19647"
"Tyler Mahle","- - -","23","23","120.2","0","101","11.0%","61.6%","7.5%","38.3%","28.4%","111","103","3.49","88.7","59","16358"
"Jake Odorizzi","- - -","22","22","106.1","0","118","10.2%","54.3%","7.3%","32.8%","23.6%","85","95","4.11","87.8","52","6397"
"Rony Garcia","DET","16","8","51.0","0","105","8.2%","60.2%","16.3%","51.1%","23.3%","105","79","6.33","91.5","25","20430"
"Jakob Junis","SFG","23","17","112.0","0","92","9.4%","66.9%","7.4%","37.9%","29.7%","91","63","4.17","88.9","55","13619"
"Jordan Lyles","BAL","32","32","179.0","0","112","9.3%","61.4%","10.4%","38.1%","26.4%","84","84","4.94","88.6","88","7593"
"Craig Stammen","SDP","33","1","40.2","0","93","10.8%","62.7%","6.9%","36.2%","28.2%","87","68","4.08","88.7","20","7274"
"Emilio Pagan","MIN","59","0","63.0","9","82","14.0%","63.9%","9.8%","44.2%","28.2%","138","118","3.91","89.6","31","14771"
"Hunter Greene","CIN","24","24","125.2","0","91","14.5%","64.4%","9.4%","40.1%","29.2%","137","109","4.00","89.7","62","22182"
"Matt Brash","SEA","39","5","50.2","0","94","12.6%","60.8%","4.8%","38.4%","32.3%","126","185","4.53","88.8","25","25756"
"Ross Detwiler","CIN","30","0","26.1","1","98","8.9%","59.0%","8.6%","40.7%","26.8%","101","99","5.42","89.9","13","2859"
"Aaron Ashby","MIL","27","19","107.1","1","83","12.4%","61.7%","6.8%","34.1%","32.5%","117","119","3.75","87.1","53","23550"
"Dakota Hudson","STL","27","26","139.2","0","121","7.2%","59.1%","6.0%","40.4%","23.0%","58","123","5.01","89.0","69","19206"
"Aroldis Chapman","NYY","43","0","36.1","9","121","12.7%","55.0%","6.8%","34.1%","30.9%","121","218","4.46","87.5","18","10233"
"Dane Dunning","TEX","29","29","153.1","0","102","10.0%","59.6%","8.9%","38.0%","27.8%","92","115","4.49","87.9","76","19409"
"Joely Rodriguez","NYM","55","0","50.1","0","87","11.3%","64.8%","3.8%","31.8%","31.8%","117","145","3.62","85.3","25","11487"
"Dustin May","LAD","6","6","30.0","0","105","12.9%","59.1%","5.1%","32.9%","28.7%","101","133","3.67","86.6","15","19716"
"MacKenzie Gore","SDP","16","13","70.0","0","111","10.4%","61.2%","9.7%","45.4%","26.4%","103","144","5.21","90.8","35","22201"
"Ryan Yarbrough","TBR","20","9","80.0","0","121","10.0%","67.9%","7.3%","31.0%","26.0%","77","77","4.40","85.1","40","16502"
"Victor Arano","WSN","43","0","42.0","1","87","14.0%","65.2%","5.5%","35.4%","28.3%","104","77","3.62","85.8","21","15915"
"Ian Gibaut","- - -","34","0","36.0","1","88","10.5%","54.4%","4.3%","38.7%","29.0%","133","136","3.27","86.6","18","17871"
"Lou Trivino","- - -","64","0","53.2","11","84","12.3%","56.0%","7.1%","47.1%","27.6%","121","120","4.37","88.7","27","15043"
"Drew Hutchison","DET","28","18","105.1","0","125","8.7%","60.3%","8.8%","40.9%","23.6%","66","113","5.38","90.3","53","10732"
"Kyle Freeland","COL","31","31","174.2","0","112","9.3%","61.9%","9.7%","42.0%","24.9%","76","83","5.11","89.8","88","16256"
"Kirk McCarty","CLE","13","2","37.2","0","123","10.1%","66.7%","10.9%","37.8%","26.5%","74","102","5.31","89.5","19","20555"
"Chris Archer","MIN","25","25","102.2","0","116","9.5%","56.8%","8.6%","44.0%","25.6%","87","137","4.81","89.5","52","6345"
"Nick Pivetta","BOS","33","33","179.2","0","108","10.0%","59.9%","9.0%","45.4%","26.7%","102","118","4.65","90.7","91","15454"
"Luis Cessa","CIN","46","10","80.2","0","107","9.3%","61.9%","9.3%","42.9%","26.5%","78","101","4.43","89.7","41","13345"
"Dillon Peters","PIT","22","4","39.1","0","122","7.9%","55.8%","6.6%","36.1%","24.6%","70","124","4.49","88.8","20","18790"
"Yohan Ramirez","- - -","30","0","37.1","1","119","8.7%","56.9%","7.3%","38.5%","27.7%","85","146","4.71","87.8","19","19444"
"Jose Ruiz","CHW","63","0","60.2","0","105","12.0%","56.2%","8.5%","46.3%","26.7%","115","155","4.31","89.1","31","14552"
"Michael Grove","LAD","7","6","29.1","0","119","10.2%","58.6%","6.1%","43.4%","25.0%","80","91","3.10","91.6","15","23221"
"Wyatt Mills","- - -","27","0","29.1","0","118","12.1%","53.1%","4.8%","31.0%","27.4%","91","127","4.40","85.2","15","20010"
"Joe Smith","MIN","34","0","27.1","0","111","6.4%","65.6%","10.5%","42.1%","22.9%","63","92","5.28","89.3","14","3281"
"Touki Toussaint","LAA","8","2","25.1","0","121","11.4%","45.4%","3.4%","37.3%","26.2%","108","219","4.02","89.4","13","16929"
"Genesis Cabrera","STL","39","0","44.2","1","122","9.9%","63.9%","7.2%","31.2%","25.5%","73","124","4.94","86.3","23","17490"
"Glenn Otto","TEX","27","27","135.2","0","123","9.7%","53.3%","8.9%","37.5%","25.5%","82","132","5.01","89.0","70","21366"
"Mark Melancon","ARI","62","0","56.0","18","116","9.8%","62.3%","6.8%","38.9%","25.1%","63","103","4.78","89.7","29","4264"
"Erich Uelmen","CHC","25","0","27.0","1","130","10.6%","60.7%","8.4%","39.8%","27.2%","76","119","4.05","89.0","14","20323"
"JT Brubaker","PIT","28","28","144.0","0","97","11.8%","63.9%","7.6%","41.1%","29.6%","101","101","4.56","89.6","75","17578"
"Spenser Watkins","BAL","23","20","105.1","0","119","8.3%","65.8%","7.2%","37.6%","25.5%","62","81","5.07","90.0","55","17489"
"Josh Winder","MIN","15","11","67.0","0","125","9.7%","60.6%","10.1%","38.2%","25.9%","74","78","5.21","89.1","35","24606"
"Brayan Bello","BOS","13","11","57.1","0","96","11.7%","62.7%","5.4%","37.5%","27.7%","92","126","3.80","88.0","30","23920"
"Anthony Gose","CLE","22","0","21.0","0","110","14.9%","60.9%","22.4%","49.0%","30.1%","137","190","5.04","92.9","11","5097"
"Mike Baumann","BAL","13","4","34.1","0","109","6.6%","57.7%","7.0%","45.2%","19.5%","69","75","4.43","91.8","18","20206"
"Phil Bickford","LAD","60","0","61.0","0","90","11.2%","61.1%","11.6%","34.8%","28.6%","120","68","3.46","88.8","32","18519"
"Adrian Houser","MIL","22","21","102.2","0","116","6.4%","57.6%","5.6%","41.5%","23.4%","67","125","4.94","88.7","54","12718"
"Taylor Rogers","- - -","66","0","64.1","31","82","12.4%","68.2%","8.8%","40.6%","34.8%","136","84","4.11","88.6","34","13449"
"Vince Velasquez","CHW","27","9","75.1","0","114","11.8%","62.4%","13.0%","43.5%","28.0%","97","98","4.65","91.6","40","11189"
"Packy Naughton","STL","26","3","32.0","1","84","11.6%","63.1%","6.9%","35.3%","27.6%","97","60","3.75","87.1","17","23292"
"Trevor Megill","MIN","39","0","45.0","0","89","11.5%","62.8%","8.5%","48.1%","27.0%","113","108","4.91","92.2","24","17722"
"Kyle Hendricks","CHC","16","16","84.1","0","111","10.3%","62.9%","9.9%","38.8%","28.3%","82","81","5.07","87.5","45","12049"
"Tyler Alexander","DET","27","17","101.0","0","121","7.6%","66.5%","11.2%","37.6%","23.4%","64","73","5.42","88.9","54","17735"
"Davis Martin","CHW","14","9","63.1","0","112","11.4%","61.3%","7.0%","37.2%","26.1%","80","88","4.71","89.1","34","21448"
"Corbin Martin","ARI","7","2","22.1","0","117","10.7%","59.4%","10.3%","52.9%","24.9%","92","143","6.74","91.8","12","19884"
"Jordan Hicks","STL","35","8","61.1","0","101","9.6%","58.2%","7.0%","32.3%","27.2%","106","161","3.91","86.9","33","19618"
"Paolo Espino","WSN","42","19","113.1","0","104","9.1%","58.7%","7.9%","41.2%","28.5%","84","59","4.78","89.3","61","8246"
"Nick Nelson","PHI","47","2","68.2","1","112","12.1%","58.8%","3.6%","32.5%","25.7%","100","142","3.64","87.6","37","20153"
"Madison Bumgarner","ARI","30","30","158.2","0","121","7.7%","61.6%","9.8%","42.8%","23.9%","71","85","5.53","90.3","86","5524"
"Dylan Bundy","MIN","29","29","140.0","0","119","9.7%","67.6%","8.9%","38.3%","26.7%","71","59","4.34","88.9","76","12917"
"Graham Ashcraft","CIN","19","19","105.0","0","102","8.4%","58.4%","4.8%","36.3%","23.5%","68","78","4.02","86.9","57","27552"
"Kyle Bradish","BAL","23","23","117.2","0","102","10.0%","57.8%","7.8%","40.6%","25.9%","98","113","4.49","89.9","64","24586"
"Lucas Giolito","CHW","30","30","161.2","0","93","12.2%","61.3%","7.5%","39.0%","29.1%","114","109","4.23","88.8","88","15474"
"Hunter Strickland","CIN","66","0","62.1","7","124","11.1%","61.6%","9.8%","37.0%","26.2%","93","140","5.38","89.8","34","7836"
"Tyler Duffey","MIN","40","0","44.0","2","90","11.1%","60.0%","8.5%","43.1%","26.7%","95","101","5.53","90.2","24","13758"
"Jake Bird","COL","38","0","47.2","0","103","8.1%","52.6%","6.3%","42.3%","26.7%","88","131","4.78","91.2","26","21267"
"Yerry De Los Santos","PIT","26","0","25.2","3","98","8.9%","63.4%","12.2%","39.2%","26.9%","103","118","4.68","88.8","14","21420"
"Aaron Civale","CLE","20","20","97.0","0","92","10.4%","63.1%","7.5%","40.0%","27.6%","108","67","3.80","88.6","53","19479"
"Ken Waldichuk","OAK","7","7","34.2","0","108","11.6%","61.6%","12.1%","37.4%","25.1%","102","85","4.59","88.7","19","27681"
"Cole Ragans","TEX","9","9","40.0","0","123","10.9%","60.3%","6.9%","32.8%","22.2%","70","115","4.78","87.5","22","21846"
"German Marquez","COL","31","31","181.2","0","101","10.1%","65.1%","7.1%","46.8%","25.7%","85","98","4.49","90.5","100","15038"
"Sean Manaea","SDP","30","28","158.0","0","99","12.0%","63.8%","9.1%","42.6%","27.4%","103","90","4.05","90.3","87","15873"
"Amir Garrett","KCR","60","0","45.1","0","121","10.4%","58.7%","6.4%","30.0%","27.7%","113","203","3.62","88.3","25","14375"
"Jake Diekman","- - -","70","0","57.2","1","110","13.1%","61.7%","7.1%","39.3%","30.4%","132","195","4.25","89.8","32","5003"
"Ian Anderson","ATL","22","22","111.2","0","106","12.3%","56.8%","6.2%","40.5%","25.7%","87","132","4.37","89.2","62","19951"
"Shane Baz","TBR","6","6","27.0","0","87","13.3%","59.0%","7.8%","50.6%","29.3%","115","96","4.23","91.1","15","22264"
"Jose Urena","- - -","21","17","97.0","0","115","8.4%","58.3%","6.8%","38.5%","22.6%","64","120","4.94","88.2","54","11589"
"Josiah Gray","WSN","28","28","148.2","0","114","11.4%","57.8%","10.7%","36.8%","27.9%","105","123","4.25","87.4","83","24580"
"Matt Swarmer","CHC","11","5","34.0","0","117","13.4%","50.3%","13.4%","48.5%","27.5%","104","158","5.63","90.7","19","19705"
"Trevor May","NYM","26","0","25.0","1","94","13.3%","52.3%","9.7%","44.4%","30.5%","119","98","3.64","89.4","14","6398"
"Kyle Gibson","PHI","31","31","167.2","0","99","11.0%","58.9%","7.5%","37.3%","26.2%","89","81","4.46","88.5","94","10123"
"Antonio Senzatela","COL","19","19","92.1","0","102","7.0%","58.8%","4.5%","41.4%","21.9%","58","67","5.24","90.0","52","15488"
"Zack Littell","SFG","39","0","44.1","1","104","12.8%","65.8%","8.0%","37.2%","26.1%","91","83","3.64","88.0","25","15823"
"Brad Keller","KCR","35","22","139.2","1","110","9.8%","54.1%","6.6%","41.4%","23.4%","74","115","4.37","89.3","79","15734"
"Alex Wood","SFG","26","26","130.2","0","86","11.0%","63.4%","7.1%","39.3%","28.9%","104","65","4.00","88.6","74","13781"
"Daniel Lynch","KCR","27","27","131.2","0","109","11.3%","58.7%","8.8%","47.7%","24.8%","92","108","5.07","91.2","75","21537"
"Josh Rogers","WSN","16","3","26.1","0","148","6.0%","60.2%","8.9%","38.9%","21.2%","47","117","5.01","88.6","15","18510"
"Taylor Hearn","TEX","31","13","100.0","1","106","9.8%","63.7%","9.8%","40.2%","25.9%","97","119","4.81","89.5","57","18325"
"Tyler Danish","BOS","32","0","40.1","0","104","7.4%","53.8%","10.4%","40.8%","26.4%","83","86","6.29","89.0","23","15126"
"Tylor Megill","NYM","15","9","47.1","0","84","11.6%","62.5%","10.4%","34.8%","26.7%","113","78","4.31","89.2","27","21318"
"Tyler Beede","- - -","31","5","61.1","0","128","8.6%","55.1%","5.2%","42.5%","24.7%","61","123","4.84","88.7","35","16981"
"Jackson Tetreault","WSN","4","4","21.0","0","145","7.7%","60.4%","9.1%","57.1%","22.2%","41","126","7.41","92.8","12","20565"
"Zach Thompson","PIT","29","22","121.2","0","111","10.5%","63.0%","6.4%","39.6%","26.3%","73","102","5.14","88.3","70","16094"
"Yusei Kikuchi","TOR","32","20","100.2","1","103","13.3%","57.3%","14.8%","47.1%","27.6%","123","159","5.63","91.6","58","20633"
"Daniel Norris","- - -","41","3","58.2","0","101","13.2%","58.0%","10.8%","39.9%","30.9%","117","141","4.49","89.1","34","13475"
"Dennis Santana","TEX","63","1","58.2","1","106","11.4%","52.9%","4.7%","33.1%","28.9%","95","137","3.89","86.6","34","17878"
"Jordan Weems","WSN","32","0","39.2","0","99","12.3%","55.4%","7.1%","40.7%","24.5%","109","87","3.39","90.6","23","13190"
"Josh Hader","- - -","56","0","50.0","36","74","16.0%","52.5%","11.5%","36.3%","31.9%","164","116","3.51","87.7","29","14212"
"Noe Ramirez","ARI","55","0","50.0","0","111","11.9%","61.4%","8.9%","36.3%","29.4%","105","146","4.17","87.8","29","12800"
"Jose Berrios","TOR","32","32","172.0","0","107","9.3%","66.0%","9.5%","43.4%","27.7%","89","74","5.11","90.0","100","14168"
"Tyler Gilbert","ARI","8","7","34.1","0","129","8.3%","60.3%","11.3%","41.7%","25.0%","61","83","6.74","88.9","20","17964"
"Cory Abbott","WSN","16","9","48.0","0","142","11.8%","54.2%","12.1%","41.8%","25.2%","92","140","4.43","90.3","28","20277"
"Steven Matz","STL","15","10","48.0","0","79","12.1%","64.3%","9.2%","36.2%","30.4%","115","58","3.64","88.4","28","13361"
"Garrett Richards","TEX","32","2","42.2","1","100","12.1%","58.9%","7.5%","38.3%","26.7%","88","88","4.40","89.3","25","9784"
"J.B. Wendelken","ARI","29","0","29.0","0","114","9.2%","50.8%","7.0%","32.6%","23.0%","76","138","6.33","87.9","17","14506"
"Jon Heasley","KCR","21","21","104.0","0","140","7.7%","55.7%","9.4%","45.0%","22.5%","68","126","5.35","90.2","61","22224"
"Cole Sulser","MIA","39","0","34.0","2","93","13.4%","63.8%","8.4%","42.1%","28.6%","113","130","4.97","90.2","20","15256"
"Trevor Richards","TOR","62","4","64.0","0","101","14.9%","53.4%","11.0%","39.3%","28.9%","131","155","4.62","89.4","38","19309"
"Tommy Henry","ARI","9","9","47.0","0","124","10.7%","58.5%","9.0%","39.3%","25.4%","78","124","4.87","90.0","28","26285"
"Ian Kennedy","ARI","57","0","50.1","10","126","8.5%","66.4%","12.1%","44.2%","23.6%","84","114","6.13","92.2","30","6986"
"Jason Alexander","MIL","18","11","71.2","0","113","7.1%","64.2%","8.2%","43.6%","25.9%","63","105","5.49","90.1","43","19666"
"Bryan Shaw","CLE","60","2","58.1","1","110","9.6%","60.2%","6.7%","43.6%","24.4%","90","124","4.74","90.8","35","8110"
"Dauri Moreta","CIN","35","1","38.1","1","110","11.1%","61.9%","12.5%","41.3%","28.9%","108","98","4.02","90.6","23","21101"
"Robert Stephenson","- - -","58","0","58.0","0","103","14.1%","62.8%","9.0%","41.8%","29.1%","98","68","4.78","90.6","35","13594"
"Yunior Marte","SFG","39","0","48.0","0","108","11.0%","61.2%","3.5%","37.3%","26.3%","91","124","3.83","86.8","29","14416"
"Mitch White","- - -","25","18","99.0","0","111","8.4%","60.5%","5.6%","34.0%","23.9%","79","97","4.14","87.9","60","19225"
"Trevor Rogers","MIA","23","23","107.0","0","103","10.8%","61.4%","7.5%","37.4%","26.0%","98","114","4.84","88.4","65","22286"
"Kutter Crawford","BOS","21","12","77.1","0","110","11.3%","61.4%","8.8%","38.9%","27.5%","104","108","4.62","89.7","47","20531"
"Calvin Faucher","TBR","22","0","21.1","1","111","10.2%","50.5%","13.0%","42.0%","28.2%","94","123","6.01","90.7","13","20116"
"Bryse Wilson","PIT","25","20","115.2","0","113","7.7%","59.9%","7.7%","43.4%","24.5%","69","76","5.53","90.8","71","19990"
"Alex Faedo","DET","12","12","53.2","0","128","9.9%","60.7%","9.8%","39.1%","26.1%","81","128","5.53","91.1","33","19874"
"Austin Gomber","COL","33","17","124.2","0","105","9.8%","59.2%","8.5%","35.7%","25.1%","79","78","4.59","88.1","77","16561"
"Kris Bubic","KCR","28","27","129.0","0","115","8.9%","59.1%","7.8%","44.9%","24.9%","84","134","5.67","90.0","80","21455"
"Cristopher Sanchez","PHI","15","3","40.0","1","105","8.0%","56.5%","6.6%","37.2%","26.0%","87","116","4.31","87.9","25","20778"
"Jacob Barnes","- - -","23","0","22.1","0","128","8.9%","70.1%","6.8%","41.9%","22.2%","56","116","4.78","90.0","14","12323"
"Eric Stout","- - -","20","0","22.1","1","137","9.3%","65.5%","9.1%","36.4%","28.9%","100","175","4.37","90.6","14","16873"
"Hyun-Jin Ryu","TOR","6","6","27.0","0","108","7.6%","57.5%","9.7%","44.1%","25.1%","64","44","5.24","91.1","17","14444"
"Humberto Castellanos","ARI","11","9","44.1","0","117","7.9%","58.8%","6.8%","37.7%","25.8%","73","75","5.35","89.5","28","21183"
"Mike Mayers","LAA","24","3","50.2","0","117","11.5%","57.8%","12.7%","48.1%","25.7%","91","101","5.31","91.2","32","15451"
"Ryan Borucki","- - -","32","0","25.1","0","113","12.0%","51.4%","10.4%","45.5%","26.3%","85","123","5.90","88.1","16","16350"
"Justin Lawrence","COL","38","0","42.2","1","90","9.7%","61.3%","4.2%","39.2%","29.2%","111","139","3.54","87.8","27","17639"
"Chad Kuhl","COL","27","27","137.0","0","119","9.9%","59.6%","9.7%","44.6%","25.9%","79","113","5.31","90.5","87","14975"
"Daulton Jefferies","OAK","8","8","39.1","0","110","9.7%","58.1%","8.2%","38.1%","25.4%","73","58","3.75","89.1","25","19345"
"Jared Koenig","OAK","10","5","39.1","0","132","6.4%","56.5%","5.2%","43.7%","23.6%","56","106","5.14","90.4","25","27517"
"Alex Colome","COL","53","0","47.0","4","114","8.6%","53.0%","9.9%","46.0%","22.2%","66","123","5.78","90.1","30","6661"
"Sean Hjelle","SFG","8","0","25.0","0","69","8.2%","60.0%","6.4%","44.9%","28.5%","108","84","4.23","89.5","16","21481"
"Ryan Brasier","BOS","68","0","62.1","1","88","12.8%","67.7%","8.6%","46.5%","28.0%","110","62","3.97","90.7","40","5615"
"Michael Pineda","DET","11","11","46.2","0","122","7.7%","61.5%","10.2%","44.0%","23.7%","59","50","5.90","91.8","30","5372"
"Austin Davis","- - -","52","3","56.0","0","118","11.0%","56.4%","7.4%","30.9%","27.2%","109","156","4.59","86.5","36","17117"
"Erick Fedde","WSN","27","27","127.0","0","118","7.3%","61.4%","7.8%","43.2%","24.5%","73","122","5.45","89.4","82","17425"
"Ryan Feltner","COL","20","19","97.1","0","111","8.8%","57.0%","8.2%","42.8%","25.5%","87","99","4.91","89.7","63","21446"
"Hansel Robles","BOS","26","0","24.2","2","123","9.5%","53.2%","11.8%","50.0%","24.2%","85","157","6.49","92.7","16","11801"
"Kirby Snead","OAK","46","0","44.2","1","130","8.2%","62.9%","6.6%","38.4%","27.3%","75","131","4.43","87.8","29","19179"
"Chi Chi Gonzalez","- - -","7","5","23.0","0","117","6.6%","67.7%","9.1%","40.3%","26.6%","68","86","5.67","88.7","15","14663"
"Cole Sands","MIN","11","3","30.2","1","128","9.8%","56.6%","7.1%","39.4%","25.5%","87","112","4.43","89.3","20","21461"
"Josh Winckowski","BOS","15","14","70.1","0","117","7.0%","59.8%","9.9%","46.1%","25.5%","63","106","4.84","89.5","46","22387"
"Ty Blach","COL","24","1","44.1","1","115","8.9%","69.4%","6.0%","37.1%","28.0%","66","69","4.08","87.4","29","14361"
"Nick Wittgren","STL","29","0","29.0","1","128","7.1%","59.0%","1.0%","34.0%","23.9%","56","90","4.20","89.0","19","15594"
"Max Castillo","- - -","14","6","39.1","0","103","9.6%","60.6%","10.3%","44.0%","25.0%","98","110","4.74","90.7","26","21956"
"Matthew Liberatore","STL","9","7","34.2","0","123","8.2%","53.4%","8.8%","48.2%","23.8%","77","135","5.49","91.2","23","22294"
"Bruce Zimmermann","BAL","15","13","73.2","0","112","8.9%","65.9%","13.2%","42.4%","25.1%","69","47","6.53","91.1","49","20370"
"Mike Minor","CIN","19","19","98.0","0","130","8.3%","60.2%","8.4%","34.9%","25.6%","74","106","4.59","88.2","66","10021"
"Joe Kelly","CHW","43","1","37.0","1","80","12.9%","53.5%","3.3%","31.9%","32.7%","140","169","3.15","85.9","25","9761"
"Trevor Kelley","MIL","18","0","23.2","0","114","9.6%","55.1%","12.3%","23.3%","26.7%","95","101","4.20","85.0","16","18454"
"Adonis Medina","NYM","14","0","23.2","1","110","8.2%","62.7%","7.2%","55.4%","24.9%","68","66","5.28","90.7","16","19903"
"Jeurys Familia","- - -","48","0","44.1","0","108","10.8%","51.0%","10.1%","46.8%","27.9%","89","131","4.87","90.8","30","5114"
"Justin Dunn","CIN","7","7","31.0","0","149","8.3%","56.5%","16.5%","44.3%","26.5%","67","149","8.75","91.4","21","19268"
"Dinelson Lamet","- - -","32","0","32.1","0","98","16.5%","60.4%","9.9%","44.4%","32.4%","134","154","4.56","90.5","22","17186"
"Adrian Martinez","OAK","12","12","57.2","0","104","10.7%","59.5%","10.3%","37.5%","27.0%","92","91","5.38","89.1","40","21023"
"Louis Head","- - -","28","0","28.2","1","139","9.7%","53.6%","5.4%","41.3%","23.8%","83","132","4.65","91.0","20","13259"
"Adam Oller","OAK","19","14","74.1","0","154","9.3%","60.5%","10.0%","41.6%","22.0%","61","144","5.82","90.1","52","20132"
"Patrick Corbin","WSN","31","31","152.2","0","105","9.2%","68.9%","11.0%","44.6%","25.8%","79","83","6.41","90.8","107","9323"
"Reiver Sanmartin","CIN","45","4","57.0","0","110","10.9%","58.2%","7.2%","35.6%","26.9%","81","137","3.89","86.0","40","19754"
"Elieser Hernandez","MIA","20","10","62.1","0","126","10.2%","69.1%","13.0%","35.9%","26.4%","95","95","4.81","89.4","44","16933"
"Kaleb Ort","BOS","25","0","28.1","1","131","11.7%","60.4%","8.9%","47.8%","28.0%","91","139","5.35","91.6","20","20061"
"Joel Kuhnel","CIN","53","0","58.0","1","88","11.2%","58.8%","7.2%","38.9%","27.2%","97","66","3.78","90.1","41","19995"
"Chase Anderson","CIN","9","7","24.0","0","115","9.1%","53.4%","6.5%","38.7%","23.3%","99","176","3.75","84.2","17","6895"
"Josh Fleming","TBR","10","3","35.0","0","91","10.6%","65.7%","7.9%","43.3%","27.3%","77","88","4.37","90.4","25","20418"
"Josh Sborz","TEX","19","1","22.1","0","82","14.6%","60.0%","10.5%","47.4%","31.3%","144","137","4.97","92.1","16","18323"
"Josh Staumont","KCR","42","0","37.2","3","127","10.7%","54.0%","5.8%","43.7%","25.9%","110","205","4.97","90.2","27","18335"
"Chasen Shreve","NYM","25","0","26.1","0","92","11.8%","70.2%","12.0%","40.0%","28.7%","112","106","4.91","89.5","19","10855"
"Art Warren","CIN","39","0","36.0","3","114","12.1%","58.8%","11.9%","40.6%","29.3%","107","161","4.81","90.3","26","18251"
"Collin Snider","KCR","42","0","34.1","0","114","8.7%","49.0%","7.1%","43.8%","24.9%","66","124","6.01","89.6","25","23307"
"Luke Weaver","- - -","26","1","35.2","0","97","10.7%","55.7%","10.8%","45.0%","22.7%","97","92","5.45","91.5","26","16918"
"Chase Silseth","LAA","7","7","28.2","0","108","10.8%","64.3%","10.9%","51.1%","28.3%","84","116","6.61","90.9","21","30074"
"Aaron Sanchez","- - -","15","10","60.0","0","105","7.8%","61.9%","5.9%","48.0%","25.2%","69","69","4.53","92.4","44","11490"
"T.J. McFarland","STL","28","0","32.2","0","117","6.6%","55.2%","7.8%","51.7%","22.0%","49","91","6.13","92.5","24","3237"
"Drew VerHagen","STL","19","0","21.2","0","137","11.7%","55.7%","9.6%","34.2%","26.3%","75","159","6.29","88.3","16","13424"
"Tucker Davidson","- - -","12","11","52.0","0","147","9.5%","53.5%","5.2%","39.5%","24.6%","61","177","4.84","89.6","39","19871"
"Julian Merryweather","TOR","26","1","26.2","0","109","11.0%","68.1%","10.3%","44.8%","27.6%","87","73","4.49","90.3","20","16703"
"Anthony Banda","- - -","32","1","26.2","0","113","9.3%","54.8%","6.7%","32.2%","25.2%","99","119","5.01","84.9","20","14706"
"Zach Logue","OAK","14","10","57.0","0","135","8.7%","51.0%","12.4%","41.5%","22.8%","74","97","5.97","89.5","43","20231"
"Jake McGee","- - -","42","0","37.0","3","138","8.6%","58.9%","11.9%","42.1%","22.3%","68","89","5.14","90.2","28","7550"
"Ashton Goudeau","COL","12","0","20.1","1","126","9.9%","57.4%","5.9%","45.6%","24.0%","75","128","4.62","91.0","16","15139"
"Joan Adon","WSN","14","14","64.2","0","126","6.5%","56.5%","10.0%","36.7%","23.3%","78","152","6.01","89.3","51","22925"
"Kolby Allard","TEX","10","0","21.0","1","109","11.0%","64.4%","14.8%","42.6%","29.1%","98","86","5.67","91.6","17","18694"
"Heath Hembree","- - -","26","0","22.0","0","154","6.6%","56.1%","15.1%","50.7%","26.3%","70","192","7.55","90.7","18","11632"
"Carlos Hernandez","KCR","27","7","56.0","0","146","10.7%","57.9%","8.0%","38.2%","24.5%","59","145","5.28","88.7","46","22713"
"Spencer Howard","TEX","10","8","37.2","0","122","7.8%","58.1%","10.7%","42.0%","25.3%","80","104","5.53","91.4","31","23252"
"Jhoulys Chacin","COL","35","0","47.1","0","122","8.5%","57.5%","8.2%","41.5%","25.6%","75","116","4.74","89.7","40","2608"
"Vladimir Gutierrez","CIN","10","8","36.2","0","157","6.7%","54.7%","9.2%","42.5%","24.3%","72","162","5.75","89.3","31","19278"
"Luis Patino","TBR","6","6","20.0","0","175","9.5%","65.3%","9.6%","31.5%","23.5%","51","165","5.21","88.7","18","22815"
"Bennett Sousa","CHW","25","0","20.1","1","137","11.8%","59.4%","6.8%","42.5%","25.5%","56","130","4.23","88.7","19","21345"
"Sean Newcomb","- - -","20","1","27.2","0","127","7.6%","54.5%","13.8%","46.0%","26.1%","92","171","6.53","90.7","27","16943"
"Miguel Yajure","PIT","12","1","24.1","1","143","10.4%","60.5%","7.1%","48.2%","24.8%","59","162","7.88","92.3","24","21111"
"Dallas Keuchel","- - -","14","14","60.2","0","120","9.2%","58.4%","8.8%","38.8%","24.5%","66","127","5.49","88.8","62","9434"
"Kohei Arihara","TEX","5","4","20.0","0","133","10.0%","57.4%","10.0%","43.8%","22.3%","58","127","7.13","90.1","21","27505"
"Elvin Rodriguez","DET","7","5","29.2","0","137","6.6%","52.4%","14.7%","51.0%","22.8%","79","131","6.83","92.9","35","20962"
