player_name,MLBAMID,P_THROWS,Pitches,Appearances,STUFFplus,LOCATIONplus,PITCHINGplus
Jermaine Palacios,650339,R,4,1,176.3,96,122.3
Tyler Glasnow,607192,R,177,3,157.4,105.5,119.5
Sheldon Neuse,641914,R,12,2,155.8,104.6,113.2
Emmanuel Clase,661403,R,1001,81,155.3,104.5,117.7
Pete Fairbanks,664126,R,362,25,151.3,103.7,118.1
Ryan Helsley,664854,R,991,55,145.4,99,112.9
Jake Hager,606993,R,4,1,143.3,104.5,136.5
Ryan Pressly,519151,R,881,60,142.4,99.9,110.4
Felix Bautista,642585,R,993,65,142.1,96.3,109.9
Edwin Diaz,621242,R,963,63,140.2,100.1,111.2
Jacob deGrom,594798,R,1038,12,139.5,106.8,115.9
Jeremiah Estrada,669093,R,117,5,137,102.9,111.9
Bryan Abreu,650556,R,1189,65,136.5,94.6,104.5
Spencer Strider,675911,R,2328,32,134.3,102.2,111.1
Liam Hendriks,521230,R,948,58,133,98.5,108.1
Andres Munoz,662253,R,1120,69,132,101.8,110.2
Paul Sewald,623149,R,1052,68,132,98.7,111.1
Colin Poche,621363,L,972,65,131.8,96.4,105.1
Kenley Jansen,445276,R,1022,67,131.5,103.5,104.3
Jordan Romano,605447,R,1016,64,131.2,99,105.7
Tanner Rainey,663432,R,518,29,128.8,101.4,109.8
Gerrit Cole,543037,R,3543,36,128.7,102.1,110.4
Aroldis Chapman,547973,L,678,43,128.2,86.2,96.4
Hunter Greene,668881,R,2196,24,128.1,100.3,106.3
James Karinchak,675916,R,790,42,128.1,94.3,105.1
Matt Bush,456713,R,909,65,127.3,101.1,108.5
Corbin Burnes,669203,R,3270,33,126.2,101.9,109.2
Shohei Ohtani,660271,R,2628,28,125.7,97.9,107.5
Ryne Stanek,592773,R,943,63,125.4,94.1,104.8
Zack Weiss,592848,R,209,12,125.4,97.5,102.1
Evan Phillips,623465,R,976,67,125.3,101.2,108.4
Seranthony Dominguez,622554,R,998,63,124.9,98.7,103.5
Tanner Scott,656945,L,1254,67,124.6,93.3,101.8
Jhoan Duran,661395,R,1023,57,124.4,101.2,105.2
Matt Brash,666374,R,976,42,124.4,94.1,105.1
Dylan Cease,656302,R,3120,32,124,97.6,106.8
Nick Snyder,676766,R,33,2,123.8,69,77.9
Greg Holland,518813,R,80,5,123.2,107.7,110.9
Michael Kelly,547184,R,64,4,123,97.4,102.6
Ildemaro Vargas,545121,R,6,1,122,72.5,160.1
Jose Alvarado,621237,L,1081,71,122,96.5,101.5
Clay Holmes,605280,R,1062,67,121.8,95.5,101.9
Luis Garcia,472610,R,1033,68,121.8,96.7,104.6
Luis Gil,661563,R,83,1,121.6,90.4,98.2
Ron Marinaccio,676760,R,757,40,121.5,87.8,97.5
Jordan Hicks,663855,R,1075,37,121.4,92.6,98.4
Julian Merryweather,657240,R,416,26,121.4,100.9,104.9
William Woods,682016,R,31,2,121.3,82.1,89.7
Jonathan Loaisiga,642528,R,882,56,120.9,101.4,106.8
Joe Jimenez,641729,R,937,62,120.7,104.9,110.8
Steven Wilson,621051,R,948,54,120.7,99.5,107.9
Jason Adam,592094,R,961,68,120.5,97.2,106
Jeff Brigham,656257,R,419,16,120.5,100.5,108.8
A.J. Minter,621345,L,1154,77,120.4,103.9,107.6
Sandy Alcantara,645261,R,3235,32,120.4,105.3,107.4
Adrian Morejon,670970,L,581,28,120,101,105.6
Shelby Miller,571946,R,127,4,119.9,102.3,109
Brusdar Graterol,660813,R,689,48,119.8,108.8,111.8
Blake Snell,605483,L,2615,27,119.5,99,105.2
Robert Suarez,663158,R,912,52,119.4,101.5,106.4
Yerry Rodriguez,666720,R,18,1,119.4,119.9,125.7
Daniel Duarte,650960,R,77,3,119,99.7,104.9
Penn Murfee,682171,R,1040,66,119,101.9,109.5
Joe Barlow,669618,R,553,35,118.7,97.6,105.2
Michael King,650633,R,774,34,118.6,101.8,109.7
Justin Verlander,434378,R,2974,32,118.2,106.8,108.6
David Robertson,502085,R,1203,66,118,96.5,101.3
Frank Schwindel,643524,R,1,1,117.8,90.8,215.8
Griffin Jax,643377,R,1155,65,117.8,104.3,109.9
Ryne Nelson,669194,R,253,3,117.8,102.2,107.9
Jordan Weems,607179,R,713,31,117.6,101.8,104.1
Matthew Festa,670036,R,933,55,117.6,99.3,105
Emilio Pagan,641941,R,1116,58,117.4,102.6,107.7
Luis Ortiz,682847,R,275,4,116.8,95.8,102.5
Josh Hader,623352,L,1021,61,116.7,93.2,103.5
Franklin German,681464,R,61,4,116.5,84.9,88
Dylan Coleman,669395,R,1204,68,116.2,95,100.5
Freddy Tarnok,676206,R,10,1,116.2,109.8,120
Ryan Thompson,657044,R,678,47,116.2,99.9,106.6
Trevor Megill,656730,R,774,39,116.2,100.4,105.1
Giovanny Gallegos,606149,R,1016,59,116.1,100.4,105.2
Cristian Javier,664299,R,2756,33,116,101.1,106.3
Drew Smith,622098,R,762,44,115.9,99.8,105.2
Andrew Kittredge,552640,R,233,17,115.8,100.6,105.2
Caleb Thielbar,573204,L,983,66,115.7,104,110.4
Reynaldo Lopez,625643,R,985,61,115.6,101.8,105.2
Trevor Stephan,663986,R,1105,69,115.5,101,103.5
Devin Williams,642207,R,1068,65,115.1,99.6,106.3
Bryce Montes de Oca,656755,R,84,3,114.9,100,102.3
Darin Ruf,573131,R,14,1,114.9,108.2,112.3
John Schreiber,670167,R,1019,64,114.9,99.2,104.3
Calvin Faucher,676534,R,431,22,114.8,96.9,99.8
Jordan Holloway,656548,R,42,1,114.7,92.4,99.7
Jacob Barnes,606930,R,361,23,114.6,99.2,102.3
Alex Vesia,681911,L,1006,66,114.5,100,104.1
Max Kranick,668820,R,76,2,114.3,88.8,91.1
Yunior Marte,628708,R,852,39,114.3,95.6,102.1
Greg Weissert,669711,R,186,12,114.2,90,99.4
Javy Guerra,642770,R,327,18,114.2,97,96.7
Steven Okert,595345,L,938,59,114.2,98.6,103
Cole Waites,686972,R,104,7,114.1,98.9,97.3
Kaleb Ort,672391,R,528,25,114.1,98.1,104
Anthony Gose,543238,L,376,22,114,89,94.6
Jeremy Beasley,676886,R,271,9,114,99.8,104.2
Carlos Rodon,607074,L,2978,31,113.9,103.1,107.1
Aneurys Zabala,656008,R,43,2,113.8,95.5,97.1
Hunter Brown,686613,R,374,10,113.8,99.7,100.1
Yu Darvish,506433,R,3356,34,113.8,102.1,104.4
Shaun Anderson,641312,R,21,1,113.6,105.2,108
Brandon Woodruff,605540,R,2532,27,113.5,107,108.6
DL Hall,669084,L,269,11,113.5,102.1,108.1
Yonny Chirinos,630023,R,100,2,113.4,98,104.5
Camilo Doval,666808,R,1118,68,113.2,96.4,101.8
Scott Effross,664123,R,815,60,113.2,103.8,107.1
Jake Diekman,518617,L,1172,70,113.1,91.9,97.4
Jorge Lopez,605347,R,1161,67,113.1,99.4,103.7
Michael Kopech,656629,R,2006,25,113.1,95.2,100.1
Tommy Nance,667297,R,749,35,113.1,97.9,101.6
Clarke Schmidt,657376,R,968,32,112.8,100.7,105.3
Tyler Rogers,643511,R,1160,68,112.8,94.8,102.4
Gregory Soto,642397,L,1100,64,112.7,93.2,95.4
Yency Almonte,622075,R,508,36,112.7,96.6,105.4
Kyle Crick,605195,R,279,14,112.6,92.8,99.9
Domingo Tapia,593619,R,363,11,112.5,94.4,94.7
Alexis Diaz,664747,R,1022,57,112.4,96.1,103.6
Manuel Rodriguez,655889,R,203,14,112.4,93.6,93.1
Shane Baz,669358,R,444,6,112.4,95.7,103.6
David Bednar,670280,R,840,45,112.3,99.8,104.5
Mauricio Llovera,661440,R,302,17,112.3,100.4,103.6
Phil Bickford,641360,R,990,60,112.2,106.7,108.8
Joe Kelly,523260,R,703,43,112.1,92.2,100.6
Rafael Montero,606160,R,1261,81,112.1,105.7,106.8
Shane McClanahan,663556,L,2540,29,111.9,103.2,107.4
Adam Cimber,643256,R,1055,79,111.7,99.2,105.1
Chad Green,643338,R,239,14,111.2,105.3,110.6
Corey Knebel,608349,R,795,46,111.2,93.4,97.8
Yohan Ramirez,670990,R,619,30,111.2,93,97.9
Nicholas Padilla,656820,R,39,1,111.1,85.8,88.4
Adam Ottavino,493603,R,1090,67,111,96.7,104.6
J.P. Feyereisen,656420,R,344,22,111,100.9,106
Anthony Bass,542914,R,980,73,110.9,102.4,103.5
Nick Mears,683232,R,31,2,110.7,87.4,102.6
Zach Pop,647315,R,549,36,110.7,100.4,102.1
Zack Wheeler,554430,R,2804,32,110.7,105.9,110
Hunter Harvey,640451,R,661,38,110.6,103.6,104.8
Framber Valdez,664285,L,3405,35,110.5,97.3,99.7
Robert Stephenson,596112,R,914,58,110.5,101.4,104.8
Danny Young,664849,L,126,3,110.4,105.1,104.1
Matt Moore,519043,L,1247,63,110.4,98,101
Ryan Brasier,518489,R,985,68,110.4,108.1,110.4
Jose Ruiz,614179,R,1115,63,110.3,93,96
Collin McHugh,543521,R,1131,60,110.2,102,105.6
Julio Urias,628711,L,2700,32,110.2,106.2,108.1
Mason Thompson,666168,R,368,24,110.1,97.7,99.1
Cody Stashak,664054,R,227,11,110,101.3,103.9
Hector Neris,593576,R,1083,78,110,101.2,105.6
Trent Thornton,663423,R,664,32,110,98.7,104.7
Garrett Cleavinger,664076,L,381,19,109.9,98.9,106.3
Kevin Gausman,592332,R,2871,32,109.9,106.7,109.7
Pierce Johnson,572955,R,338,18,109.9,102.6,104.8
Bryan Baker,641329,R,1160,66,109.7,100.4,102.3
Scott Barlow,605130,R,1198,69,109.7,99.1,102.8
Craig Kimbrel,518886,R,1076,63,109.6,101.4,107.3
A.J. Puk,640462,L,1072,62,109.5,98,99.1
Daniel Bard,453268,R,947,57,109.5,97.9,101.2
Joely Rodriguez,570257,L,818,55,109.5,101.1,99.2
Josh Staumont,622251,R,728,42,109.5,93.7,96.4
Walker Buehler,621111,R,1046,12,109.5,101.9,104.5
Anthony Bender,669622,R,271,22,109.4,99.6,102.9
Jesus Tinoco,622786,R,350,17,109.4,102.8,103.3
Luke Bard,572703,R,241,9,109.4,94,98.9
Sean Reid-Foley,656887,R,194,7,109.4,102,105.1
Thomas Hatch,641672,R,71,1,109.2,104.1,92.3
Jonathan Hernandez,642546,R,511,29,109.1,93.8,100.3
Frank German,681464,R,23,1,109,96.7,105.3
Triston McKenzie,663474,R,2977,33,108.9,102.1,104.4
Graham Ashcraft,668933,R,1653,18,108.8,100.3,103.3
Kyle Dowdy,664871,R,95,2,108.8,94.9,99.8
Luis Severino,622663,R,1818,21,108.8,102.3,104
J.C. Mejia,650496,R,58,2,108.7,93.5,93.5
Sam Coonrod,656322,R,236,12,108.6,98.4,100.3
Ethan Roberts,681799,R,166,9,108.5,102.4,96.6
Austin Pruitt,643493,R,807,39,108.4,104.7,107.2
Daniel Hudson,543339,R,405,25,108.4,102.5,106.5
Stephen Nogosek,668665,R,376,12,108.4,101.8,105.3
Kyle Bradish,680694,R,1993,23,108.3,98.3,100.7
Nathan Eovaldi,543135,R,1739,20,108.3,106.3,108
Ronel Blanco,669854,R,116,7,108.1,93.7,96.2
Tim Mayza,641835,L,751,65,108,99.5,98.9
Danny Coulombe,543056,L,230,10,107.9,88.1,94.5
Ian Gibaut,664139,R,678,33,107.9,101.2,104.3
Matt Strahm,621381,L,763,50,107.7,100.2,100.5
Taylor Clarke,664199,R,858,47,107.7,102.7,105.3
Andrew Nardi,677053,L,373,13,107.5,96.8,101
Erik Swanson,657024,R,887,58,107.5,102.6,105.6
Kyle Finnegan,640448,R,1051,66,107.5,101.8,101.6
Parker Markel,571917,R,61,3,107.5,79.7,93.9
Colin Holderman,670059,R,430,24,107.4,88.4,92.4
Trevor May,543507,R,494,28,107.4,97.5,100.5
Aaron Nola,605400,R,3459,37,107.3,108.9,108.5
Zac Gallen,668678,R,2935,31,107.3,105.2,106.9
Jorge Alcala,660896,R,40,2,107.2,92.3,95
Raisel Iglesias,628452,R,1000,69,107.2,105.8,105
Anthony Castro,621593,R,260,12,107.1,89,92.7
Rowan Wick,592858,R,1134,63,107.1,102,103.2
Brooks Raley,548384,L,861,61,107,98.1,103.5
Phil Maton,664208,R,1077,67,107,97.3,101.7
Shawn Armstrong,542888,R,1065,51,107,107.1,105.4
Adbert Alzolay,640470,R,193,6,106.9,103.8,102.5
Albert Abreu,656061,R,690,33,106.9,92.9,96
Keynan Middleton,641871,R,240,18,106.9,104.9,107.9
Jimmy Herget,623474,R,982,49,106.8,96.6,103
Lucas Sims,608371,R,129,6,106.8,86.8,90.1
Nick Pivetta,601713,R,3080,33,106.8,97.7,100.9
Bryan Shaw,543766,R,967,60,106.7,95,98.2
Chris Archer,502042,R,1787,25,106.7,96.6,98.1
Freddy Peralta,642547,R,1351,18,106.7,99.5,101.7
Lance McCullers Jr.,621121,R,1023,11,106.6,96.3,101.3
Mike Baumann,657508,R,577,13,106.6,98,100.6
Reyes Moronta,606625,R,640,39,106.6,96.1,98.6
Tyler Wells,669330,R,1610,23,106.6,104.2,105.9
Yusei Kikuchi,579328,L,1843,32,106.6,94.5,96.6
Alex Lange,656638,R,1046,71,106.5,91.2,95
Nestor Cortes,641482,L,2647,31,106.5,102.8,104.2
Zach Jackson,667427,R,887,54,106.5,90.4,95.5
Hansel Robles,570663,R,422,26,106.4,93.3,97.4
Justin Grimm,518748,R,277,15,106.3,89.5,93.7
Drew Rasmussen,656876,R,2254,29,106.2,104.8,106.3
Max Scherzer,453286,R,2243,24,106.2,103.8,105.4
Adam Wainwright,425794,R,3039,32,106.1,103.8,100.9
Carlos Hernandez,672578,R,997,26,106.1,94.8,97.2
Cionel Perez,672335,L,899,66,106.1,96.7,100.6
Fernando Cruz,518585,R,260,14,106.1,90.3,99.9
Phillip Diehl,670426,L,120,5,106.1,98.9,101.3
Chris Sale,519242,L,102,2,106,103.3,100.7
Connor Brogdon,641401,R,854,54,106,105.7,105.2
Luis Frias,666818,R,355,15,106,90.5,94.2
Tanner Houck,656557,R,916,32,105.9,95.3,98.7
Jared Solomon,676660,R,157,9,105.8,93.9,95.1
Clayton Kershaw,477132,L,1921,23,105.7,104,105.5
Jose Urquidy,664353,R,2685,30,105.7,104,105.9
Diego Castillo,650895,R,863,62,105.6,96.9,100.2
Rico Garcia,670329,R,136,6,105.6,95.6,100.1
Taijuan Walker,592836,R,2498,29,105.6,100.6,102.4
Sam Hentges,656529,L,1039,60,105.5,100.2,99.6
Aaron Loup,571901,L,967,65,105.4,96.5,96.9
Keegan Akin,669211,L,1211,44,105.4,107.1,106.4
Logan Webb,657277,R,3003,32,105.4,103.1,105.2
Seth Martinez,661527,R,592,29,105.4,101.6,101.8
Nick Lodolo,666157,L,1680,18,105.3,96.6,98.5
Dany Jimenez,666204,R,539,34,105.2,92.6,100.9
Jake Cousins,664776,R,267,12,105.2,93.6,100.9
John Means,607644,L,135,2,105.2,97.5,102.9
Jose Marte,665896,R,265,11,105.2,83.9,83.6
Roansy Contreras,672710,R,1586,21,105.2,98,100.2
Matt Barnes,598264,R,693,44,105.1,92.7,94.4
Jose Leclerc,600917,R,781,39,104.9,94,96.5
Michel Baez,673258,R,25,2,104.9,96.5,95.3
Edward Cabrera,665795,R,1215,14,104.8,95,94.7
Louis Head,545343,R,545,28,104.8,93.4,97.4
Anthony Kay,641743,L,39,1,104.7,70.1,80.1
Jesus Cruz,672911,R,163,7,104.6,98.2,100.6
Keegan Thompson,624522,R,1807,28,104.6,98.3,99.3
Dennis Santana,642701,R,977,62,104.5,93.3,98.4
Tommy Kahnle,592454,R,203,16,104.4,99.6,96.2
Kutter Crawford,676710,R,1296,21,104.3,101.5,104.1
Miguel Diaz,622766,R,56,3,104.3,103.3,98.5
Parker Mushinski,656786,L,111,7,104.3,94.4,97.9
Trevor Gott,641627,R,760,45,104.2,101.5,101.3
Yimi Garcia,554340,R,1052,63,104.2,104.7,104.4
Hirokazu Sawamura,617228,R,835,49,104.1,92,93.5
J.B. Wendelken,605525,R,488,29,104.1,96.5,98.9
Jandel Gustave,594311,R,466,27,104.1,101.9,104
Seth Lugo,607625,R,1116,65,104.1,100.2,101.1
Tylor Megill,656731,R,786,15,104.1,99.7,101.7
Carlos Estevez,608032,R,1021,62,103.9,98.9,97.6
Reed Garrett,657585,R,196,7,103.9,89.3,89.5
Trevor Richards,670950,R,1170,63,103.9,93.9,99.6
Austin Adams,613534,R,48,2,103.8,88.3,98.8
Ian Hamilton,641656,R,41,1,103.8,76.9,80.4
Tyler Cyr,664202,R,224,12,103.8,96.3,97
Dustin May,669160,R,474,6,103.7,98.9,100.9
John Brebbia,605154,R,1088,76,103.7,102.9,104.8
JT Chargois,608638,R,334,21,103.7,102.6,102.3
Marcus Stroman,573186,R,2181,25,103.7,101.7,99.8
Kyle Barraclough,607457,R,139,8,103.6,93.7,98.8
Matt Wisler,605538,R,748,39,103.5,99.6,102
Sonny Gray,543243,R,1787,23,103.5,99.5,101.3
Josh Sborz,622250,R,419,19,103.4,94.7,98.5
Brett Martin,656685,L,740,54,103.3,97.4,98.1
Garrett Whitlock,676477,R,1163,31,103.3,104.3,106
Jesse Chavez,445926,R,1247,62,103.3,106.3,101.5
Joe Musgrove,605397,R,3120,33,103.3,102.8,102.5
Nick Sandlin,680704,R,757,47,103.3,96.5,102.3
Travis Lakins Sr.,664042,R,207,6,103.3,94.2,98.1
Drew Steckenrider,608716,R,286,16,103.2,102.9,101.6
Frankie Montas,593423,R,2338,28,103.2,101,104.5
Jay Jackson,543351,R,12,2,103.2,90.8,88.4
Ken Giles,571704,R,67,5,103.2,86.3,93.3
Bubby Rossman,657745,R,18,1,103.1,85.9,89.2
Dominic Leone,608678,R,821,55,103.1,99.8,101.4
Heath Hembree,592390,R,395,26,103.1,93.4,96.8
Jesus Luzardo,666200,L,1644,18,103.1,98.9,99.4
Kendall Graveman,608665,R,1035,65,103.1,97.8,99
Luis Garcia,677651,R,2534,30,103.1,100,99.5
Tony Santillan,663574,R,408,21,103.1,96.1,96.2
Chris Stratton,608717,R,1094,60,103,102.5,103.4
Kyle Wright,657140,R,2773,31,102.9,100.3,100
Michael Rucker,621074,R,862,39,102.8,101.8,101.1
Miguel Sanchez,667376,R,210,12,102.8,95.4,96.2
Andrew Wantz,681806,R,831,42,102.7,96.1,97
Kervin Castro,665645,R,204,9,102.7,94.9,99
Tyson Miller,668338,R,228,4,102.7,90.9,94.1
Jose Quijada,650671,L,664,42,102.5,101.4,100.4
Luis Castillo,622491,R,2714,27,102.4,102.7,102.3
Mitch Keller,656605,R,2649,31,102.4,100.1,99.6
Rob Zastryzny,642239,L,72,6,102.4,96.6,102.5
Ryan Castellani,624418,R,45,3,102.4,110.2,113.6
Domingo German,593334,R,1105,16,102.3,100.7,99.4
Darren O'Day,503285,R,385,28,102.2,101.3,102.5
Erich Uelmen,657272,R,441,24,102.2,94.1,94.8
Tim Hill,657612,L,777,58,102.2,101.3,100.7
Tony Gonsolin,664062,R,2054,25,102.2,99.9,102.3
James Norwood,656803,R,368,20,102.1,99.2,101
Aaron Ashby,676879,L,1873,27,102,97.4,99
Charlie Morton,450203,R,2855,32,102,98.8,100.8
Jackson Kowar,663804,R,311,7,102,92.2,94.9
Kevin Ginkel,656464,R,478,30,102,100.1,98.6
Logan Gilbert,669302,R,3099,33,102,100.9,103.3
Lucas Luetge,476595,L,931,50,102,91,97.6
Justin Wilson,458677,L,54,5,101.9,108.7,104.1
Andrew Vasquez,607755,L,153,10,101.8,86,90.2
Damon Jones,676103,L,104,4,101.8,75.3,74.6
Nick Duron,663975,R,16,1,101.8,112.2,99
Austin Warren,681810,R,266,14,101.7,102.3,102.9
Darwinzon Hernandez,650382,L,181,7,101.7,97.1,97.5
Michael Fulmer,605242,R,1043,67,101.7,94.2,98.6
Tyler Matzek,554431,L,713,42,101.7,92.8,94.8
Andrew Bellatti,571479,R,1057,67,101.6,93.4,97
Hunter Strickland,519326,R,1065,64,101.6,96,96.4
Juan Minaya,573668,R,174,6,101.5,98.6,98.1
Corey Kluber,446372,R,2453,32,101.4,103.8,103.1
Luis Patino,672715,R,388,6,101.4,98.1,98.1
Zack Littell,641793,R,758,39,101.4,104.8,104.5
Cody Morris,663752,R,426,8,101.3,98.5,99.7
Cody Poteet,547001,R,447,12,101.3,98.6,99.9
Lou Trivino,642152,R,1005,68,101.3,95.6,98.2
Vince Velasquez,592826,R,1275,27,101.2,101.4,102.1
Ryan Pepiot,686752,R,737,9,101,91.1,95.6
Ken Waldichuk,686610,L,586,7,100.9,98.7,100.3
Aaron Civale,650644,R,1590,21,100.6,100.5,100.1
Trevor Rogers,669432,L,1927,23,100.6,100.6,100.4
Jovani Moran,663558,L,672,31,100.5,95.6,99.6
Matt Koch,571863,R,71,4,100.5,98.2,97.3
Patrick Murphy,641907,R,142,6,100.5,94.4,95.6
Jose Berrios,621244,R,2719,32,100.3,103.2,102.3
Jace Peterson,607054,R,8,1,100.2,92.8,131.5
Jakob Junis,596001,R,1795,23,100.2,103,102.7
Dusten Knight,643400,R,192,6,100.1,105.3,97.1
Edwin Uceta,670955,R,292,10,100,94.6,97.2
Jon Gray,592351,R,1964,23,100,101.8,101.8
Tyler Mahle,641816,R,2101,23,99.9,103.6,103
Xzavion Curry,675540,R,165,2,99.9,93,92.7
Hayden Wesneski,669713,R,495,6,99.8,106.8,105.3
Jalen Beeks,656222,L,995,42,99.8,99.2,101.8
Jameson Taillon,592791,R,2880,34,99.8,104.9,103.3
Jimmy Lambert,669424,R,811,42,99.8,98.3,99.6
Steven Matz,571927,L,828,15,99.8,106.6,103.2
Max Meyer,676974,R,89,2,99.7,100.3,100.2
Tayler Saucedo,642048,L,48,4,99.7,90.2,86.7
Yerry De Los Santos,660787,R,449,26,99.7,97.1,97.6
Alek Manoah,666201,R,3026,32,99.6,99.1,99.8
Garrett Richards,572070,R,691,31,99.6,97,99
Jordan Montgomery,656756,L,2750,33,99.6,102.6,99.8
Vinny Nittoli,657697,R,40,2,99.6,104.5,108.3
Wandy Peralta,593974,L,942,63,99.6,99.8,101.8
Taylor Rogers,573124,L,1085,66,99.5,98.1,98.8
Victor Arano,644364,R,677,43,99.5,102.4,102.4
Genesis Cabrera,650893,L,730,39,99.4,96,97.3
Michael Feliz,593140,R,25,1,99.4,105.9,100.7
Dylan Floro,571670,R,846,55,99.3,108,104.9
Jason Foley,671345,R,961,60,99.3,105.2,103.2
Brock Burke,656271,L,1316,51,99.2,100.2,100.6
Joel Kuhnel,669270,R,897,51,99.2,103.8,102.6
Jake Walsh,673904,R,65,3,99.1,85.1,91.6
Peter Strzelecki,657265,R,605,30,99.1,103.1,104.8
Rich Hill,448179,L,1972,26,99.1,99.7,99.7
Austin Davis,656354,L,1086,52,99,95.7,96.6
Andres Machado,600921,R,996,51,98.9,100.7,99.5
Buck Farmer,571656,R,829,42,98.9,97.3,98.1
Eli Morgan,669212,R,1056,52,98.9,104.8,103.4
Joel Payamps,606303,R,952,41,98.9,101.8,102.3
MacKenzie Gore,669022,L,1252,16,98.9,96.8,97.2
Corbin Martin,656686,R,428,7,98.8,94,94.6
Miguel Castro,612434,R,531,36,98.8,92.9,99.5
Stephen Strasburg,544931,R,83,1,98.8,99,98.8
Taylor Widener,642203,R,326,14,98.8,101,100.4
Wil Crowe,640444,R,1379,60,98.8,98.3,100.3
Carl Edwards Jr.,605218,R,1010,57,98.6,98.1,100.4
Erasmo Ramirez,541640,R,1208,60,98.6,102.6,99.3
George Kirby,669923,R,2208,27,98.6,107,104.9
Art Warren,605521,R,655,39,98.5,97.6,99.1
Brandon Hughes,676714,L,930,55,98.5,97.1,97.1
Dylan Lee,669276,L,789,49,98.5,105.6,103
Ryan Feltner,663372,R,1674,20,98.5,98.1,97
Mark Melancon,453343,R,885,62,98.4,100.9,97.2
Janson Junk,676083,R,156,3,98.3,102.2,104.7
Ross Stripling,548389,R,2020,32,98.3,107.5,102.5
Lance Lynn,458681,R,2022,21,98.2,103.8,99.6
Gregory Santos,666619,R,65,2,98.1,91.7,94.1
Drey Jameson,686753,R,369,4,97.9,102.6,100.3
Francisco Morales,672839,R,79,3,97.9,80.6,77.7
Johan Oviedo,670912,R,980,21,97.9,99.5,99
Matt Gage,657424,L,187,11,97.9,97.1,95.2
Jonathan Heasley,669169,R,1788,21,97.8,97.6,96.3
Taylor Hearn,621368,L,1786,31,97.8,99,96.8
Sean Hjelle,663546,R,472,8,97.7,99.1,98.8
Chris Bassitt,605135,R,2884,31,97.6,102.3,101.4
Shane Bieber,669456,R,3074,33,97.6,102.6,101.7
Brad Keller,641745,R,2274,35,97.5,96.7,97.8
Ian Kennedy,453178,R,867,57,97.5,101.4,99.1
Joe Ryan,657746,R,2391,27,97.4,102.6,99.2
Jose Cisnero,542585,R,430,28,97.4,97.8,96.1
Josiah Gray,680686,R,2580,28,97.4,98.2,98
Riley O'Brien,676617,R,23,1,97.4,80,85.1
Cristofer Ogando,642657,R,74,3,97.3,95.2,91.1
Mike Clevinger,605182,R,2000,25,97.3,100.2,99.4
Mike Mayers,594577,R,885,24,97.3,99.3,98.2
Richard Bleier,542947,L,768,55,97.3,105.7,101.2
Tyler Thornburg,592804,R,361,14,97.3,93.1,94
Brady Singer,663903,R,2374,27,97.2,102.1,99.6
Joey Krehbiel,607216,R,975,56,97.2,99.3,98.3
Tyler Kinley,641755,R,375,25,97.2,98.9,102
Chase De Jong,608328,R,1174,42,97,95.6,97.1
Manny Banuelos,544365,L,718,35,97,96.4,94.7
Alex Colome,517008,R,802,53,96.9,93.8,92.4
Andrew Heaney,571760,L,1285,17,96.9,101.3,101
Elvin Rodriguez,660730,R,534,7,96.9,95.8,95.6
Zach Eflin,621107,R,1367,30,96.9,107.5,101.8
Alejo Lopez,664670,R,26,3,96.8,100.4,93.8
Evan Lee,681885,L,165,4,96.8,83,86.6
Elvis Peguero,665625,R,307,13,96.7,97.5,98.2
Glenn Otto,657248,R,2228,27,96.7,93.3,93.1
Joe Mantiply,573009,L,861,69,96.7,106.5,100.1
Reid Detmers,672282,L,2124,25,96.7,96.5,97.4
Matt Foster,641582,R,768,48,96.6,100.6,101.2
Jack Flaherty,656427,R,662,9,96.5,95.5,94.7
Tucker Davidson,656353,L,910,12,96.5,95.5,94.7
Luis Ortiz,656814,R,117,6,96.4,101.3,99.3
Tyler Duffey,608648,R,722,40,96.4,101.3,101.2
Anthony Misiewicz,664948,L,463,32,96.3,101.3,95.9
Justin Steele,657006,L,2028,24,96.3,98.6,98.6
Chad Smith,663385,R,337,15,96.2,88.2,86.5
David McKay,641853,R,135,4,96.2,95.8,98.3
Anderson Severino,644429,L,133,6,96.1,86.7,85.7
Arodys Vizcaino,527055,R,115,7,96.1,82.1,86.7
Chris Ellis,595939,R,83,2,96.1,84.7,88.6
Duane Underwood Jr.,621249,R,1004,51,96.1,98.6,96.9
Joe Smith,501925,R,450,34,96.1,100.5,94.2
Kirk McCarty,668948,L,574,13,96.1,101,101.3
Tommy Hunter,488984,R,349,18,96.1,108.6,101.7
Beau Brieske,689225,R,1287,15,95.9,101.6,101.2
Jake Fishman,670288,L,171,7,95.9,103.3,101.8
Merrill Kelly,518876,R,3061,33,95.9,104.8,101.8
Chase Silseth,681217,R,501,7,95.8,99.3,100.6
Josh Winckowski,670174,R,1194,15,95.8,99.9,98.4
Zack Kelly,677161,R,222,13,95.8,96.5,93.9
Caleb Ferguson,657571,L,577,37,95.7,99.6,99.6
Max Fried,608331,L,2877,31,95.7,100.5,102
Blake Taylor,642130,L,305,19,95.6,89.9,91.9
Jose Butto,676130,R,98,1,95.6,101.1,100.5
Wade Miley,489119,L,566,9,95.6,105.6,100.3
Bennett Sousa,656986,L,365,25,95.5,96.5,94
Blake Treinen,595014,R,94,6,95.5,101.8,108
Daniel Norris,596057,L,1010,41,95.3,92.5,94.7
Louie Varland,686973,R,411,5,95.3,103.7,101.8
Nick Nelson,656793,R,1230,48,95.3,94.3,94.3
Pablo Lopez,641154,R,2870,32,95.3,103.2,101.4
Brayan Bello,678394,R,997,13,95.2,98.5,98
Dauri Moreta,664294,R,606,35,95.2,97.8,95.2
Ryan Borucki,621366,L,413,32,95.2,92.3,95.1
Aaron Brooks,605156,R,154,5,95.1,97.8,95.1
Kodi Whitley,676831,R,268,14,95.1,96.6,97.7
Touki Toussaint,657053,R,431,8,95.1,90.1,90
Lucas Gilbreath,656458,L,796,47,95,89.8,93.8
Robbie Ray,592662,L,3106,35,95,99.6,98.5
Vladimir Gutierrez,661269,R,684,10,95,99.1,95.3
Chris Martin,455119,R,885,62,94.9,109.1,104.4
Jarlin Garcia,606424,L,1002,58,94.9,100.1,97.8
Jose Castillo,620454,L,16,1,94.9,101.9,102.3
Luke Weaver,596133,R,703,25,94.9,102.2,100.6
Matt Manning,666159,R,989,12,94.9,100.5,98.4
Mitch White,669952,R,1715,25,94.9,98.9,98.4
Kirby Yates,489446,R,137,9,94.6,96.7,95.8
Patrick Sandoval,663776,L,2419,27,94.5,98.3,99
Cade Cavalli,676917,R,99,1,94.4,90.1,90.3
Sam Long,669674,L,733,28,94.4,97.2,99.2
Chi Chi Gonzalez,592346,R,376,7,94.2,102.5,100.3
Nick Martinez,607259,R,1855,54,94.2,101.8,101
Thomas Szapucki,663378,L,289,11,94.2,95.9,95.6
Aaron Bummer,607481,L,457,32,94.1,93.6,92.4
Drew VerHagen,572403,R,419,19,94.1,92.9,96.8
German Marquez,608566,R,2825,31,94.1,99.7,97.6
Jeff Hoffman,656546,R,845,35,94.1,92,91.7
Joan Adon,672851,R,1187,14,94.1,95.5,91.9
Junior Fernandez,658551,R,333,16,94.1,93.1,94
Ryan Tepera,572193,R,856,58,94.1,98.7,97.2
Anthony DeSclafani,543101,R,329,5,94,99.7,98.9
Dean Kremer,665152,R,1947,22,94,101.1,98.6
Eduard Bazardo,660825,R,236,12,94,99.4,97.2
Sean Doolittle,448281,L,55,6,94,107.7,108.1
Alex Cobb,502171,R,2415,28,93.9,101.5,101.2
Chris Mazza,607391,R,135,2,93.9,82.4,88.4
Michael Lorenzen,547179,R,1648,18,93.9,98.9,97.4
Nick Neidert,663734,R,82,1,93.9,105.9,107.3
Norge Ruiz,650204,R,366,14,93.9,98.8,96.9
Alex Faedo,656412,R,967,12,93.8,96.2,93.9
Huascar Brazoban,623211,R,631,27,93.7,94.7,91.7
Luis Perdomo,606131,R,285,14,93.7,100.6,102.2
Nabil Crismatt,622503,R,1061,50,93.7,101.1,100.8
Robert Gsellman,607229,R,207,8,93.7,104.8,100.4
Braxton Garrett,666129,L,1426,17,93.5,100.9,97.7
Eric Lauer,641778,L,2663,29,93.5,100.1,97.5
Chris Flexen,623167,R,2202,33,93.4,97.8,94.3
Davis Martin,663436,R,1031,14,93.4,100.8,101
Domingo Acevedo,642758,R,1005,70,93.4,102.3,98.7
Enyel De Los Santos,660853,R,880,52,93.4,100.7,98.6
Kyle Gibson,502043,R,2780,33,93.4,103.1,98.5
Steve Cishek,518553,R,1171,69,93.4,96.2,99.1
Justin Bruihl,677865,L,341,24,93.3,100.6,99
Archie Bradley,605151,R,298,21,93.2,98.6,95.5
Luke Farrell,608652,R,285,6,93.2,92.1,91.9
R.J. Alvarez,571439,R,51,1,93.2,94.7,95.9
Yoan Lopez,661255,R,194,8,93.2,95.7,94.7
Daniel Mengden,596043,R,119,5,93.1,105.3,101.6
Oliver Ortega,661383,R,565,27,93.1,96.7,97.5
Tyler Anderson,542881,L,2660,31,93.1,104.8,100.9
Andrew Chafin,605177,L,898,64,93,98.7,97
Jeffrey Springs,605488,L,2148,33,93,104.7,103.9
Ryan Burr,621114,R,149,8,93,99.7,94.7
Steven Brault,643230,L,157,9,93,91.1,88.8
Caleb Smith,592761,L,1232,44,92.9,98.5,96.8
Cristopher Sanchez,650911,L,662,15,92.9,96.1,97
David Phelps,475479,R,1149,65,92.9,97.1,94.7
Dinelson Lamet,659275,R,583,32,92.9,89.7,91.9
Aaron Sanchez,592717,R,1003,15,92.8,101.6,97.9
Brent Suter,608718,L,1070,54,92.8,99.4,98.3
Casey Lawrence,596271,R,297,6,92.8,103.2,102.3
Michael Grove,675627,R,472,7,92.8,101.8,99.2
Gerardo Reyes,622103,R,47,2,92.7,101.1,100.8
Noe Ramirez,598287,R,833,55,92.6,99,97.6
Chasen Shreve,592741,L,472,25,92.5,101,100.2
Mychal Givens,571710,R,1045,61,92.5,97.3,99.2
Pedro Avila,658648,R,70,2,92.5,98.8,104.3
Sean Newcomb,656794,L,508,19,92.5,95,91.3
Carlos Carrasco,471911,R,2404,29,92.3,105,102
Easton McGee,668834,R,46,1,92.3,97.8,93.5
Austin Voth,608723,R,1760,41,92.2,103.2,101.7
Jhonathan Diaz,646242,L,236,4,92.2,81.4,81.1
Bryan Garcia,650530,R,317,4,92.1,92.3,87.8
Jake Reed,596082,R,306,18,92.1,93.9,92.8
Brad Boxberger,502202,R,1090,70,92,99,96.4
Logan Gillaspie,670810,R,262,17,92,98.6,100.1
Will Vest,676684,R,1083,59,92,100.4,99.4
Javier Assad,665871,R,690,9,91.9,99.1,95.5
Luis Cessa,570666,R,1219,45,91.8,103,99.3
Nick Vespi,663989,L,446,25,91.8,97.6,96.6
Dillon Tate,622253,R,1067,66,91.7,102.6,99.2
Ryan Hendrix,641682,R,143,9,91.7,84.6,86.2
Brad Hand,543272,L,917,62,91.6,93.4,92.3
Sam Howard,607572,L,58,3,91.6,79.2,85.2
Wily Peralta,503449,R,693,28,91.6,95.4,93.7
Alex Wood,622072,L,2220,26,91.5,101.7,98.7
Josh Winder,680739,R,1114,15,91.5,99.9,98.1
Lucas Giolito,608337,R,2752,30,91.5,100.1,97.9
Reiver Sanmartin,665665,L,1020,44,91.5,102,97.8
Rony Garcia,665621,R,883,16,91.5,99.4,99.1
Tyler Beede,595881,R,1071,31,91.5,95.3,96.1
Hoby Milner,571948,L,1086,67,91.4,101.9,96.8
Nash Walters,663534,R,16,1,91.4,82.4,76.6
Shane Greene,572888,R,50,2,91.4,98.5,94.3
Enoli Paredes,660600,R,57,3,91.2,93.1,99.3
Bryan Hoeing,663773,R,266,8,91.1,101.2,97.5
Denyi Reyes,660593,R,117,3,91.1,109.8,102.1
Drew Smyly,592767,L,1722,21,91.1,106.5,99.9
Marcos Diplan,650959,R,121,5,91.1,93.8,97.9
David Peterson,656849,L,1909,30,91,95.2,93.4
Derek Law,571882,R,352,17,91,98.8,101.5
Michael Wacha,608379,R,1949,23,91,103.5,99.4
Miguel Yajure,664337,R,471,12,91,92.1,90.4
Noah Davis,663562,R,32,1,91,105.8,106
Pedro Baez,520980,R,65,3,91,97.5,89.1
Beau Sulser,676641,R,349,10,90.9,98.4,96.2
Cole Sulser,642121,R,616,39,90.9,100.2,99.4
Zach Plesac,668676,R,2160,26,90.9,100.5,98.6
Eric Stout,657770,L,450,20,90.8,94.1,95.5
Jake McGee,459429,L,629,42,90.8,103.8,98.5
Kyle Nelson,669459,L,592,43,90.8,97.9,99.3
Tarik Skubal,669373,L,1909,21,90.8,101.3,99.2
Trevor Williams,592866,R,1405,30,90.8,104.3,99.6
Tyler Clippard,461325,R,113,4,90.8,85.4,82
Chase Anderson,502624,R,493,9,90.7,96.1,94
Matthew Boyd,571510,L,200,11,90.7,94.3,93.2
Dylan Bundy,605164,R,2180,29,90.6,105.9,101.8
Casey Mize,663554,R,169,2,90.5,98.5,97.3
Cole Ragans,666142,L,706,9,90.5,97.5,95.3
Paolo Espino,502179,R,1868,42,90.5,101.5,101.9
Cooper Criswell,681867,R,45,1,90.4,113.2,114.1
Jimmy Yacabonis,642231,R,292,14,90.4,94.7,97.5
JT Brubaker,664141,R,2378,28,90.4,101.5,98.1
Bailey Ober,641927,R,854,11,90.2,103.8,99.7
Collin Snider,676092,R,581,42,90.2,95.2,95.1
Wyatt Mills,670090,R,503,27,90.2,92.6,96.5
Miles Mikolas,571945,R,3203,34,90.1,106.3,100.8
Ronny Henriquez,678692,R,181,3,90.1,91.7,86.6
A.J. Ladwig,607609,R,41,1,90,103.4,98.3
Adrian Houser,605288,R,1846,22,90,100.1,98.2
Cal Quantrill,615698,R,3064,34,90,100.6,95.6
Brandon Bielak,656232,R,226,5,89.9,99.1,95.2
Chad Kuhl,641771,R,2370,27,89.9,95.3,93
Connor Sadzeck,592712,R,48,2,89.8,86.1,90.3
Elieser Hernandez,622694,R,1092,20,89.8,102.1,98.6
Jake Woodford,663765,R,697,27,89.7,103.7,99.2
Jose Suarez,660761,L,1780,22,89.7,102.9,100.9
Mark Leiter Jr.,643410,R,1086,35,89.7,96.1,93.2
Gabe Speier,642100,L,298,17,89.6,97.1,96.5
Caleb Kilian,668873,R,235,3,89.5,91,91.6
Cory Abbott,676265,R,841,16,89.4,97.3,95.1
Devin Smeltzer,656970,L,1129,15,89.4,97.2,96
Adam Oller,670124,R,1283,19,89.3,98.5,93.9
Austin Brice,592169,R,106,4,89.3,96.1,99.4
Amir Garrett,607237,L,804,60,89.1,91.9,91.2
Roenis Elias,606273,L,114,7,89.1,102.6,101.3
Foster Griffin,656492,L,111,6,89,88.1,89.2
Justin Dunn,643290,R,468,6,88.9,90.1,89.6
Adam Kolarek,592473,L,318,15,88.8,93.4,93.8
Anthony Banda,607455,L,551,32,88.8,99.2,95.2
Jake Brentz,641394,L,159,8,88.8,77.9,82.4
Jose Urena,570632,R,1622,21,88.8,98.6,94.7
Phillips Valdez,570488,R,287,13,88.8,93.8,92.9
Logan Allen,663531,L,164,7,88.7,89.9,91.7
Silvino Bracho,611093,R,65,3,88.7,97.4,92.3
Andre Jackson,656578,R,156,4,88.6,99.4,96.3
Daulton Jefferies,641726,R,609,8,88.6,103.2,98
Sean Manaea,640455,L,2514,31,88.6,101.6,98.2
Jackson Stephens,623451,R,970,40,88.5,105.1,98.4
Adonis Medina,658431,R,413,14,88.4,96.6,93
Andre Pallante,669467,R,1766,48,88.4,97.8,95.5
Drew Hutchison,571800,R,1753,28,88.4,98.5,94.8
Jose Cuas,621016,R,687,47,88.3,95.8,94.3
Spencer Patton,607359,R,111,7,88.3,92.5,89.6
Craig Stammen,489334,R,698,33,88.2,102.2,96.8
Jordan Lyles,543475,R,2986,32,88.2,100.1,97.2
Jaime Barria,642545,R,1120,35,88.1,101.8,97.7
Jhoulys Chacin,468504,R,784,35,88.1,97.6,93.7
Mark Appel,571446,R,149,6,88.1,92.8,89.7
Ralph Garza Jr.,621248,R,514,19,88.1,98.3,97.1
Angel De Jesus,669804,R,192,8,88,99.4,99.1
Chris Paddack,663978,R,367,5,88,106.5,100.4
Spencer Howard,675921,R,692,10,88,101.9,96.7
Max Castillo,666721,R,697,14,87.9,99.1,93.4
Chris Devenski,606965,R,241,13,87.8,103.8,102.2
Conner Menez,669214,L,24,1,87.8,78.5,79.2
Gavin Hollowell,668970,R,143,6,87.8,93.8,97.8
Tanner Banks,621383,L,897,35,87.8,105.6,103.2
Zack Greinke,425844,R,2272,26,87.8,103,99.1
Kyle Muller,666205,L,233,3,87.6,101.3,98.6
Ronald Bolanos,671790,R,332,8,87.6,89.8,86.2
Noah Syndergaard,592789,R,2131,29,87.5,104.8,101.2
Sergio Romo,489265,R,335,23,87.5,96.3,94.2
A.J. Alexy,669935,R,152,4,87.4,81.7,81.9
Daniel Lynch,663738,L,2435,27,87.3,99,94.4
Justin Lawrence,664875,R,762,38,87.3,98,103.1
JP Sears,676664,L,1078,17,87.1,97.8,94.8
Kirby Snead,669912,L,779,46,87,96.8,96.8
Luis Castillo,622379,R,60,3,87,102.3,99
Spenser Watkins,657093,R,1631,23,87,101.1,99.2
Huascar Ynoa,660623,R,147,2,86.7,86.5,87.6
Francisco Perez,660906,L,205,10,86.6,94.6,90.6
Paul Blackburn,621112,R,1759,21,86.6,102.3,97.2
Bryce Elder,693821,R,873,10,86.5,99.1,95
Tyler Alexander,641302,L,1591,27,86.5,103.6,98.2
Will Smith,519293,L,985,65,86.4,99.8,96.5
Kyle Tyler,667725,R,40,2,86.3,96,100.5
Jason Alexander,669920,R,1160,18,86.2,99.9,93
Jake Bird,656234,R,744,38,86.1,96.5,91.2
James Kaprielian,621076,R,2228,26,86.1,99.5,95.2
Ranger Suarez,624133,L,2799,34,86.1,101,96.3
Ryan Weathers,677960,L,89,1,86.1,85.2,86.9
Madison Bumgarner,518516,L,2712,30,86,99.2,93.6
Justus Sheffield,656954,L,179,6,85.9,89,86.4
Jhon Romero,664584,R,90,4,85.8,99.3,99.8
Reiss Knehr,663753,R,242,5,85.8,95.3,94.5
Nick Wittgren,621295,R,481,29,85.7,99,92.3
Alex Young,622065,L,445,25,85.5,99,94.4
Erick Fedde,607200,R,2356,27,85.5,101.2,93.9
Collin Wiles,621079,R,154,4,85.4,104.8,99.4
Josh Fleming,676596,L,659,10,85.4,105.7,99.1
Garrett Hill,682051,R,1012,17,85.3,96.4,93.3
JoJo Romero,668941,L,271,17,85.3,93.3,91
Jose Alvarez,501625,L,268,21,85.3,95.4,92
Robert Dugger,667498,R,284,4,85.3,101.3,96.6
Bryse Wilson,669060,R,1824,25,85.1,101.1,96.7
Matthew Liberatore,669461,L,647,9,85,96.6,92.7
Jacob Lemoine,621082,R,297,9,84.8,94.6,90.1
Zach Thompson,605507,R,2077,29,84.6,100.5,94.7
Sean Poppen,664092,R,439,29,84.5,97.9,94.8
Alexander Wells,649144,L,66,2,84.4,106.3,90.5
Bruce Zimmermann,669145,L,1124,15,84.4,103.9,96.2
Patrick Corbin,571578,L,2623,31,84.3,102.1,95.6
Jharel Cotton,605194,R,699,29,83.9,93.9,90.3
Sam Moll,594580,L,734,53,83.9,96.6,98
Tayler Scott,605463,R,255,8,83.9,96.5,97.6
John King,667463,L,749,39,83.8,99.4,96
Raynel Espinal,642659,R,76,2,83.8,110.9,106.6
Scott Alexander,518397,L,214,17,83.7,106.1,98.1
Trevor Kelley,665001,R,460,18,83.7,98.7,89
Tyler Holton,663947,L,159,10,83.6,96.7,92.7
Ryan Yarbrough,642232,L,1355,20,83.5,100.3,95.3
Antonio Senzatela,622608,R,1520,19,83.3,102.2,97.6
Tyler Gilbert,656457,L,564,8,83.3,99.9,92.8
Connor Overton,656818,R,469,6,83.2,102,98.3
Jose Quintana,500779,L,2783,33,83.1,102.4,97.3
Joey Wentz,666214,L,553,7,83,99.2,94.7
Zack Thompson,668868,L,575,22,82.9,99.4,96.9
Dereck Rodriguez,605446,R,99,2,82.7,97.5,89.3
Jake Odorizzi,543606,R,1849,23,82.7,102.5,96.6
Ian Anderson,666120,R,1998,22,82.6,97.3,91.2
Robbie Erlin,572362,L,40,2,82.6,88.9,89.4
Josh Rogers,642028,L,419,16,82.5,98,93.4
Paul Fry,643316,L,232,13,82.5,88.6,90.8
Tommy Henry,674072,L,773,9,82.4,96.1,91.4
Ryan Weber,543901,R,127,5,82.2,107.3,103.2
Tyler Danish,641501,R,663,32,82.2,100.2,94.7
James Naile,664942,R,122,7,82.1,104.1,104.3
Cam Vieaux,664944,L,208,8,82,95.7,92.5
Konnor Pilkington,663455,L,1039,15,82,95.3,90
Adrian Martinez,661309,R,1015,12,81.9,100,97.9
Martin Perez,527048,L,2965,32,81.9,102.8,95.7
Cam Alldred,682027,L,16,1,81.7,111.5,112.1
Dillon Peters,596071,L,633,22,81.6,98.7,96.2
Kolby Allard,663465,L,299,10,81.5,95.4,92.8
Justin Topa,623437,R,125,7,81.4,96.4,95.5
Packy Naughton,676050,L,557,26,81.4,102.2,95.9
Austin Gomber,596295,L,2058,33,81,101.2,95.5
Simeon Woods Richardson,680573,R,91,1,80.8,104.5,96.1
Bailey Falter,663559,L,1319,21,80.7,105.1,96.9
Dakota Hudson,641712,R,2251,27,80.6,97.1,92
Jeurys Familia,544727,R,817,48,80.6,94.8,91.7
Tommy Milone,543548,L,238,7,80.6,106.3,99.3
Adrian Sampson,592716,R,1607,20,80.5,101.9,95.2
Brennan Bernardino,657514,L,41,2,80.5,103.8,100.6
Marco Gonzales,594835,L,2823,32,80.4,102.2,93
Eduardo Rodriguez,593958,L,1468,17,80,100.4,93.8
Kris Bubic,663460,L,2262,28,80,97,92.8
Mike Minor,501985,L,1749,19,79.9,96.6,94.4
Michael Plassmeyer,674681,L,99,2,79.8,98.7,97.8
Ashton Goudeau,623485,R,373,12,79.6,98.4,90.1
Sam Selman,572125,L,291,16,79.6,96.4,93
Ross Detwiler,446321,L,465,29,79.5,103.8,92.2
Anibal Sanchez,434671,R,1232,14,79.2,95.8,88.3
Jackson Tetreault,676194,R,365,4,79.2,98.6,91.3
Johnny Cueto,456501,R,2370,25,79.2,102.7,95.5
Sam Clay,621348,L,99,7,79.1,78.9,78.6
T.J. Zeuch,643615,R,250,3,79,93.7,88
Daniel Castano,641447,L,576,10,78.7,101.1,94.4
Ray Kerr,678061,L,88,7,78.5,85.2,87.5
David Price,456034,L,595,40,78.2,104.1,92.3
Kohei Arihara,685503,R,390,5,77.9,91.2,85.8
Zach Davies,605200,R,2290,27,77.8,101.5,96
Jordan Sheffield,642068,R,37,2,77.7,92.9,88.6
Nate Fisher,688010,L,50,1,77.7,113.8,102.4
Dane Dunning,641540,R,2547,29,77.5,96.8,91.7
Bowden Francis,670102,R,9,1,77,92.2,76.8
Kyle Freeland,607536,L,2835,31,76.9,98.9,91.7
Connor Seabold,657756,R,360,5,76.4,95.2,89.8
Luke Barker,673316,R,54,3,76.4,96.6,82.7
Hyun Jin Ryu,547943,L,395,6,76.3,106.2,96.4
Ethan Small,663629,L,132,2,76.1,86.4,88.3
Franmil Reyes,614177,R,10,1,75.7,64.8,62.9
Jerad Eickhoff,595191,R,83,1,75.7,92.5,87.8
Matt Dermody,571616,L,26,1,75.6,101.7,91
Phoenix Sanders,676637,R,213,8,75.6,107.3,101.6
Cole Irvin,608344,L,2601,30,75.4,104.9,96.1
Humberto Castellanos,528748,R,747,11,75.4,99.1,95.8
Phil Gosselin,594838,R,5,1,75.2,85.5,124.6
Cole Sands,663485,R,602,11,74.9,96.8,92
Kenny Rosenberg,670046,L,193,3,74.6,86.8,86.2
Locke St. John,657766,L,29,1,74.5,111.4,104.8
Angel Rondon,667373,R,86,1,74.3,97.8,87
Oliver Perez,424144,L,73,7,74.3,102.2,92
Matt Peacock,676840,R,148,9,74.1,104.3,96.1
Matt Swarmer,664161,R,656,11,74.1,94.5,89.1
Angel Zerpa,672582,L,159,3,73.9,96.6,91
Zac Lowther,675912,L,100,1,73.9,85.8,84.4
Aaron Fletcher,667465,L,173,9,73.8,89.5,86.5
Drew Carlton,656290,R,120,5,73.6,107.5,95.8
Kevin Herget,643361,R,109,3,73.6,98.3,89.6
T.J. McFarland,519008,L,483,28,73.2,94.2,87.9
Josh VanMeter,642165,R,18,1,73,77.1,71.9
Hunter Gaddis,683769,R,171,2,72.9,101.3,89.8
Tanner Tully,668684,L,116,3,72.7,94.8,88.2
Zach Logue,656657,L,1022,14,72.6,96.5,91.4
Jared Koenig,657649,L,653,10,72.1,94.1,87.4
Michael Pineda,501381,R,730,11,72.1,104.8,90.6
Cody Sedlock,642060,R,71,1,71.9,104,95.8
Kyle Hendricks,543294,R,1346,16,71.9,103,93.7
Zack Britton,502154,L,39,3,71.9,46.6,54.6
Dallas Keuchel,572971,L,1163,14,71.7,98.2,92.3
Alec Mills,621219,R,302,7,71,101.2,91.1
Anderson Espinoza,659262,R,319,6,68.6,81.3,75.9
Brian Moran,572383,L,25,1,66.6,116.2,82
Yennier Cano,666974,R,393,13,66.3,98.7,89.2
Brian Serven,661531,R,8,1,65.9,61.1,80.7
Cesar Valdez,491624,R,16,1,63.9,103.8,78.4
Brendon Little,663893,L,22,1,63.5,78.9,86.8
Ty Blach,621389,L,673,24,62.9,105.4,89.8
Alex Claudio,592222,L,50,3,60.3,98.3,96.3
Tommy Romero,676720,R,191,4,59.6,91.1,78.6
Hanser Alberto,593643,R,16,1,56.1,82.6,82.3
Reese McGuire,624512,R,7,1,56.1,93.2,125.8
Tucker Barnhart,571466,R,1,1,49.9,49.9,59.2
Christian Bethancourt,542194,R,25,3,49.6,99.5,100.5
Luis Torrens,620443,R,1,1,48.8,50.2,53.3
Alcides Escobar,444876,R,9,2,48.1,84.3,81.6
Andrew Knizner,668800,R,11,1,46.6,107,105
Harold Castro,605612,R,11,1,44.7,71.6,57.5
Marwin Gonzalez,503556,R,2,1,41,91.7,81.5
Ryan McKenna,663630,R,16,1,40.3,68.6,64.8
Orlando Arcia,606115,R,10,1,36,65.2,104.1
Austin Wynns,642851,R,20,2,28.6,66.6,72.1
Albert Pujols,405395,R,8,1,25.1,61.2,-68.4
Jack Mayfield,608686,R,13,1,19.4,100.6,83
Matthew Batten,676946,R,9,1,3.8,83.8,30.7
Charlie Culberson,518586,R,1,1,2.1,112,172
Randal Grichuk,545341,R,10,1,-2.3,67,121.6
Carson Kelly,608348,R,35,2,-6.3,87.2,56.8
Garrett Stubbs,596117,R,19,1,-7.5,62,81.1
Corey Dickerson,572816,R,18,1,-22.2,66.9,49.5
Hunter Dozier,641531,R,23,1,-26.8,78.8,75.6
Nick Gordon,624503,R,19,1,-40.1,75.5,23.2
Nicky Lopez,670032,R,4,1,-46.4,49.1,49.8
Michael A. Taylor,572191,R,28,1,-50.2,83.1,42.2
Diego Castillo,660636,R,1,1,-63,45,56
Kody Clemens,665019,R,16,1,-63.4,58.7,51.6
Matt Reynolds,608703,R,1,1,-97,42.6,53
Yadier Molina,425877,R,27,2,-134.4,87,32.6
Josh Harrison,543281,R,7,3,-178.9,85.1,-29.9
Andrelton Simmons,592743,R,4,1,-189.3,69.1,-19.4
Wil Myers,571976,R,7,2,-258.4,121.5,29.6
Whit Merrifield,593160,R,1,1,-910.5,-41.1,-532.4
Yu Chang,644374,R,1,1,-918,124.7,-158.9